{
  "language": "Spanish",
  "texts": [
    [{"Text":"En una aguja."}],
    [{"Text":"Donde está la llama roja."}],
    [{"Text":"En la estatua de Huevo de Escorpión."}],
    ["D",{"Text":"Una habitación oscura."}],
    ["D",{"Text":"Camino rojo."}],
    ["D",{"Text":"Cerca del techo en la habitación \npequeña junto a un camino."}],
    ["D",{"Text":"Llama de la serpiente."}],
    ["D",{"Text":"Camino rojo."}],
    ["D",{"Text":"Saliente en forma de U \nen un camino estrecho."}],
    ["D",{"Text":"Dos pares de piernas \nde diferente longitud."}],
    ["D",{"Text":"Donde está la llama roja."}],
    ["D",{"Text":"La zona en lo alto del pilar \nen un camino estrecho."}],
    ["D",{"Text":"Encima de la entrada."}],
    ["D",{"Text":"Un lugar sombrío."}],
    ["D",{"Text":"Sala bajo el agua \nen la Sala del Huevo de Pescado."}],
    [{"Text":"Mural antiguo oculto."}],
    [{"Text":"Un sitio alto."}],
    [{"Text":"En la estatua de Huevo de Pescado."}],
    ["D",{"Text":"Bajo los jeroglíficos."}],
    ["D",{"Text":"Donde está la llama verde."}],
    ["D",{"Text":"Habitación pequeña al lado \nde la Sala del Huevo de Serpiente."}],
    ["D",{"Text":"Dos pares de piernas \nde diferente longitud."}],
    ["D",{"Text":"Donde está la llama verde."}],
    ["D",{"Text":"La zona en lo alto del pilar \nen un camino estrecho."}],
    [{"Text":"En la sombra de un insecto\nque corre a toda prisa."}],
    [{"Text":"Sala del Huevo de Pescado."}],
    [{"Text":"Escala el pilar."}],
    ["D",{"Text":"Muros de piedra a la derecha,\nizquierda y arriba."}],
    ["D",{"Text":"Sala del Huevo de Pescado."}],
    ["D",{"Text":"En la esquina de la habitación."}],
    ["D",{"Text":"Alas, pero no pueden volar."}],
    ["D",{"Text":"Donde está la llama azul."}],
    ["D",{"Text":"En la aleta de la estatua\nde Huevo de Pescado."}],
    [{"Text":"El techo hexagonal."}],
    [{"Text":"Donde está la llama azul."}],
    [{"Text":"En la estatua de Huevo de Pescado."}],
    [{"Text":"En la marca de Eggman blanca."}],
    [{"Text":"Sala del Huevo de Pescado."}],
    [{"Text":"Cerca del muro en la \nhabitación pequeña."}],
    ["D",{"Text":"Un sitio tranquilo."}],
    ["D",{"Text":"Sala del Huevo de Pescado."}],
    ["D",{"Text":"En el agua."}],
    ["D",{"Text":"¿Seis marcas de Eggman?"}],
    ["D",{"Text":"Camino de la máquina."}],
    ["D",{"Text":"Un camino al lado \nde la Sala del Huevo de Pescado."}],
    ["D",{"Text":"Rojo y plata moviéndose \nde un lado a otro."}],
    ["D",{"Text":"Camino de la máquina."}],
    ["D",{"Text":"Un camino al lado \nde la Sala del Huevo de Pescado."}],
    [{"Text":"Un cuadrado rojo brillante."}],
    [{"Text":"Sala del Huevo de Pescado."}],
    [{"Text":"En medio de una habitación\ncon contenedores."}],
    ["D",{"Text":"¿Vista a gran escala...?"}],
    ["D",{"Text":"Sala del Huevo de Pescado."}],
    ["D",{"Text":"Ojo izquierdo de la estatua\nde Huevo de Pescado."}],
    ["D",{"Text":"Dos caras."}],
    ["D",{"Text":"Donde está la llama verde."}],
    ["D",{"Text":"Cofre de la estatua \nde Huevo de Serpiente."}],
    ["D",{"Text":"Una sombra que se alarga \nde abajo a arriba."}],
    ["D",{"Text":"Donde está la llama verde."}],
    ["D",{"Text":"Detrás de la estatua \nde Huevo de Serpiente."}],
    [{"Text":"Escaleras al revés."}],
    [{"Text":"Sala del Huevo de Serpiente."}],
    [{"Text":"Un techo que parece\nunas escaleras."}],
    [{"Text":"En la sombra de un insecto\nque corre a toda prisa."}],
    [{"Text":"Sala del Huevo de Serpiente."}],
    [{"Text":"Escala el pilar."}],
    [{"Text":"El techo hexagonal."}],
    [{"Text":"Donde está la llama verde."}],
    [{"Text":"Sobre la estatua de Huevo de Serpiente."}],
    ["D",{"Text":"Bajo los jeroglíficos."}],
    ["D",{"Text":"Donde está la llama verde."}],
    ["D",{"Text":"Un camino al lado \nde la Sala del Huevo de Serpiente."}],
    ["D",{"Text":"Cuatro pilares."}],
    ["D",{"Text":"Camino verde."}],
    ["D",{"Text":"La zona en lo alto del pilar \nen un camino estrecho."}],
    ["D",{"Text":"La calavera te está mirando\npor una ranura."}],
    ["D",{"Text":"Camino verde."}],
    ["D",{"Text":"Al lado de un cofre \nen el camino estrecho."}],
    ["D",{"Text":"La cabeza de un cóndor."}],
    ["D",{"Text":"Donde está la llama verde."}],
    ["D",{"Text":"Mural en la Sala \nde Huevo de Serpiente."}],
    ["D",{"Text":"Tres manos."}],
    ["D",{"Text":"Camino verde."}],
    ["D",{"Text":"Cerca del techo en la habitación \npequeña junto a un camino."}],
    [{"Text":"En el centro de \"X\"."}],
    [{"Text":"Una habitación \ncon ocho llamas."}],
    [{"Text":"Un muro en la habitación\ndel Altar de la Serpiente."}],
    [{"Text":"Sobre el escorpión."}],
    [{"Text":"Una habitación con ocho llamas."}],
    [{"Text":"Alrededor del Altar \nde la Serpiente."}],
    [{"Text":"Desde los ojos."}],
    [{"Text":"Una habitación con ocho llamas."}],
    [{"Text":"En un cofre en la habitación\ndel Altar de la Serpiente."}],
    [{"Text":"La cabeza del cóndor."}],
    [{"Text":"Una habitación con ocho llamas."}],
    [{"Text":"Mural en la \nSala del Huevo de Serpiente."}],
    [{"Text":"Habitación de la calavera."}],
    [{"Text":"En un cofre del tesoro."}],
    [{"Text":"Habitación pequeña sobre el techo\nde la Sala del Huevo de Escorpión."}],
    ["D",{"Text":"Dedo corazón blanco."}],
    ["D",{"Text":"Donde está la llama roja."}],
    ["D",{"Text":"Una habitación pequeña al lado\nde la Sala del Huevo de Escorpión."}],
    ["D",{"Text":"Llama de la serpiente."}],
    ["D",{"Text":"Camino estrecho."}],
    ["D",{"Text":"En el contenedor sobre \nel saliente en forma de U."}],
    [{"Text":"Escondrijo del gorila."}],
    [{"Text":"Donde está la llama roja."}],
    [{"Text":"Un ataúd sobre el techo \nde la Sala del Huevo de Escorpión."}],
    [{"Text":"Una habitación con jeroglíficos."}],
    [{"Text":"Donde está la llama azul."}],
    [{"Text":"Cofre del tesoro sobre el techo\nde la Sala del Huevo de Pescado."}],
    [{"Text":"Rey y el sirviente."}],
    [{"Text":"Donde está la llama azul."}],
    [{"Text":"Un ataúd sobre el techo \nde la Sala del Huevo de Escorpión."}],
    [{"Text":"El cóndor despliega sus alas."}],
    [{"Text":"Algo a lo que está mirando \nla serpiente."}],
    [{"Text":"Un cofre del tesoro sobre el techo\nen la Sala del Huevo de Serpiente."}],
    ["D",{"Text":"Una habitación oscura."}],
    ["D",{"Text":"Camino verde."}],
    ["D",{"Text":"Cerca de un techo en la habitación\npequeña junto a un camino."}],
    [{"Text":"Contenedor invisible."}],
    [{"Text":"Cerca de la \nSala del Huevo de Pescado."}],
    [{"Text":"Un contenedor en una habitación\ncon dos barras."}],
    [{"Text":"Un triángulo pilar rojo."}],
    [{"Text":"Cerca de la \nSala del Huevo de Pescado."}],
    [{"Text":"Un contenedor en una habitación\ncon dos barras."}],
    [{"Text":"Marrón entre negro."}],
    [{"Text":"Cerca de la\nSala del Huevo de Pescado."}],
    [{"Text":"Un contenedor en una habitación\ncon dos barras."}],
    ["D",{"Text":"Cóndor dorado."}],
    ["D",{"Text":"Camino verde."}],
    ["D",{"Text":"Un ataúd en una habitación\npequeña junto a un camino."}],
    ["D",{"Text":"Cuatro pilares."}],
    ["D",{"Text":"Camino verde."}],
    ["D",{"Text":"En un contenedor en la esquina\nde una habitación."}],
    ["D",{"Text":"Altar sagrado."}],
    ["D",{"Text":"Camino verde."}],
    ["D",{"Text":"En un ataúd sobre \nel saliente en forma de U."}],
    [{"Text":"Un contenedor negro."}],
    [{"Text":"Altar de la Serpiente."}],
    [{"Text":"En un contenedor en un lado de una\nhabitación pequeña con un altar."}],
    [{"Text":"Habitación de sombra enorme."}],
    [{"Text":"Altar de la Serpiente."}],
    [{"Text":"En un contenedor cerca de un muro\nde una habitación pequeña con altar."}],
    [{"Text":"Eggman semi-oscuro."}],
    [{"Text":"Muro de hierro."}],
    [{"Text":"Enterrado bajo el símbolo Eggman."}],
    [{"Text":"Símbolo Chao en el muro."}],
    [{"Text":"Camino rojo."}],
    [{"Text":"Un jeroglífico de puntos escrito\nen un camino estrecho."}],
    [{"Text":"Rayas blancas y rojas oscuras."}],
    [{"Text":"Sombra de la máquina."}],
    [{"Text":"En un muro cubierto de sombras\nen la Sala del Huevo de Escorpión."}],
    [{"Text":"Huevo de cóndor."}],
    [{"Text":"Una habitación con cuatro llamas."}],
    [{"Text":"Excava bajo el mural \nen la Sala del Huevo de Escorpión."}],
    [{"Text":"Sonic oscuro."}],
    [{"Text":"Azul como Sonic."}],
    [{"Text":"Jeroglífico escrito detrás de un muro\nen la Sala del Huevo de Pescado."}],
    [{"Text":"Signo Chao en el suelo."}],
    [{"Text":"Azul como Chao."}],
    [{"Text":"Marca de un punto en el suelo\nde la Sala del Huevo de Pescado."}],
    [{"Text":"Pájaro negro en la sombra."}],
    [{"Text":"Donde está la llama azul."}],
    [{"Text":"Jeroglífico escrito en la sombra \nde un pilar en la Sala del Huevo de Pescado."}],
    [{"Text":"El segundo al lado del anillo de piedra."}],
    [{"Text":"En el suelo."}],
    [{"Text":"Debajo del contenedor al fondo \nde la Sala del Huevo de Pescado."}],
    [{"Text":"Huevo de cóndor."}],
    [{"Text":"Una habitación con cuatro llamas."}],
    [{"Text":"Excava bajo el mural \nen la Sala del Huevo de Escorpión."}],
    [{"Text":"Calaveras, una frente a la otra."}],
    [{"Text":"Cerca de la \nSala del Huevo de Pescado."}],
    [{"Text":"Enterrado en un muro de una\nhabitación pequeña junto a un camino."}],
    [{"Text":"Un muro grueso."}],
    [{"Text":"Habitación de cóndor."}],
    [{"Text":"Enterrado sobre la llama verde."}],
    [{"Text":"Pedacito de pétalo."}],
    [{"Text":"Sombra de la llama verde."}],
    [{"Text":"Excava bajo el mural \nen la Sala del Huevo de Escorpión."}],
    [{"Text":"Sonic oscuro."}],
    [{"Text":"Sombra del pilar más alto."}],
    [{"Text":"La sombra de un pilar en el Altar de la\nSerpiente revela un jeroglífico de Sonic"}],
    [{"Text":"Chao oscuro."}],
    [{"Text":"Sombra del pilar rojo."}],
    [{"Text":"Jeroglíficos de puntos en las sombras\ndel Altar de la Serpiente."}],
    [{"Text":"Una calavera."}],
    [{"Text":"Una habitación con ocho llamas."}],
    [{"Text":"Cerca del cuello de una serpiente\nenrollada en el altar."}],
    [{"Text":"Chao caliente..."}],
    [{"Text":"Una habitación pequeña con cuatro\nmuros cubiertos de jeroglíficos."}],
    [{"Text":"Cerca de la llama roja pequeña \nal lado del Altar de la Serpiente."}],
    [{"Text":"Eggman de ojos azules."}],
    [{"Text":"Sala del Huevo de Escorpión."}],
    [{"Text":"Excava en el mural \nsobre la puerta de hierro."}],
    [{"Text":"El primer lugar \nal que llegaste."}],
    [{"Text":"Sala del Huevo de Escorpión."}],
    [{"Text":"Enterrado entre dos pilares."}],
    ["D",{"Text":"Omochao y Eggman."}],
    ["D",{"Text":"Donde está la llama roja."}],
    ["D",{"Text":"Excava en el Eggman bajo \nla estatua de Huevo de Escorpión."}],
    [{"Text":"Bajo la cola."}],
    [{"Text":"Donde está la llama roja."}],
    [{"Text":"Enterrado entre la espalda y la cola\nde la estatua de Huevo de Escorpión."}],
    [{"Text":"Centro del anillo."}],
    [{"Text":"Sala del Huevo de Escorpión."}],
    [{"Text":"Bajo la marca de Eggman \nen el suelo."}],
    [{"Text":"Dos pares de piernas \nde diferente longitud."}],
    [{"Text":"Donde está la llama roja."}],
    [{"Text":"Bajo la sombra de pilares pequeños\nentre cuatro pilares."}],
    ["D",{"Text":"Durmiendo bajo un ataúd."}],
    ["D",{"Text":"Donde está la llama roja."}],
    ["D",{"Text":"Bajo el piso de una habitación pequeña\nen la Sala del Huevo de Escorpión."}],
    ["D",{"Text":"Dos hornos fundiéndose."}],
    ["D",{"Text":"Sala del Huevo de Escorpión."}],
    ["D",{"Text":"Enterrado entre dos llamas enormes."}],
    [{"Text":"Seis huevos blancos."}],
    [{"Text":"Cerca de la \nSala del Huevo de Pescado."}],
    [{"Text":"Excava en la marca de Eggman \nen el camino de la máquina."}],
    ["D",{"Text":"Debajo de la tripa."}],
    ["D",{"Text":"Lateral de la piscina."}],
    ["D",{"Text":"Excava cerca de la entrada y \nde la piscina en la Sala del Huevo de Pescado."}],
    ["D",{"Text":"Dos bellas mujeres \ncon caras de pescado."}],
    ["D",{"Text":"Sala del Huevo de Pescado."}],
    ["D",{"Text":"Excava en el centro de un mural."}],
    [{"Text":"Debajo del tesoro."}],
    [{"Text":"Sala del Huevo de Pescado."}],
    [{"Text":"Bajo el piso debajo de un cofre \nen el techo en la Sala del Huevo de Pescado."}],
    [{"Text":"Llamas, una frente a la otra."}],
    [{"Text":"Camino verde."}],
    [{"Text":"Excava entre dos llamas en el muro."}],
    [{"Text":"Tres triángulos."}],
    [{"Text":"Sala del Huevo de Serpiente."}],
    [{"Text":"Excava cerca del escalón pequeño\nen el centro de la habitación."}],
    ["D",{"Text":"Mano en el centro."}],
    ["D",{"Text":"Camino verde."}],
    ["D",{"Text":"Excava cerca del mural \nen el saliente en forma de U."}],
    ["D",{"Text":"Bajo la llama pequeña."}],
    ["D",{"Text":"Llama verde."}],
    ["D",{"Text":"Enterrado bajo la luz en el\ncamino de cuatro pilares."}],
    [{"Text":""}],
    [{"Text":""}],
    [{"Text":""}],
    [{"Text":""}],
    [{"Text":""}],
    [{"Text":""}],
    [{"Text":""}],
    [{"Text":""}],
    [{"Text":""}],
    [{"Text":""}],
    [{"Text":""}],
    [{"Text":""}],
    [{"Text":""}],
    [{"Text":""}],
    [{"Text":""}],
    [{"Text":""}],
    [{"Text":""}],
    [{"Text":""}],
    [{"Text":""}],
    [{"Text":""}],
    [{"Text":""}],
    [{"Text":""}],
    [{"Text":""}],
    [{"Text":""}],
    [{"Text":"Sigue la línea en el muro."}],
    [{"Text":"Un sitio alto."}],
    [{"Text":"Sobre la estatua \nde Huevo de Escorpión."}],
    ["D",{"Text":"Fantasma merodeando..."}],
    ["D",{"Text":"Camino rojo."}],
    ["D",{"Text":"Un camino que parece unas\nescaleras cerca de cuatro pilares."}],
    [{"Text":"Nadando lentamente..."}],
    [{"Text":"Donde está la llama azul."}],
    [{"Text":"Escaleras al revés \nen la Sala del Huevo de Pescado."}],
    ["D",{"Text":"Flotando en el riachuelo..."}],
    ["D",{"Text":"Fuera del alcance de la luz."}],
    ["D",{"Text":"Habitación bajo el agua \nen la Sala del Huevo de Pescado."}],
    ["D",{"Text":"Sacrificio sagrado."}],
    ["D",{"Text":"Moviéndose de un lado a otro\nentre las llamas."}],
    ["D",{"Text":"Haz una patada marcial \nentre dos llamas."}],
    [{"Text":"Un mensaje calavera."}],
    [{"Text":"Donde está la llama verde."}],
    [{"Text":"Techo en forma de escalera \nen la Sala del Huevo de Serpiente."}],
    [{"Text":"Sigue los Rings."}],
    [{"Text":"Habitación con jeroglíficos\nbrillantes."}],
    [{"Text":"Sobre los ocho pilares cerca\ndel Altar de la Serpiente."}],
    [{"Text":"¿¿Jugar al voleibol con una boca???"}],
    [{"Text":"Habitación con jeroglíficos\nbrillantes."}],
    [{"Text":"Una habitación de llamas cerca\ndel Altar de la Serpiente."}],
    ["D",{"Text":"Tres hermanos serpiente."}],
    ["D",{"Text":"En medio de tres llamas."}],
    ["D",{"Text":"El saliente en forma de U\nen un camino estrecho."}],
    [{"Text":"En la mano grande."}],
    [{"Text":"Encima de las llamas."}],
    [{"Text":"La garra derecha \ndel Huevo de Escorpión."}],
    [{"Text":"En medio de una habitación."}],
    [{"Text":"Una habitación sin llamas."}],
    [{"Text":"Haz una patada marcial \ndesde abajo."}],
    [{"Text":"Un lugar rodeado \nde negro y amarillo."}],
    [{"Text":"Una habitación sin llamas."}],
    [{"Text":"Un contenedor al fondo \nde la Sala del Huevo de Pescado."}],
    ["D",{"Text":"Jeroglíficos brillantes."}],
    ["D",{"Text":"Camino de la máquina."}],
    ["D",{"Text":"Suspendido sobre \nun camino de curvas."}],
    [{"Text":"Montando en el cóndor dorado."}],
    [{"Text":"Cerca del techo."}],
    [{"Text":"Una habitación pequeña \nal lado de la Sala del Huevo de Serpiente."}],
    [{"Text":"En medio de la habitación."}],
    [{"Text":"Un lugar rodeado de llamas."}],
    [{"Text":"Suspendido sobre \nel Altar de la Serpiente."}],
    [{"Text":"Debajo del escorpión."}],
    [{"Text":"Un plato de piedra llano."}],
    [{"Text":"Bajo un plato de piedra \ncerca del Altar de la Serpiente."}],
    [{"Text":"Una jaula que no se puede abrir."}],
    [{"Text":"Camino de la máquina."}],
    [{"Text":"Intenta romper la jaula con algo..."}],
    [{"Text":"La cola del escorpión."}],
    [{"Text":"8 serpientes grandes."}],
    [{"Text":"¡Saca al escorpión de la jaula!"}],
    [{"Text":"Una habitación pequeña con plumas."}],
    [{"Text":"Camino de insectos."}],
    [{"Text":"Encuentra el secreto \nen la Sala del Huevo de Serpiente."}],
    ["D",{"Text":"Cabeza amarilla."}],
    ["D",{"Text":"Camino rojo."}],
    ["D",{"Text":"Dentro del robot Eggman."}],
    ["D",{"Text":"Guerrero rojo."}],
    ["D",{"Text":"Un camino con cuatro pilares."}],
    ["D",{"Text":"Dentro del robot Eggman."}],
    ["D",{"Text":"Guerrero rojo."}],
    ["D",{"Text":"Camino rojo."}],
    ["D",{"Text":"Dentro del robot Eggman."}],
    ["D",{"Text":"Cabeza amarilla."}],
    ["D",{"Text":"Un camino con cuatro pilares."}],
    ["D",{"Text":"Dentro del robot Eggman."}],
    ["D",{"Text":"¿¿¿El Capataz???"}],
    ["D",{"Text":"Camino de la máquina."}],
    ["D",{"Text":"El robot-mono al lado \nde la Sala del Huevo de Pescado."}],
    ["D",{"Text":"Cadena perpetua..."}],
    ["D",{"Text":"Camino de la máquina."}],
    ["D",{"Text":"El robot-mono al lado \nde la Sala del Huevo de Pescado."}],
    [{"Text":"Miedo a las alturas."}],
    [{"Text":"Altar de la Serpiente."}],
    [{"Text":"El robo-mono sobre el pilar."}],
    [{"Text":""}],
    [{"Text":""}],
    [{"Text":""}],
    [{"Text":""}],
    [{"Text":""}],
    [{"Text":""}],
    [{"Text":""}],
    [{"Text":""}],
    [{"Text":""}],
    [{"Text":""}],
    [{"Text":""}],
    [{"Text":""}],
    [{"Text":""}],
    [{"Text":""}],
    [{"Text":""}],
    [{"Text":""}],
    [{"Text":""}],
    [{"Text":""}],
    [{"Text":""}],
    [{"Text":""}],
    [{"Text":""}],
    [{"Text":""}],
    [{"Text":""}],
    [{"Text":""}],
    [{"Text":""}],
    [{"Text":""}],
    [{"Text":""}],
    [{"Text":""}],
    [{"Text":""}],
    [{"Text":""}],
    [{"Text":""}],
    [{"Text":""}],
    [{"Text":""}],
    [{"Text":""}],
    [{"Text":""}],
    [{"Text":""}],
    [{"Text":""}],
    [{"Text":""}],
    [{"Text":""}],
    [{"Text":""}],
    [{"Text":""}],
    [{"Text":""}],
    [{"Text":""}],
    [{"Text":""}],
    [{"Text":""}],
    [{"Text":""}],
    [{"Text":""}],
    [{"Text":""}],
    [{"Text":""}],
    [{"Text":""}],
    [{"Text":""}],
    [{"Text":""}],
    [{"Text":""}],
    [{"Text":""}],
    [{"Text":""}],
    [{"Text":""}],
    [{"Text":""}],
    [{"Text":""}],
    [{"Text":""}],
    [{"Text":""}],
    [{"Text":""}],
    [{"Text":""}],
    [{"Text":""}],
    [{"Text":""}],
    [{"Text":""}],
    [{"Text":""}],
    [{"Text":""}],
    [{"Text":""}],
    [{"Text":""}],
    [{"Text":""}],
    [{"Text":""}],
    [{"Text":""}],
    [{"Text":""}],
    [{"Text":""}],
    [{"Text":""}],
    [{"Text":""}],
    [{"Text":""}],
    [{"Text":""}],
    [{"Text":""}],
    [{"Text":""}],
    [{"Text":""}],
    [{"Text":""}],
    [{"Text":""}],
    [{"Text":""}],
    [{"Text":""}],
    [{"Text":""}],
    [{"Text":""}],
    [{"Text":""}],
    [{"Text":""}],
    [{"Text":""}],
    [{"Text":""}],
    [{"Text":""}],
    [{"Text":""}],
    [{"Text":""}],
    [{"Text":""}],
    [{"Text":""}],
    [{"Text":""}],
    [{"Text":""}],
    [{"Text":""}],
    [{"Text":""}],
    [{"Text":""}],
    [{"Text":""}]
  ]
}