{
  "language": "English",
  "texts": [
    [{"Text":"En la cabeza."}],
    [{"Text":"Un sitio alto."}],
    [{"Text":"En un muro con tres caras de piedra."}],
    [{"Text":"En la cabeza."}],
    [{"Text":"Un sitio alto."}],
    [{"Text":"En un muro con tres caras de piedra."}],
    [{"Text":"Lágrimas de un gigante."}],
    [{"Text":"Un sitio alto."}],
    [{"Text":"Bajo el ojo izquierdo de una\nde las tres caras de piedra."}],
    [{"Text":"Monumento de piedra del sol."}],
    [{"Text":"Un sitio alto."}],
    [{"Text":"Sobre el pilar de piedra con\nun círculo rojo, cerca del agua."}],
    [{"Text":"Camino de la tortuga."}],
    [{"Text":"En el agua."}],
    [{"Text":"En frente del pilar rojo al \nfondo del gran oasis."}],
    [{"Text":"Camino de la tortuga."}],
    [{"Text":"En el agua."}],
    [{"Text":"En frente del pilar rojo al \nfondo del gran oasis."}],
    [{"Text":"Detrás de la planta de agua."}],
    [{"Text":"En el agua."}],
    [{"Text":"Cerca de la hoja grande al\nfondo del gran oasis."}],
    [{"Text":"Pilar encantado."}],
    [{"Text":"Un sitio alto."}],
    [{"Text":"En el pilar cerca de las\ntres caras de piedra."}],
    [{"Text":"En el saliente con \ntres círculos rojos."}],
    [{"Text":"Un sitio alto."}],
    [{"Text":"En el saliente encima\ndel gran oasis."}],
    [{"Text":"Ofreciendo."}],
    [{"Text":"Gran oasis."}],
    [{"Text":"En la base de un pilar alto."}],
    [{"Text":"En un pilar hexagonal."}],
    [{"Text":"Gran oasis."}],
    [{"Text":"En lo alto de un pilar\nrojo."}],
    [{"Text":"En un pilar hexagonal."}],
    [{"Text":"Gran oasis."}],
    [{"Text":"En lo alto de un pilar\nrojo."}],
    [{"Text":"Entre los mini pilares."}],
    [{"Text":"Gran oasis."}],
    [{"Text":"En medio del círculo de\nestacas en el gran oasis."}],
    [{"Text":"Flores rojas y pilar rojo."}],
    [{"Text":"Donde hay mariposas."}],
    [{"Text":"Bajo dos pilares rojos en el\ncamino a las tres caras de piedra."}],
    [{"Text":"Pequeña barca abandonada."}],
    [{"Text":"Las tres caras de piedra."}],
    [{"Text":"En la pequeña barca cerca\nde las tres caras de piedra."}],
    [{"Text":"Por el lejano estanque."}],
    [{"Text":"Donde hay mariposas."}],
    [{"Text":"Camino a las tres caras \nde piedra."}],
    [{"Text":"En los pies de una concha."}],
    [{"Text":"En el agua."}],
    [{"Text":"Detrás de una tortuga \nque flota."}],
    [{"Text":"Fuera de la celda \nde una cárcel."}],
    [{"Text":"En el agua."}],
    [{"Text":"Cerca de la valla \npor la cárcel del oasis."}],
    [{"Text":"Balcón bajo el agua."}],
    [{"Text":"En el agua."}],
    [{"Text":"En la repisa bajo el agua\nen el gran oasis."}],
    [{"Text":"Balcón bajo el agua."}],
    [{"Text":"En el agua."}],
    [{"Text":"En la repisa bajo el agua\nen el gran oasis."}],
    [{"Text":"Un montón de caras cuadradas."}],
    [{"Text":"En el césped."}],
    [{"Text":"En el camino que tiene muchos\nbloques cuadrados con ojos."}],
    [{"Text":"Un montón de caras cuadradas."}],
    [{"Text":"En el césped."}],
    [{"Text":"En el camino que tiene muchos\nbloques cuadrados con ojos."}],
    [{"Text":"\"V\" azul y blanca."}],
    [{"Text":"En una piedra."}],
    [{"Text":"En el pilar azul en frente \nde la estatua de la piscina."}],
    [{"Text":"Tesoro de la estatua \nde piedra."}],
    [{"Text":"Cerca del agua."}],
    [{"Text":"Sobre una caja cuadrada que\nsostiene la estatua de la piscina."}],
    [{"Text":"Cabeza de rayas azules."}],
    [{"Text":"En la piedra."}],
    [{"Text":"En la cabeza de la estatua\nde la piscina."}],
    [{"Text":"Cabeza de rayas azules."}],
    [{"Text":"En la piedra."}],
    [{"Text":"En la cabeza de una estatua\nsentada en el oasis pequeño."}],
    [{"Text":"Piscina verde."}],
    [{"Text":"Un sitio alto."}],
    [{"Text":"En un estanque cuadrado\nencima del oasis pequeño."}],
    [{"Text":"La piscina en frente \ndel muro."}],
    [{"Text":"Muy abajo."}],
    [{"Text":"Sobre la piscina pequeña en\nfrente de la pintura del muro."}],
    [{"Text":"Almacén de GUN."}],
    [{"Text":"Un sitio alto."}],
    [{"Text":"Sobre muchos contenedores."}],
    [{"Text":"Almacén de GUN."}],
    [{"Text":"Un sitio alto."}],
    [{"Text":"Sobre muchos contenedores."}],
    [{"Text":"Pantalla gigante."}],
    [{"Text":"Muy abajo."}],
    [{"Text":"En frente de la pintura del muro\nenorme cerca del pequeño oasis."}],
    [{"Text":"Pantalla gigante."}],
    [{"Text":"Muy abajo."}],
    [{"Text":"En frente de la pintura del muro\nenorme cerca del pequeño oasis."}],
    [{"Text":"Detrás de las plantas \nde los pilares."}],
    [{"Text":"Gran oasis."}],
    [{"Text":"En el césped sobre \nel saliente del agua."}],
    [{"Text":"Caja azul."}],
    [{"Text":"Gran oasis."}],
    [{"Text":"En una caja azul cerca del \npilar alto."}],
    [{"Text":"Hoja Emerald."}],
    [{"Text":"Un sitio alto."}],
    [{"Text":"En el saliente de césped\nsobre el gran oasis."}],
    [{"Text":"\"V\" azul y blanca."}],
    [{"Text":"En el agua."}],
    [{"Text":"Detrás del pilar azul en frente\nde la estatua de la piscina."}],
    [{"Text":"Primer piso de los apartamentos\nde las caras de piedra."}],
    [{"Text":"Un sitio estrecho."}],
    [{"Text":"En una caja azul cerca del\nfrente de la piscina."}],
    [{"Text":"Detrás de los escombros."}],
    [{"Text":"En el agua."}],
    [{"Text":"Cerca de la planta de agua frondosa\nal fondo del gran oasis."}],
    [{"Text":"Balcón bajo el agua."}],
    [{"Text":"Gran oasis."}],
    [{"Text":"Bajo la plataforma que sobresale\ndel muro al fondo del estanque."}],
    [{"Text":"Pilar de rayas azules y blancas."}],
    [{"Text":"En el agua."}],
    [{"Text":"Detrás del pilar enterrado al\nfondo del gran oasis."}],
    [{"Text":"En el saliente \ncon tres círculos rojos."}],
    [{"Text":"Un sitio alto."}],
    [{"Text":"En un frasco en el saliente \nsobre el gran oasis."}],
    [{"Text":"Caja azul rodeada de\ncuatro estacas."}],
    [{"Text":"Gran oasis."}],
    [{"Text":"En la caja en la plataforma que\nsobresale del agua."}],
    [{"Text":"Azotea del primer piso de los\napartamentos de las caras de piedra."}],
    [{"Text":"En la piedra."}],
    [{"Text":"En un bloque cuadrado con ojos\ncerca de la estatua de la piscina."}],
    [{"Text":"Primer piso de los apartamentos\nde la cara de piedra."}],
    [{"Text":"En la piedra."}],
    [{"Text":"En un bloque cuadrado con ojos\ncerca de la estatua de la piscina."}],
    [{"Text":"Primer piso de los apartamentos\nde las caras de piedra."}],
    [{"Text":"En la piedra."}],
    [{"Text":"En un bloque cuadrado con ojos\ncerca de la estatua de la piscina."}],
    [{"Text":"Caja azul rodeada de\ncuatro estacas."}],
    [{"Text":"Gran oasis."}],
    [{"Text":"En la caja en la plataforma que\nsobresale del agua."}],
    [{"Text":"Plantas a la sombra."}],
    [{"Text":"Oasis pequeño."}],
    [{"Text":"En las plantas a los pies de\nla estatua sentada."}],
    [{"Text":"Bajo la estrella en \nel almacén de GUN."}],
    [{"Text":"En un frasco."}],
    [{"Text":"Un frasco bajo el resorte\nencima del oasis pequeño."}],
    [{"Text":"Bajo una barbilla."}],
    [{"Text":"Un sitio alto."}],
    [{"Text":"Bajo las tres caras de piedra."}],
    [{"Text":"Bajo una barbilla."}],
    [{"Text":"Un sitio alto."}],
    [{"Text":"Bajo las tres caras de piedra."}],
    [{"Text":"Sobre el pilar inclinado."}],
    [{"Text":"En el agua."}],
    [{"Text":"Coge la tortuga del agua. Te\npuede llevar a algún sitio."}],
    [{"Text":"Cárcel del oasis."}],
    [{"Text":"En el agua."}],
    [{"Text":"Coge la tortuga del agua. Te\npuede llevar a algún sitio."}],
    [{"Text":"Cárcel del oasis."}],
    [{"Text":"En el agua."}],
    [{"Text":"Coge la tortuga del agua. Te\npuede llevar a algún sitio."}],
    [{"Text":"Sobre la tortuga más grande."}],
    [{"Text":"Cerca del agua."}],
    [{"Text":"Sobre el tejado del estanque\ndonde nadan las tortugas."}],
    [{"Text":"¡Centro del blanco!"}],
    [{"Text":"Círculo rojo."}],
    [{"Text":"En frente de un círculo rojo sobre\nun pilar alto en el oasis pequeño."}],
    [{"Text":"Plantas a la sombra."}],
    [{"Text":"Muy abajo."}],
    [{"Text":"Cerca de los pies de la estatua\nsentada en el oasis pequeño."}],
    [{"Text":"Entre los soles que están uno\nen frente del otro."}],
    [{"Text":"Un sitio alto."}],
    [{"Text":"Entre el pilar alto y el saliente \nen el gran oasis."}],
    [{"Text":"Entre los soles que están uno\nen frente del otro."}],
    [{"Text":"Un sitio alto."}],
    [{"Text":"Entre el pilar alto y el saliente \nen el gran oasis."}],
    [{"Text":"Comida para peces."}],
    [{"Text":"Un sitio oscuro."}],
    [{"Text":"Sobre el agua cerca \nde la cárcel del oasis."}],
    [{"Text":"¿Una flor roja en el agua?"}],
    [{"Text":"Cárcel del oasis."}],
    [{"Text":"Detrás del resorte."}],
    [{"Text":"¿Una flor roja en el agua?"}],
    [{"Text":"En el agua."}],
    [{"Text":"Entre dos resortes cerca \nde la estatua de la piscina."}],
    [{"Text":"Debajo de los apartamentos \nde cara de piedra."}],
    [{"Text":"Un lugar sombrío."}],
    [{"Text":"Bajo el peso que se mueve cerca\nde la estatua de la piscina."}],
    [{"Text":"Pilar encantado."}],
    [{"Text":"Un sitio alto."}],
    [{"Text":"Sobre un pilar al que miran \nlas tres caras de piedra."}],
    [{"Text":"En lo alto de una palmera."}],
    [{"Text":"Un sitio alto."}],
    [{"Text":"Sobre la palmera que está cerca\nde las tres caras de piedra."}],
    [{"Text":"¿Un coco?"}],
    [{"Text":"Un sitio alto."}],
    [{"Text":"Sobre la palmera que está cerca\nde las tres caras de piedra."}],
    [{"Text":"Dos pilares enormes."}],
    [{"Text":"Un sitio alto."}],
    [{"Text":"Sobre el pilar rojo enorme en el\ncamino de la tres caras de piedra."}],
    [{"Text":"Túnel de rayas azules y blancas."}],
    [{"Text":"Un sitio estrecho."}],
    [{"Text":"En un frasco dentro del túnel\nen la cárcel del oasis."}],
    [{"Text":"En la esquina de la habitación\ncubierta por jeroglíficos."}],
    [{"Text":"En el agua."}],
    [{"Text":"En la cárcel del oasis."}],
    [{"Text":"Un frasco rodeado \nde tres estacas."}],
    [{"Text":"Muy abajo."}],
    [{"Text":"En un frasco que está por el \nmuro cerca del oasis pequeño."}],
    [{"Text":"Tesoro de la estatua \nde piedra."}],
    [{"Text":"Pequeño oasis."}],
    [{"Text":"En la caja que sostiene \nla estatua sentada."}],
    [{"Text":"Cerca de la silla del gigante."}],
    [{"Text":"Muy abajo."}],
    [{"Text":"Al lado de la silla de la estatua\nsentada en el oasis pequeño."}],
    [{"Text":"¿Un coco?"}],
    [{"Text":"Cerca de una hoja."}],
    [{"Text":"Sobre la palmera que está cerca\ndel oasis pequeño."}],
    [{"Text":"Bajo la plataforma que tiene\ncuatro estacas."}],
    [{"Text":"Gran oasis."}],
    [{"Text":"Entre el saliente del muro \ny el borde del agua."}],
    [{"Text":"Túnel de rayas azules y blancas."}],
    [{"Text":"Un sitio estrecho."}],
    [{"Text":"En el túnel en la cárcel \ndel oasis."}],
    [{"Text":"Planta navaja."}],
    [{"Text":"Un sitio alto."}],
    [{"Text":"En las plantas en el camino\nsobre el oasis pequeño."}],
    [{"Text":"Mini almacén de GUN."}],
    [{"Text":"Un sitio alto."}],
    [{"Text":"En un bloque cuadrado con ojos cerca\nde contenedores en el oasis pequeño."}],
    [{"Text":"Mini almacén de GUN."}],
    [{"Text":"Un sitio alto."}],
    [{"Text":"En un bloque cuadrado con ojos cerca\nde contenedores en el oasis pequeño."}],
    [{"Text":"¿Frasco de GUN?"}],
    [{"Text":"Encima del oasis pequeño."}],
    [{"Text":"En un frasco entre un montón \nde contenedores."}],
    [{"Text":"Almacén de frascos."}],
    [{"Text":"Un sitio alto."}],
    [{"Text":"En un frasco en el camino \nencima del oasis pequeño."}],
    [{"Text":"¿Un coco?"}],
    [{"Text":"Cerca de una hoja."}],
    [{"Text":"Sobre una palmera cerca \ndel oasis pequeño."}],
    [{"Text":""}],
    [{"Text":""}],
    [{"Text":""}],
    [{"Text":""}],
    [{"Text":""}],
    [{"Text":""}],
    [{"Text":""}],
    [{"Text":""}],
    [{"Text":""}],
    [{"Text":""}],
    [{"Text":""}],
    [{"Text":""}],
    [{"Text":""}],
    [{"Text":""}],
    [{"Text":""}],
    [{"Text":""}],
    [{"Text":""}],
    [{"Text":""}],
    [{"Text":""}],
    [{"Text":""}],
    [{"Text":""}],
    [{"Text":""}],
    [{"Text":""}],
    [{"Text":""}],
    [{"Text":"Termómetro Dry Lagoon."}],
    [{"Text":"Oasis pequeño."}],
    [{"Text":"Al lado del pilar grande \nque se mueve."}],
    [{"Text":"Rodea el pequeño sol."}],
    [{"Text":"Gran oasis."}],
    [{"Text":"Cerca del círculo rojo \nsobre el pilar alto."}],
    [{"Text":"Sobre el caparazón \nde la tortuga más grande."}],
    [{"Text":"Cerca del agua."}],
    [{"Text":"Sobre el tejado del estanque\ndonde nadan las tortugas."}],
    [{"Text":"Volando con mariposas."}],
    [{"Text":"Sobre un pilar hexagonal."}],
    [{"Text":"Sobre el pilar rojo en frente \nde las tres cabezas de piedra."}],
    [{"Text":"Moviéndose entre los pilares\ngrandes y pequeños."}],
    [{"Text":"En un valle."}],
    [{"Text":"Flotando en el camino \na las tres caras de piedra."}],
    [{"Text":"Sube y baja las escaleras."}],
    [{"Text":"En un valle."}],
    [{"Text":"Flotando en el camino cerca \nde la estatua de la piscina."}],
    [{"Text":"Túnel de la tortuga."}],
    [{"Text":"En el agua."}],
    [{"Text":"Coge la tortuga para llegar allí...\nA lo mejor lo encuentras."}],
    [{"Text":"Rodea el pilar inclinado."}],
    [{"Text":"En el agua."}],
    [{"Text":"Coge la tortuga para llegar allí... \nA lo mejor lo encuentras."}],
    [{"Text":"Sobre el saliente \ncon tres círculos rojos."}],
    [{"Text":"Gran oasis."}],
    [{"Text":"Haz una patada marcial hacia el centro\ndel saliente con las tres estacas."}],
    [{"Text":"Sobre el saliente \ncon tres círculos rojos."}],
    [{"Text":"Gran oasis."}],
    [{"Text":"Haz una patada marcial\nen frente de la calavera."}],
    [{"Text":"El lugar de dónde \nproviene el agua."}],
    [{"Text":"En el agua."}],
    [{"Text":"Sobre el agujero al fondo \ndel gran oasis."}],
    [{"Text":"Túnel de la tortuga."}],
    [{"Text":"Gran oasis."}],
    [{"Text":"Entrada del túnel de donde sale \nel agua al fondo del oasis."}],
    [{"Text":"En forma de \"V\"."}],
    [{"Text":"Muy abajo."}],
    [{"Text":"Entre los dos troncos \nde la palmera."}],
    [{"Text":"Bajo la cara de la tortuga."}],
    [{"Text":"Muy abajo."}],
    [{"Text":"Muy al fondo bajo el techo del\nestanque donde nadan las tortugas."}],
    [{"Text":"En frente de los ladrillos blancos."}],
    [{"Text":"Oasis pequeño."}],
    [{"Text":"Entre el pilar alto \ny los ladrillos blancos."}],
    [{"Text":"Tesoro de la mariposa."}],
    [{"Text":"Un sitio alto."}],
    [{"Text":"En el centro del anillo en el cielo\nencima del oasis pequeño."}],
    [{"Text":"La Emerald que está más alta."}],
    [{"Text":"Sobre el oasis pequeño."}],
    [{"Text":"Rompe el contenedor de madera en el\nsaliente en frente del almacén de GUN."}],
    [{"Text":"Cava para coger la Emerald."}],
    [{"Text":"En el cielo encima \ndel oasis pequeño."}],
    [{"Text":"Cava un hoyo en frente de la Emerald\ncerca de la pintura en el muro gigante."}],
    [{"Text":"Hoyo sin fondo."}],
    [{"Text":"Gran oasis."}],
    [{"Text":"Ponlo bajo el agua."}],
    [{"Text":""}],
    [{"Text":""}],
    [{"Text":""}],
    [{"Text":""}],
    [{"Text":""}],
    [{"Text":""}],
    [{"Text":""}],
    [{"Text":""}],
    [{"Text":""}],
    [{"Text":""}],
    [{"Text":""}],
    [{"Text":""}],
    [{"Text":""}],
    [{"Text":""}],
    [{"Text":""}],
    [{"Text":"Guarda de GUN del almacén."}],
    [{"Text":"Un sitio alto."}],
    [{"Text":"En la máquina de GUN cerca \nde muchos contenedores."}],
    [{"Text":"Protector del estanque."}],
    [{"Text":"Un sitio alto."}],
    [{"Text":"La máquina de GUN en el camino\nencima del oasis pequeño."}],
    [{"Text":"Protector del frasco."}],
    [{"Text":"Un sitio alto."}],
    [{"Text":"La máquina de GUN en el camino."}],
    [{"Text":"Protector del frasco."}],
    [{"Text":"Un sitio alto."}],
    [{"Text":"La máquina de GUN en el camino."}],
    [{"Text":"Guarda de GUN del almacén."}],
    [{"Text":"Un sitio alto."}],
    [{"Text":"Máquina de GUN \nen el camino."}],
    [{"Text":""}],
    [{"Text":""}],
    [{"Text":""}],
    [{"Text":""}],
    [{"Text":""}],
    [{"Text":""}],
    [{"Text":""}],
    [{"Text":""}],
    [{"Text":""}],
    [{"Text":""}],
    [{"Text":""}],
    [{"Text":""}],
    [{"Text":""}],
    [{"Text":""}],
    [{"Text":""}],
    [{"Text":""}],
    [{"Text":""}],
    [{"Text":""}],
    [{"Text":""}],
    [{"Text":""}],
    [{"Text":""}],
    [{"Text":""}],
    [{"Text":""}],
    [{"Text":""}],
    [{"Text":""}],
    [{"Text":""}],
    [{"Text":""}],
    [{"Text":""}],
    [{"Text":""}],
    [{"Text":""}],
    [{"Text":""}],
    [{"Text":""}],
    [{"Text":""}],
    [{"Text":""}],
    [{"Text":""}],
    [{"Text":""}],
    [{"Text":""}],
    [{"Text":""}],
    [{"Text":""}],
    [{"Text":""}],
    [{"Text":""}],
    [{"Text":""}],
    [{"Text":""}],
    [{"Text":""}],
    [{"Text":""}],
    [{"Text":""}],
    [{"Text":""}],
    [{"Text":""}],
    [{"Text":""}],
    [{"Text":""}],
    [{"Text":""}],
    [{"Text":""}],
    [{"Text":""}],
    [{"Text":""}],
    [{"Text":""}],
    [{"Text":""}],
    [{"Text":""}],
    [{"Text":""}],
    [{"Text":""}],
    [{"Text":""}],
    [{"Text":""}],
    [{"Text":""}],
    [{"Text":""}],
    [{"Text":""}],
    [{"Text":""}],
    [{"Text":""}],
    [{"Text":""}],
    [{"Text":""}],
    [{"Text":""}],
    [{"Text":""}],
    [{"Text":""}],
    [{"Text":""}],
    [{"Text":""}],
    [{"Text":""}],
    [{"Text":""}],
    [{"Text":""}],
    [{"Text":""}],
    [{"Text":""}],
    [{"Text":""}],
    [{"Text":""}],
    [{"Text":""}],
    [{"Text":""}],
    [{"Text":""}],
    [{"Text":""}],
    [{"Text":""}],
    [{"Text":""}],
    [{"Text":""}],
    [{"Text":""}],
    [{"Text":""}],
    [{"Text":""}],
    [{"Text":""}],
    [{"Text":""}],
    [{"Text":""}]
  ]
}