{
  "language": "English",
  "texts": [
    [{"Text":"Sad-eyed pumpkin."}],
    [{"Text":"From Ghost train mountain,\nyou can see..."}],
    [{"Text":"On the mountain shaped\nlike a pumpkin ghost."}],
    ["D",{"Text":"Under the tracks."}],
    ["D",{"Text":"Ghost train mountain."}],
    ["D",{"Text":"Rocky wall under the rotary platform."}],
    ["D",{"Text":"Twin skulls."}],
    ["D",{"Text":"Church mountain."}],
    ["D",{"Text":"At the bottom of the mountain."}],
    [{"Text":"Laughing pumpkin."}],
    [{"Text":"Between Church mountain\nand Pumpkin mountain."}],
    [{"Text":"On the top of the mountain \nshaped like a pumpkin ghost."}],
    ["D",{"Text":"Scramble for the Emeralds!"}],
    ["D",{"Text":"Pumpkin mountain."}],
    ["D",{"Text":"Between the trees facing each other\nin the middle of the mountain."}],
    [{"Text":"Sad-eyed pumpkin."}],
    [{"Text":"From Pumpkin mountain, you can see..."}],
    [{"Text":"On the mountain shaped\nlike a pumpkin ghost."}],
    ["D",{"Text":"It's about to fall off."}],
    ["D",{"Text":"Pumpkin snowman."}],
    ["D",{"Text":"Pumpkin altar at the\nbottom of the mountain."}],
    ["D",{"Text":"The rocket path."}],
    ["D",{"Text":"Pumpkin mountain."}],
    ["D",{"Text":"On the rocket behind the mountain."}],
    ["D",{"Text":"Under the chimney."}],
    ["D",{"Text":"Ghost train mountain."}],
    ["D",{"Text":"Rocky wall with oval tracks."}],
    ["D",{"Text":"It's a floor, but it's also a ceiling?"}],
    ["D",{"Text":"Ghost train mountain."}],
    ["D",{"Text":"Under the overhanging steel platform."}],
    ["D",{"Text":"Scramble for the Emeralds!"}],
    ["D",{"Text":"Ghost train mountain."}],
    ["D",{"Text":"Between the trees facing each other."}],
    ["D",{"Text":"Skulls on the right and left."}],
    ["D",{"Text":"Ghost train mountain."}],
    ["D",{"Text":"Steel beam near the oval tracks."}],
    ["D",{"Text":"A path lined with rings."}],
    ["D",{"Text":"Ghost train mountain."}],
    ["D",{"Text":"Steel beam near the oval tracks."}],
    ["D",{"Text":"Three-faced ghost."}],
    ["D",{"Text":"Near Ghost train mountain."}],
    ["D",{"Text":"On the path near the\nbottom of the mountain."}],
    ["D",{"Text":"Second skull from the top,\nfifth from the bottom."}],
    ["D",{"Text":"Ghost train mountain."}],
    ["D",{"Text":"Steel beam near the oval tracks."}],
    ["D",{"Text":"Under the chimney."}],
    ["D",{"Text":"Ghost train mountain."}],
    ["D",{"Text":"Rocky wall under the rotary platform."}],
    ["D",{"Text":"Turns but doesn't turn."}],
    ["D",{"Text":"On the rusty steel platform."}],
    ["D",{"Text":"Ghost train's rotating platform."}],
    ["D",{"Text":"Second skull from the top,\nfifth from the bottom."}],
    ["D",{"Text":"Ghost train mountain."}],
    ["D",{"Text":"Steel beam near the oval tracks."}],
    ["D",{"Text":"Tells time..."}],
    ["D",{"Text":"Church mountain."}],
    ["D",{"Text":"Place where the church bell used to be."}],
    ["D",{"Text":"Tombstone by some grass."}],
    ["D",{"Text":"On the top of the mountain."}],
    ["D",{"Text":"Church graveyard."}],
    ["D",{"Text":"Shady place."}],
    ["D",{"Text":"Behind a thick rocky wall."}],
    ["D",{"Text":"Church mountain."}],
    ["D",{"Text":"It's about to fall off."}],
    ["D",{"Text":"Church mountain."}],
    ["D",{"Text":"Roof of the Church."}],
    ["D",{"Text":"Very high up."}],
    ["D",{"Text":"Church mountain."}],
    ["D",{"Text":"On the roof of the church."}],
    ["D",{"Text":"Path of the ghost train."}],
    ["D",{"Text":"On the tracks."}],
    ["D",{"Text":"Church mountain."}],
    ["D",{"Text":"The skull marks the spot."}],
    ["D",{"Text":"Church mountain."}],
    ["D",{"Text":"Ghost train crosses the rocky wall."}],
    ["D",{"Text":"A three-faced ghost? "}],
    ["D",{"Text":"Church mountain."}],
    ["D",{"Text":"Above the ghost tree."}],
    ["D",{"Text":"The tombstone guarded by four skulls."}],
    ["D",{"Text":"Near Church mountain."}],
    ["D",{"Text":"Behind a tombstone on\nthe passageway in the air."}],
    ["D",{"Text":"It's a floor and also a ceiling."}],
    ["D",{"Text":"Church mountain."}],
    ["D",{"Text":"Under the overhanging steel platform."}],
    ["D",{"Text":"Pumpkin family."}],
    ["D",{"Text":"Pumpkin mountain."}],
    ["D",{"Text":"Behind the pumpkin on\nthe top of the mountain."}],
    ["D",{"Text":"Three skull brothers."}],
    ["D",{"Text":"Pumpkin mountain."}],
    ["D",{"Text":"Behind the blazing fire skull\nstatue on the mountainside."}],
    ["D",{"Text":"Laughing into tears."}],
    ["D",{"Text":"Pumpkin mountain."}],
    ["D",{"Text":"In front of a big Pumpkin\non the top of the mountain."}],
    ["D",{"Text":"A three-foot gap."}],
    ["D",{"Text":"Pumpkin mountain."}],
    ["D",{"Text":"Near the foot of stairs\non top of the mountain."}],
    ["D",{"Text":"Three metal barrels."}],
    ["D",{"Text":"In the metal barrel on the cliff."}],
    ["D",{"Text":"Ghost train mountain."}],
    ["D",{"Text":"Sleepless house."}],
    ["D",{"Text":"Ghost train mountain."}],
    ["D",{"Text":"In the center of the round tracks."}],
    ["D",{"Text":"You can see it, but you can't take it..."}],
    ["D",{"Text":"Church mountain."}],
    ["D",{"Text":"In a cage on the mountainside."}],
    ["D",{"Text":"There is only one on the cliff."}],
    ["D",{"Text":"Church mountain."}],
    ["D",{"Text":"In the metal barrel."}],
    ["D",{"Text":"Ghost train station."}],
    ["D",{"Text":"Pumpkin mountain."}],
    ["D",{"Text":"Pumpkin station on the mountainside."}],
    ["D",{"Text":"The person you are waiting\nfor finally arrived."}],
    ["D",{"Text":"Pumpkin mountain."}],
    ["D",{"Text":"Pumpkin station on the mountainside."}],
    ["D",{"Text":"Scarecrow's house."}],
    ["D",{"Text":"Pumpkin mountain."}],
    ["D",{"Text":"In a hut on the mountainside."}],
    ["D",{"Text":"Cold iron bars..."}],
    ["D",{"Text":"Passageway leads to the mountains."}],
    ["D",{"Text":"A cage between Ghost train mountain\nand Pumpkin mountain."}],
    ["D",{"Text":"Forgotten hut."}],
    ["D",{"Text":"Ghost train mountain."}],
    ["D",{"Text":"In the hut on the cliff."}],
    ["D",{"Text":"Twin huts."}],
    ["D",{"Text":"Ghost train mountain."}],
    ["D",{"Text":"By the oval tracks."}],
    ["D",{"Text":"Double containers."}],
    ["D",{"Text":"Ghost train mountain."}],
    ["D",{"Text":"The cliff on the mountain\nwith round tracks."}],
    ["D",{"Text":"Forgotten hut."}],
    ["D",{"Text":"Church mountain."}],
    ["D",{"Text":"In a hut on the mountainside."}],
    ["D",{"Text":"Three metal barrels."}],
    ["D",{"Text":"Church mountain."}],
    ["D",{"Text":"In the metal barrel on the cliff."}],
    ["D",{"Text":"Double containers."}],
    ["D",{"Text":"Church mountain."}],
    ["D",{"Text":"The cliff near the\nfoot of the mountain."}],
    ["D",{"Text":"Double containers."}],
    ["D",{"Text":"Pumpkin mountain."}],
    ["D",{"Text":"A container on the top\nof the mountain."}],
    ["D",{"Text":"A farm house."}],
    ["D",{"Text":"Pumpkin mountain."}],
    ["D",{"Text":"A hut on the top of the mountain."}],
    [{"Text":"King of the hill."}],
    [{"Text":"Under the car that fires a cannon."}],
    [{"Text":"From Ghost train mountain, \nglide towards the balloon!"}],
    ["D",{"Text":"When you do something bad,\nthis might happen..."}],
    ["D",{"Text":"Near Ghost train mountain."}],
    ["D",{"Text":"Under the tombstone far away."}],
    [{"Text":"Sad-eyed pumpkin."}],
    [{"Text":"A ghost face mountain."}],
    [{"Text":"The right eye of the mountain\nshaped like a pumpkin ghost."}],
    [{"Text":"Three against three\nstaring at each other? "}],
    [{"Text":"Ghost train mountain."}],
    [{"Text":"Between the ghost trees\nfacing each other."}],
    [{"Text":"A place you can hear the horn."}],
    [{"Text":"Ghost train mountain."}],
    [{"Text":"Try placing the ghost train at\nthe bottom using the rotary switch..."}],
    ["D",{"Text":"When you do something bad,\nthis might happen..."}],
    ["D",{"Text":"Church mountain"}],
    ["D",{"Text":"A lonely tombstone at\nthe bottom of the mountain."}],
    ["D",{"Text":"Lost pumpkin."}],
    ["D",{"Text":"In the ground."}],
    ["D",{"Text":"On Church mountain hillside."}],
    ["D",{"Text":"Three brothers' tombstone."}],
    ["D",{"Text":"In the center of a triangle."}],
    ["D",{"Text":"A graveyard at the bottom\nof Church mountain."}],
    ["D",{"Text":"In the center of a triangle."}],
    ["D",{"Text":"Church mountain."}],
    ["D",{"Text":"Between three ghost trees\nat the bottom of the mountain."}],
    [{"Text":"A place where you can hear the horn."}],
    [{"Text":"Church mountain."}],
    [{"Text":"Under the tracks on the mountainside."}],
    ["D",{"Text":"Bearded mountain...?"}],
    ["D",{"Text":"Church mountain."}],
    ["D",{"Text":"In the middle of some grass growing \non the side of a tall mountain."}],
    [{"Text":"A place where flames cross."}],
    [{"Text":"Pumpkin mountain."}],
    [{"Text":"Between three skull statues\non the mountainside."}],
    [{"Text":"A place where you can hear the horn."}],
    [{"Text":"Pumpkin mountain."}],
    [{"Text":"Under the tracks on the mountainside."}],
    ["D",{"Text":"Three scarecrow brothers."}],
    ["D",{"Text":"Pumpkin mountain."}],
    ["D",{"Text":"Between three scarecrows \non the mountainside."}],
    [{"Text":"Suffering from a stuffed nose?"}],
    [{"Text":"A ghost face mountain."}],
    [{"Text":"A nose of the mountain \nshaped like a pumpkin ghost."}],
    [{"Text":"Terrible! A skull buried\nin the rocky wall!"}],
    [{"Text":"Pumpkin mountain."}],
    [{"Text":"Try scaling a mountain from the\nfront without using a rocket!"}],
    ["D",{"Text":"Three brothers' tombstone."}],
    ["D",{"Text":"Ghost train mountain."}],
    ["D",{"Text":"Under the tombstone behind a tunnel."}],
    ["D",{"Text":"Under the chimney."}],
    ["D",{"Text":"Ghost train mountain."}],
    ["D",{"Text":"Rocky cliff under\nthe rotary platform."}],
    ["D",{"Text":"A tombstone near some grass."}],
    ["D",{"Text":"Ghost train mountain."}],
    ["D",{"Text":"Under some grass by a\ntombstone behind a tunnel."}],
    ["D",{"Text":"Chimney near some grass."}],
    ["D",{"Text":"Ghost train mountain."}],
    ["D",{"Text":"By the grass roots growing on\nthe chimney near the rotary platform."}],
    ["D",{"Text":"Sleep with the dead..."}],
    ["D",{"Text":"On the top of the mountain."}],
    ["D",{"Text":"Church graveyard."}],
    ["D",{"Text":"Sleep with the dead..."}],
    ["D",{"Text":"On the top of the mountain."}],
    ["D",{"Text":"Church graveyard."}],
    ["D",{"Text":"Sleep with the dead..."}],
    ["D",{"Text":"Near Church mountain."}],
    ["D",{"Text":"Behind a tombstone  near the\npassageway in the air."}],
    ["D",{"Text":"Lonely tombstone."}],
    ["D",{"Text":"Church mountain."}],
    ["D",{"Text":"In a tombstone on the mountainside."}],
    ["D",{"Text":"Pumpkins who don't get along."}],
    ["D",{"Text":"Pumpkin field."}],
    ["D",{"Text":"Between pumpkins\nsitting back to back."}],
    ["D",{"Text":"A place you can't jump..."}],
    ["D",{"Text":"Pumpkin field."}],
    ["D",{"Text":"Place you can dig but can't jump to,\nuse the Y button to select action window."}],
    ["D",{"Text":"Pumpkin snowman."}],
    ["D",{"Text":"In the rocky wall."}],
    ["D",{"Text":"Rocky wall by the Pumpkin altar \nat the foot of the mountain."}],
    ["D",{"Text":"Pumpkin family."}],
    ["D",{"Text":"On Papa's back."}],
    ["D",{"Text":"Behind a big pumpkin\nin a pumpkin field."}],
    ["D",{"Text":"Pumpkin triangle."}],
    ["D",{"Text":"Pumpkin mountain."}],
    ["D",{"Text":"Between three pumpkins that\nyou can find using a rocket."}],
    ["D",{"Text":"Under a chimney."}],
    ["D",{"Text":"Pumpkin mountain."}],
    ["D",{"Text":"Near the foot of the only chimney \nin the pumpkin field."}],
    ["D",{"Text":"A scarecrow protecting a container."}],
    ["D",{"Text":"Pumpkin mountain."}],
    ["D",{"Text":"By the foot of a scarecrow \non the mountainside."}],
    ["D",{"Text":"Sleep behind a pumpkin."}],
    ["D",{"Text":"Pumpkin mountain."}],
    ["D",{"Text":"Behind a pumpkin that\nyou can find using a rocket!"}],
    [{"Text":"King of the hill."}],
    [{"Text":"Ghost train mountain."}],
    [{"Text":"In the ground protected by a cannon."}],
    ["D",{"Text":"In the ground where the tracks are."}],
    ["D",{"Text":"Ghost train mountain."}],
    ["D",{"Text":"Near the oval tracks by\nthe foot of the mountain."}],
    ["D",{"Text":"In the ground where the tracks are."}],
    ["D",{"Text":"Ghost train mountain."}],
    ["D",{"Text":"Near the end of the tracks that \nlead to the rotary platform."}],
    ["D",{"Text":"Six skulls are watching..."}],
    ["D",{"Text":"In the ground."}],
    ["D",{"Text":"A place surrounded by a skull fence\non the passageway through the air."}],
    ["D",{"Text":"Three brothers' tombstone."}],
    ["D",{"Text":"Church mountain."}],
    ["D",{"Text":"In the ground surrounded\nby three tombstones."}],
    ["D",{"Text":"Sleep with the dead..."}],
    ["D",{"Text":"On the top of the mountain."}],
    ["D",{"Text":"Somewhere around the\ngraveyard near the church."}],
    ["D",{"Text":"A place close to heaven."}],
    ["D",{"Text":"Pumpkin mountain."}],
    ["D",{"Text":"It's buried on the top\nof the mountain..."}],
    ["D",{"Text":"Four heroes."}],
    ["D",{"Text":"Pumpkin field."}],
    ["D",{"Text":"Area surrounded by scarecrows."}],
    [{"Text":"Wander around in a circle..."}],
    [{"Text":"Ghost train mountain."}],
    [{"Text":"Move the ghost train to the top of\nthe mountain using the rotary switch."}],
    ["D",{"Text":"Step back from the platform\nand wait for the next arrival."}],
    ["D",{"Text":"Pumpkin mountain."}],
    ["D",{"Text":"Go around a circle by train."}],
    ["D",{"Text":"Endless journey."}],
    ["D",{"Text":"Church mountain."}],
    ["D",{"Text":"Go around a circle by train."}],
    [{"Text":"Wander around in a circle."}],
    [{"Text":"Ghost train mountain."}],
    [{"Text":"Try placing the ghost train at the\nbottom using the rotary switch."}],
    ["D",{"Text":"On patrol?"}],
    ["D",{"Text":"Pumpkin mountain."}],
    ["D",{"Text":"Go slowly around the \noutside of the Pumpkin field."}],
    [{"Text":"Angel's ring."}],
    [{"Text":"A mountain with a ghost face."}],
    [{"Text":"Circle the mountain\nwith an angry face."}],
    [{"Text":"Ghost pumpkin's necklace!"}],
    [{"Text":"A mountain with a ghost face."}],
    [{"Text":"Circle the mountain with a sad face."}],
    ["D",{"Text":"A missile path."}],
    ["D",{"Text":"Church mountain."}],
    ["D",{"Text":"A rocket launch pad at\nthe bottom of the mountain."}],
    [{"Text":"Noise upstairs and downstairs!"}],
    [{"Text":"Ghost train mountain."}],
    [{"Text":"Way down the rotary platform..."}],
    [{"Text":"Flattened grass."}],
    [{"Text":"Ghost train mountain."}],
    [{"Text":"Under the grass of the\npath of the iron ball."}],
    [{"Text":"On the dangerous material."}],
    [{"Text":"Near Ghost train mountain."}],
    [{"Text":"On the path that leads\nto Pumpkin mountain."}],
    ["D",{"Text":"You can see it, but you can't take it!"}],
    ["D",{"Text":"Church mountain."}],
    ["D",{"Text":"In a cage at the bottom\nof the mountain."}],
    [{"Text":"Ghost train's guidepost."}],
    [{"Text":"In the air."}],
    [{"Text":"Church mountain."}],
    ["D",{"Text":"Pray for a good harvest\nat a holy place."}],
    ["D",{"Text":"In the air."}],
    ["D",{"Text":"When you see Pumpkin mountain from\nwhere the church bell used be..."}],
    [{"Text":"A pumpkin with a creepy\nsmile is looking at...?"}],
    [{"Text":"Near a mountain with a ghost face."}],
    [{"Text":"Try looking around from the\nmountain with a creepy smile."}],
    [{"Text":"Flaming Emeralds."}],
    [{"Text":"Three skull brothers."}],
    [{"Text":"At the bottom of Pumpkin mountain."}],
    [{"Text":"Under the mountain?"}],
    [{"Text":"A rusty steel platform above."}],
    [{"Text":"Under the mountain\nwith round tracks."}],
    [{"Text":"Lively cheer from the skulls."}],
    [{"Text":"In the rocky wall."}],
    [{"Text":"A place where the flame crosses."}],
    [{"Text":"There is a secret in that church!"}],
    [{"Text":"Do you have your sunglasses?"}],
    [{"Text":"Try wearing your sunglasses \nat the top of the church..."}],
    ["D",{"Text":"King of the hill."}],
    ["D",{"Text":"Ghost train mountain."}],
    ["D",{"Text":"In a car that fires a cannon."}],
    ["D",{"Text":"Three brothers' tombstone."}],
    ["D",{"Text":"Church mountain."}],
    ["D",{"Text":"A ghost at the bottom of\nthe mountain is holding...?"}],
    ["D",{"Text":""}],
    ["D",{"Text":""}],
    ["D",{"Text":""}],
    ["D",{"Text":""}],
    ["D",{"Text":""}],
    ["D",{"Text":""}],
    ["D",{"Text":""}],
    ["D",{"Text":""}],
    ["D",{"Text":""}],
    ["D",{"Text":""}],
    ["D",{"Text":""}],
    ["D",{"Text":""}],
    ["D",{"Text":""}],
    ["D",{"Text":""}],
    ["D",{"Text":""}],
    ["D",{"Text":""}],
    ["D",{"Text":""}],
    ["D",{"Text":""}],
    ["D",{"Text":""}],
    ["D",{"Text":""}],
    ["D",{"Text":""}],
    ["D",{"Text":""}],
    ["D",{"Text":""}],
    ["D",{"Text":""}],
    ["D",{"Text":""}],
    ["D",{"Text":""}],
    ["D",{"Text":""}],
    ["D",{"Text":""}],
    ["D",{"Text":""}],
    ["D",{"Text":""}],
    ["D",{"Text":""}],
    ["D",{"Text":""}],
    ["D",{"Text":""}],
    ["D",{"Text":""}],
    ["D",{"Text":""}],
    ["D",{"Text":""}],
    ["D",{"Text":""}],
    ["D",{"Text":""}],
    ["D",{"Text":""}],
    ["D",{"Text":""}],
    ["D",{"Text":""}],
    ["D",{"Text":""}],
    ["D",{"Text":""}],
    ["D",{"Text":""}],
    ["D",{"Text":""}],
    ["D",{"Text":""}],
    ["D",{"Text":""}],
    ["D",{"Text":""}],
    ["D",{"Text":""}],
    ["D",{"Text":""}],
    ["D",{"Text":""}],
    ["D",{"Text":""}],
    ["D",{"Text":""}],
    ["D",{"Text":""}],
    ["D",{"Text":""}],
    ["D",{"Text":""}],
    ["D",{"Text":""}],
    ["D",{"Text":""}],
    ["D",{"Text":""}],
    ["D",{"Text":""}],
    ["D",{"Text":""}],
    ["D",{"Text":""}],
    ["D",{"Text":""}],
    ["D",{"Text":""}],
    ["D",{"Text":""}],
    ["D",{"Text":""}],
    ["D",{"Text":""}],
    ["D",{"Text":""}],
    ["D",{"Text":""}],
    ["D",{"Text":""}],
    ["D",{"Text":""}],
    ["D",{"Text":""}],
    ["D",{"Text":""}],
    ["D",{"Text":""}],
    ["D",{"Text":""}],
    ["D",{"Text":""}],
    ["D",{"Text":""}],
    ["D",{"Text":""}],
    ["D",{"Text":""}],
    ["D",{"Text":""}],
    ["D",{"Text":""}],
    ["D",{"Text":""}],
    ["D",{"Text":""}],
    ["D",{"Text":""}],
    ["D",{"Text":""}],
    ["D",{"Text":""}],
    ["D",{"Text":""}],
    ["D",{"Text":""}],
    ["D",{"Text":""}],
    ["D",{"Text":""}],
    ["D",{"Text":""}],
    ["D",{"Text":""}],
    ["D",{"Text":""}],
    ["D",{"Text":""}],
    ["D",{"Text":""}],
    ["D",{"Text":""}],
    ["D",{"Text":""}],
    ["D",{"Text":""}],
    ["D",{"Text":""}],
    ["D",{"Text":""}],
    ["D",{"Text":""}],
    ["D",{"Text":""}],
    ["D",{"Text":""}],
    ["D",{"Text":""}],
    ["D",{"Text":""}],
    ["D",{"Text":""}],
    ["D",{"Text":""}],
    ["D",{"Text":""}],
    ["D",{"Text":""}],
    ["D",{"Text":""}],
    ["D",{"Text":""}],
    ["D",{"Text":""}],
    ["D",{"Text":""}],
    ["D",{"Text":""}],
    ["D",{"Text":""}],
    ["D",{"Text":""}],
    ["D",{"Text":""}]
  ]
}