{
  "language": "English",
  "texts": [
    ["D",{"Text":"assor ecul al noc enoclab"}],
    ["D",{"Text":"Il luogo più in basso."}],
    ["D",{"Text":"Non è sotto la piattaforma con una\nluce rossa su una torre capovolta."}],
    ["D",{"Text":"aiccor anu us ecserc ehc olleioig nu"}],
    ["D",{"Text":"Il meteorite più piccolo."}],
    ["D",{"Text":"Lontano da una roccia verde\nsopra un meteorite galleggiante."}],
    ["D",{"Text":"aiccor anu us ecserc ehc olleioig nu"}],
    ["D",{"Text":"Il meteorite più piccolo."}],
    ["D",{"Text":"Lontano da una roccia verde\nsopra un meteorite galleggiante."}],
    ["D",{"Text":"aluspac alled odnof li"}],
    ["D",{"Text":"Meteorite senza erba."}],
    ["D",{"Text":"Non è sulla capsula\nsotto il meteorite-capsula."}],
    ["D",{"Text":"aluspac alled àtimmos al"}],
    ["D",{"Text":"Meteorite senza erba."}],
    ["D",{"Text":"Non è sulla capsula\nsotto il meteorite-capsula."}],
    ["D",{"Text":"àtivarg id etiroetem led\netnaiggellag amrofattaip al"}],
    ["D",{"Text":"Il meteorite più grande."}],
    ["D",{"Text":"Non è sulla pietra quadrata luminosa\nche sta galleggiando."}],
    ["D",{"Text":"àtivarg id etiroetem led\netnaiggellag amrofattaip al"}],
    ["D",{"Text":"Il meteorite più grande."}],
    ["D",{"Text":"Non è sulla pietra quadrata luminosa\nche sta galleggiando."}],
    ["D",{"Text":"irebla ilg eredev rep\natserof alla oniciv opport"}],
    ["D",{"Text":"Un luogo molto in alto."}],
    ["D",{"Text":"Non è sotto il punto di partenza."}],
    ["D",{"Text":"assor ecul al noc enoclab"}],
    ["D",{"Text":"Il luogo più in basso."}],
    ["D",{"Text":"Non è sulla piattaforma con una luce\nrossa su una torre rovesciata."}],
    ["D",{"Text":"ulb ecul al noc enoclab"}],
    ["D",{"Text":"Il luogo più in basso."}],
    ["D",{"Text":"Non è sulla piattaforma con una luce\nblu su una torre capovolta."}],
    ["D",{"Text":"allaig ecul al noc enoclab"}],
    ["D",{"Text":"Il luogo più in basso."}],
    ["D",{"Text":"Non è sulla piattaforma con una luce\ngialla su una torre capovolta."}],
    ["D",{"Text":"oren erotinetnoc led enoclab"}],
    ["D",{"Text":"Il luogo più in basso."}],
    ["D",{"Text":"Non è su una piattaforma con u\nncontenitore nero su una torre capovolta."}],
    [{"Text":"elanogatto acitsilissim oicnal id amrofattaip"}],
    [{"Text":"Un luogo che non è pianeggiante."}],
    [{"Text":"Non è su una piattaforma raggiungibile\ncon un razzo su un meteorite di crateri."}],
    [{"Text":"elanogatto acitsilissim oicnal id amrofattaip"}],
    [{"Text":"Un luogo che non è pianeggiante."}],
    [{"Text":"Non è su una piattaforma raggiungibile\ncon un razzo su un meteorite di crateri."}],
    ["D",{"Text":"itaroloc irotinetnoc ert"}],
    ["D",{"Text":"Un luogo che non è stretto."}],
    ["D",{"Text":"Non è nel contenitore\ncon le luci blu."}],
    ["D",{"Text":"itaroloc irotinetnoc ert"}],
    ["D",{"Text":"Un luogo che non è stretto."}],
    ["D",{"Text":"Non è sul contenitore\ncon le luci gialle."}],
    ["D",{"Text":"arutrepa aznes erotinetnoc li"}],
    ["D",{"Text":"Non è un luogo stretto e lungo."}],
    ["D",{"Text":"Non è sui contenitori collegati\nsotto la torre capovolta."}],
    ["D",{"Text":"ulb ecul id oihcrec"}],
    ["D",{"Text":"Non è la zona segnata."}],
    ["D",{"Text":"Non è la zona vicino alla luce blu\npiù lontana sul meteorite più grande."}],
    ["D",{"Text":"alotoic anu ni edrev"}],
    ["D",{"Text":"Il luogo dove non puoi scavare."}],
    ["D",{"Text":"È lontano dalla pietra verde\nsopra il meteorite galleggiante."}],
    ["D",{"Text":"airatilos asac"}],
    ["D",{"Text":"Il meteorite più piccolo."}],
    ["D",{"Text":"Non è vicino alla pietra verde accanto\nalla capanna sul meteorite galleggiante."}],
    ["D",{"Text":"atanilcni ecul"}],
    ["D",{"Text":"Il meteorite più piccolo."}],
    ["D",{"Text":"Alla base di una lunga luce inclinata\nsul meteorite galleggiante."}],
    ["D",{"Text":"airatilos asac"}],
    ["D",{"Text":"Un luogo pianeggiante."}],
    ["D",{"Text":"Non è di fronte all'edificio\nsul pianeta più grande."}],
    ["D",{"Text":"ebmag ert noc anihccam alled acile"}],
    ["D",{"Text":"Meteorite piccolo."}],
    ["D",{"Text":"Non è sulla macchina con tre tubi\nsul meteorite-capsula."}],
    ["D",{"Text":"ebmag ert noc 1 .n anihccam"}],
    ["D",{"Text":"Meteorite senza erba."}],
    ["D",{"Text":"Non è sulla macchina con i tubi\nsul meteorite-capsula."}],
    ["D",{"Text":"ebmag ert noc 3 .n anihccam"}],
    ["D",{"Text":"Meteorite senza erba."}],
    ["D",{"Text":"Non è sulla macchina con i tubi\nsul meteorite-capsula."}],
    ["D",{"Text":"ossor odoihc"}],
    ["D",{"Text":"Meteorite piccolo."}],
    ["D",{"Text":"Non è la zona che brilla\nsul meteorite-capsula."}],
    ["D",{"Text":"2 .n abmag"}],
    ["D",{"Text":"Dove non c'è il verde."}],
    ["D",{"Text":"Non è sulla macchina con i tubi\nsul meteorite-capsula."}],
    ["D",{"Text":"allaig ecul id oihcrec"}],
    ["D",{"Text":"Il meteorite senza gravità."}],
    ["D",{"Text":"Non è vicino alla luce gialla\nsul meteorite rotondo."}],
    ["D",{"Text":"allaig ecul id oihcrec"}],
    ["D",{"Text":"Il meteorite senza gravità."}],
    ["D",{"Text":"Non è vicino alla luce gialla\nsul meteorite rotondo."}],
    ["D",{"Text":"etiroetem led oirateirporp led asac al"}],
    ["D",{"Text":"Il luogo dove non puoi scavare."}],
    ["D",{"Text":"Non è sotto l'edificio\nsul meteorite rotondo."}],
    ["D",{"Text":"atailgabs ecul"}],
    ["D",{"Text":"Un luogo pianeggiante."}],
    ["D",{"Text":"Non è vicino alla luce blu solitaria\nsul pianeta rotondo."}],
    ["D",{"Text":"acnats ecul"}],
    ["D",{"Text":"Un luogo pianeggiante."}],
    ["D",{"Text":"Non è la luce gialla caduta\nsul meteorite rotondo."}],
    ["D",{"Text":"etnalov erotinetnoc"}],
    ["D",{"Text":"Il luogo più in basso."}],
    ["D",{"Text":"Non è una cassa su una piattaforma\ncon una luce rossa su una torre capovolta."}],
    ["D",{"Text":"etnalov erotinetnoc"}],
    ["D",{"Text":"Il luogo più in basso."}],
    ["D",{"Text":"Non è nella cassa galleggiante sopra\nuna piattaforma su una torre capovolta."}],
    ["D",{"Text":"otanidrosid otisoped"}],
    ["D",{"Text":"Un luogo basso."}],
    ["D",{"Text":"Non è nei due contenitori collegati\nche galleggiano."}],
    ["D",{"Text":"erotinetnoc nu ni erotinetnoc nu"}],
    ["D",{"Text":"Un luogo basso."}],
    ["D",{"Text":"Non è nei due contenitori collegati\nche galleggiano."}],
    ["D",{"Text":"etiroetem li arpos atour ehc assac al"}],
    ["D",{"Text":"Il meteorite più piccolo."}],
    ["D",{"Text":"Nella cassa bianca galleggiante sopra\nil meteorite galleggiante."}],
    ["D",{"Text":"issor idoihc i art"}],
    ["D",{"Text":"Meteorite piccolo."}],
    ["D",{"Text":"Non rompere la cassa di legno tra le\npiattaforme sul meteorite-capsula."}],
    ["D",{"Text":"anul alla oniciv etnaiggellag assac al"}],
    ["D",{"Text":"Il meteorite più grande."}],
    ["D",{"Text":"Non è in una cassa bianca galleggiante\ndietro il simbolo della luna."}],
    ["D",{"Text":"amrofattaip alled esab alla"}],
    ["D",{"Text":"Il luogo più in alto."}],
    ["D",{"Text":"Non è nella cassa bianca\nsu cui si trova la gabbia."}],
    ["D",{"Text":"aiggellag non ehc erotinetnoc li"}],
    ["D",{"Text":"Il luogo più in basso."}],
    ["D",{"Text":"Non è una cassa su una piattaforma\ncon una luce rossa su una torre capovolta."}],
    ["D",{"Text":"itaroloc erotinetnoc ert"}],
    ["D",{"Text":"Un luogo che non è piccolo."}],
    ["D",{"Text":"Non è nella cassa nel contenitore\ncon una luce rossa."}],
    ["D",{"Text":"erotinetnoc nu ni erotinetnoc nu"}],
    ["D",{"Text":"Il luogo che non è piccolo."}],
    ["D",{"Text":"Non è nella cassa nel contenitore\ncon una luce gialla."}],
    ["D",{"Text":"essor icul ad atadnocric assac anu"}],
    ["D",{"Text":"Un luogo basso."}],
    ["D",{"Text":"Non è in una cassa su una piattaforma\nsotto la torre capovolta."}],
    ["D",{"Text":"onretni'lla è non"}],
    ["D",{"Text":"Un luogo pianeggiante."}],
    ["D",{"Text":"Non è nella roccia che arde sopra\nil meteorite galleggiante."}],
    ["D",{"Text":"ulb ecul id oihcrec"}],
    ["D",{"Text":"Il meteorite più piccolo."}],
    ["D",{"Text":"Non è nella roccia che arde sopra\nil meteorite galleggiante."}],
    ["D",{"Text":"abre'llus ongel id nollirac"}],
    ["D",{"Text":"Meteorite piccolo."}],
    ["D",{"Text":"Non è una cassa di legno\ngalleggiante sopra il meteorite-capsula."}],
    ["D",{"Text":"itla ipit i art"}],
    ["D",{"Text":"Meteorite senza erba."}],
    ["D",{"Text":"Non è tra le due luci sul\nmeteorite-capsula."}],
    [{"Text":"icul el ettut onocsinuir is evod"}],
    [{"Text":"Lontano da una torre capovolta."}],
    [{"Text":"Non è in un muro sotto una stella\nsu una piattaforma gialla con le luci."}],
    ["D",{"Text":"asociccippa allets"}],
    ["D",{"Text":"Lontano da una torre capovolta."}],
    ["D",{"Text":"Non scavare in una stella sul muro\ndi una piattaforma con sei cerchi."}],
    ["D",{"Text":"asoclauq art anul al"}],
    ["D",{"Text":"Lontano da una torre capovolta."}],
    ["D",{"Text":"Non scavare nel simbolo di una luna su\nuna piattaforma con molte luci rosse."}],
    [{"Text":"anarts anul"}],
    [{"Text":"Lontano da una torre capovolta."}],
    [{"Text":"Non scavare nei simboli della luna su\nuna piattaforma con luci rosse."}],
    ["D",{"Text":"assor ecul al allirb iuc us allets al"}],
    ["D",{"Text":"Lontano da una torre capovolta."}],
    ["D",{"Text":"Non scavare nei simboli delle stelle sul\nmuro di una piattaforma con luci blu."}],
    ["D",{"Text":"asolocirep anul"}],
    ["D",{"Text":"Lontano da una torre capovolta."}],
    ["D",{"Text":"Non scavare nel simbolo di una luna\nvicino alla palla d'acciaio con luci blu."}],
    ["D",{"Text":"asolocirep anul"}],
    ["D",{"Text":"Lontano da una torre capovolta."}],
    ["D",{"Text":"Non scavare nel simbolo di una luna\nvicino alla palla d'acciaio con luci blu."}],
    ["D",{"Text":"ihcub noc eretarc"}],
    ["D",{"Text":"Il meteorite più piccolo."}],
    ["D",{"Text":"Non è la base di una pietra che cresce\nsopra un meteorite segnato."}],
    ["D",{"Text":"atanilcni ecul alled esab alla"}],
    ["D",{"Text":"Il meteorite più piccolo."}],
    ["D",{"Text":"Non scavare alla base della lunga luce\nvicino alla roccia verde."}],
    ["D",{"Text":"oiub len airatilos ecul"}],
    ["D",{"Text":"Il meteorite più piccolo."}],
    ["D",{"Text":"Non scavare sotto la luce solitaria\nsul meteorite galleggiante."}],
    [{"Text":"ottiffos lus anul anu"}],
    [{"Text":"Meteorite piccolo."}],
    [{"Text":"Non scavare sotto il simbolo di\nuna luna sotto il meteorite-capsula!"}],
    ["D",{"Text":"asolocirep anul"}],
    ["D",{"Text":"Grande spazio aperto."}],
    ["D",{"Text":"Non scavare sotto la luna vicino a\nuna trappola sul meteorite-capsula!"}],
    [{"Text":"asolocirep allets"}],
    [{"Text":"Grande spazio aperto."}],
    [{"Text":"Non scavare vicino alla stella accanto alle sfere\nsulla piattaforma accanto al meteorite-capsula."}],
    [{"Text":"arbmo'llen edrev aiccor al"}],
    [{"Text":"Un meteorite senza gravità."}],
    [{"Text":"Non scavare nella zona sopra le rocce\nverdi nell'ombra di un treno volante."}],
    ["D",{"Text":"etracamref ossorg"}],
    ["D",{"Text":"Il luogo più in alto."}],
    ["D",{"Text":"Non scavare al centro della piattaforma\npiù bassa con il peso che si muove."}],
    [{"Text":"aicurb ehc onaidraug nu a otnacca allets"}],
    [{"Text":"Il luogo più in alto."}],
    [{"Text":"Non scavare vicino alla stella sulla\npiattaforma più bassa con meteoriti infuocati."}],
    [{"Text":"ollaig len ulb"}],
    [{"Text":"Un luogo basso."}],
    [{"Text":"Non è sotto la luna sulla piattaforma\ngialla vicino alla struttura blu sospesa."}],
    ["D",{"Text":"ecul al ottos allets al"}],
    ["D",{"Text":"Un luogo basso."}],
    ["D",{"Text":"Non è sotto una luna su una\npiattaforma gialla vicino a una torre capovolta."}],
    ["D",{"Text":"asociccippa allets"}],
    ["D",{"Text":"Lontano da una torre capovolta."}],
    ["D",{"Text":"Non scavare sotto una stella su\nuna piattaforma con molte luci blu."}],
    ["D",{"Text":"asociccippa allets"}],
    ["D",{"Text":"Lontano da una torre capovolta."}],
    ["D",{"Text":"Non scavare sotto una stella su\nuna piattaforma con molte luci blu."}],
    ["D",{"Text":"asociccippa allets"}],
    ["D",{"Text":"Lontano da una torre capovolta."}],
    ["D",{"Text":"Non scavare sotto una stella su\nuna piattaforma con molte luci blu."}],
    ["D",{"Text":"avatnemua non ehc ecul al"}],
    ["D",{"Text":"Un luogo pianeggiante."}],
    ["D",{"Text":"Non scavare sotto la luce corta\nin alto sul meteorite galleggiante."}],
    ["D",{"Text":"airatilos e etsirt ecul"}],
    ["D",{"Text":"Un luogo pianeggiante."}],
    ["D",{"Text":"Non scavare sotto la luce corta\nin alto sul meteorite galleggiante."}],
    ["D",{"Text":"aren assac al ottos"}],
    ["D",{"Text":"Il meteorite più piccolo."}],
    ["D",{"Text":"Non scavare sotto il contenitore i\nnalto sul meteorite galleggiante."}],
    ["D",{"Text":"1 .n anihccam alled abmag alla amic ni"}],
    ["D",{"Text":"Dove non è inclinato."}],
    ["D",{"Text":"Non scavare sotto il cartello \"1\" della\nmacchina dei tubi sul meteorite-capsula!"}],
    ["D",{"Text":"3 .n anihccam alled abmag alla amic ni"}],
    ["D",{"Text":"Dove non è inclinato."}],
    ["D",{"Text":"Non scavare sotto il cartello \"3\"della\nmacchina dei tubi sul meteorite-capsula!"}],
    ["D",{"Text":"airetarp allen airatilos allets"}],
    ["D",{"Text":"Meteorite piccolo."}],
    ["D",{"Text":"Non scavare sotto il simbolo della\nstella sul meteorite con l'erba!"}],
    ["D",{"Text":"ottet nu ottos allets al"}],
    ["D",{"Text":"Grande meteorite."}],
    ["D",{"Text":"Non scavare sotto una stella sotto\nun edificio sul meteorite rotondo!"}],
    ["D",{"Text":"atailgabs ecul"}],
    ["D",{"Text":"Un luogo pianeggiante."}],
    ["D",{"Text":"Non scavare sotto la luce blu\nsul meteorite rotondo!"}],
    [{"Text":"arret alla aniciv ùip allets al"}],
    [{"Text":"Il luogo più in alto."}],
    [{"Text":"Non scavare nel simbolo della stella\nsulla piattaforma più bassa."}],
    ["D",{"Text":"?...ecserc ehc edrev noc etnecserc anuL"}],
    ["D",{"Text":"Il luogo più in alto."}],
    ["D",{"Text":"Non scavare dietro la luna sulla\npiattaforma più bassa con rocce verdi."}],
    [{"Text":"enul eud art"}],
    [{"Text":"Il luogo più in alto."}],
    [{"Text":"Non scavare tra due lune\nsopra la piattaforma più bassa."}],
    [{"Text":""}],
    [{"Text":""}],
    [{"Text":""}],
    [{"Text":""}],
    [{"Text":""}],
    [{"Text":""}],
    [{"Text":""}],
    [{"Text":""}],
    [{"Text":""}],
    [{"Text":""}],
    [{"Text":""}],
    [{"Text":""}],
    [{"Text":""}],
    [{"Text":""}],
    [{"Text":""}],
    [{"Text":""}],
    [{"Text":""}],
    [{"Text":""}],
    [{"Text":""}],
    [{"Text":""}],
    [{"Text":""}],
    [{"Text":""}],
    [{"Text":""}],
    [{"Text":""}],
    [{"Text":"eretarc led ottenogav"}],
    [{"Text":"etiroetem la\nonrotni arig ehc onert li"}],
    [{"Text":"etiroetem la\nonrotni arig ehc onert li"}],
    [{"Text":"oren erotinetnoc led enoclab"}],
    [{"Text":"ulb erotinetnoc led enoclab"}],
    [{"Text":"itaroloc erotinetnoc ert"}],
    [{"Text":"itaroloc erotinetnoc ert"}],
    [{"Text":"ocitsilissim oicnal id emrofattaip ert"}],
    [{"Text":"assor ecul al noc\nenoclab lad otudac oren erotinetnoc li"}],
    ["D",{"Text":"ulb ecul al noc enoclab"}],
    ["D",{"Text":"arutrepa aznes erotinetnoc li"}],
    ["D",{"Text":"ossor otardauq"}],
    ["D",{"Text":"esab alla iren erotinetnoc id oppurg nu"}],
    ["D",{"Text":"etnedra aiccor id emes"}],
    ["D",{"Text":"ebmag ert noc enihccam el art"}],
    ["D",{"Text":"allaig otlom amrofattaip"}],
    ["D",{"Text":"etiroetem la odnof ni"}],
    ["D",{"Text":"ollortnoc id anoz\nalled onretse'lla amrofattaip al"}],
    ["D",{"Text":"odipar kcik wercs"}],
    ["D",{"Text":"elissim led onaidraug"}],
    ["D",{"Text":"ollaig enoclab led onaidraug"}],
    ["D",{"Text":"ocifelam odiuqil"}],
    ["D",{"Text":"eretarc len adiuqil arutaerc"}],
    ["D",{"Text":"ulb ollatsideip lus ulb ocimen li"}],
    [{"Text":"erotinetnoc\nli eggetorp ehc anihccam al"}],
    [{"Text":"Un luogo basso."}],
    [{"Text":"Non sotto un contenitore nero sopra una \npiattaforma con una torre luminosa rossa."}],
    [{"Text":"ulb ecul al noc enoclab"}],
    [{"Text":"Il luogo più in basso."}],
    [{"Text":"Non puoi usare un razzo su una\npiattaforma con una torre di luce gialla."}],
    ["D",{"Text":"arutrepa aznes erotinetnoc li"}],
    ["D",{"Text":"Sul terreno."}],
    ["D",{"Text":"Non in un contenitore i\nnbasso sulla torre capovolta."}],
    ["D",{"Text":"ossor otardauq"}],
    ["D",{"Text":"Un luogo basso."}],
    ["D",{"Text":"Sotto una luce lampeggiante i\nncima a una torre capovolta."}],
    ["D",{"Text":"esab alla\niren erotinetnoc id oppurg nu"}],
    ["D",{"Text":"Il luogo più in alto."}],
    ["D",{"Text":"Non è tra i contenitori neri\ngalleggianti in basso."}],
    [{"Text":"etnedra aiccor id emes"}],
    [{"Text":"Un luogo pianeggiante."}],
    [{"Text":"Nella roccia rossa che arde\nsul meteorite galleggiante."}],
    [{"Text":"ebmag ert noc enihccam el art"}],
    [{"Text":"Meteorite piccolo."}],
    [{"Text":"Non tra la macchina n. 1 e n. 2 co\nntubi sul meteorite-capsula."}],
    [{"Text":"allaig otlom amrofattaip"}],
    [{"Text":"Il meteorite senza gravità."}],
    [{"Text":"Non è su una piattaforma con luci\ngialle sul meteorite rotondo."}],
    [{"Text":"etiroetem la odnof ni"}],
    [{"Text":"Sul terreno."}],
    [{"Text":"Non è subito sotto\nil meteorite rotondo."}],
    [{"Text":"ollortnoc id anoz\nalled onretse'lla amrofattaip al"}],
    [{"Text":"Il meteorite più grande."}],
    [{"Text":"Non è l'unica piattaforma galleggiante\nsubito sotto il meteorite rotondo."}],
    [{"Text":"odipar kcik wercs"}],
    [{"Text":"Il luogo più in basso."}],
    [{"Text":"Non usare quella tecnica sopra la stella\nsulla piattaforma con la trappola che gira."}],
    ["D",{"Text":"elissim led onaidraug"}],
    ["D",{"Text":"Un luogo che non è pianeggiante."}],
    ["D",{"Text":"Non è un nemico che puoi raggiungere\ncon un razzo su un meteorite di crateri."}],
    ["D",{"Text":"ollaig enoclab led onaidraug"}],
    ["D",{"Text":"Un luogo basso."}],
    ["D",{"Text":"Non è la macchina della GUN su una piattaforma\ncon una luce gialla accanto a una torre blu."}],
    ["D",{"Text":"ocifelam odiuqil"}],
    ["D",{"Text":"Un luogo basso."}],
    ["D",{"Text":"Un nemico su una grande piattaforma\nvicino a una torre blu non ce l'ha."}],
    ["D",{"Text":"eretarc len adiuqil arutaerc"}],
    ["D",{"Text":"Un luogo pianeggiante."}],
    ["D",{"Text":"Non sconfiggere il nemico dell'acqua\nsul meteorite con un cratere."}],
    ["D",{"Text":"ulb ollatsideip\nlus ulb ocimen li"}],
    ["D",{"Text":"Il luogo più in alto."}],
    ["D",{"Text":"Non disturbare il nemico dell'acqua\nsulla piattaforma con una luce blu."}],
    ["D",{"Text":"erotinetnoc li eggetorp ehc anihccam al"}],
    ["D",{"Text":"Lontano da una torre capovolta."}],
    ["D",{"Text":"Non sconfiggere la macchina della\nGUN sui contenitori collegati."}],
    ["D",{"Text":""}],
    ["D",{"Text":""}],
    ["D",{"Text":""}],
    ["D",{"Text":""}],
    ["D",{"Text":""}],
    ["D",{"Text":""}],
    ["D",{"Text":""}],
    ["D",{"Text":""}],
    ["D",{"Text":""}],
    ["D",{"Text":""}],
    ["D",{"Text":""}],
    ["D",{"Text":""}],
    ["D",{"Text":""}],
    ["D",{"Text":""}],
    ["D",{"Text":""}],
    ["D",{"Text":""}],
    ["D",{"Text":""}],
    ["D",{"Text":""}],
    ["D",{"Text":""}],
    ["D",{"Text":""}],
    ["D",{"Text":""}],
    ["D",{"Text":""}],
    ["D",{"Text":""}],
    ["D",{"Text":""}],
    ["D",{"Text":""}],
    ["D",{"Text":""}],
    ["D",{"Text":""}],
    ["D",{"Text":""}],
    ["D",{"Text":""}],
    ["D",{"Text":""}],
    ["D",{"Text":""}],
    ["D",{"Text":""}],
    ["D",{"Text":""}],
    ["D",{"Text":""}],
    ["D",{"Text":""}],
    ["D",{"Text":""}],
    ["D",{"Text":""}],
    ["D",{"Text":""}],
    ["D",{"Text":""}],
    ["D",{"Text":""}],
    ["D",{"Text":""}],
    ["D",{"Text":""}],
    ["D",{"Text":""}],
    ["D",{"Text":""}],
    ["D",{"Text":""}],
    ["D",{"Text":""}],
    ["D",{"Text":""}],
    ["D",{"Text":""}],
    ["D",{"Text":""}],
    ["D",{"Text":""}],
    ["D",{"Text":""}],
    ["D",{"Text":""}],
    ["D",{"Text":""}],
    ["D",{"Text":""}],
    ["D",{"Text":""}],
    ["D",{"Text":""}],
    ["D",{"Text":""}],
    ["D",{"Text":""}],
    ["D",{"Text":""}],
    ["D",{"Text":""}],
    ["D",{"Text":""}],
    ["D",{"Text":""}],
    ["D",{"Text":""}],
    ["D",{"Text":""}],
    ["D",{"Text":""}],
    ["D",{"Text":""}],
    ["D",{"Text":""}],
    ["D",{"Text":""}],
    ["D",{"Text":""}],
    ["D",{"Text":""}],
    ["D",{"Text":""}],
    ["D",{"Text":""}],
    ["D",{"Text":""}],
    ["D",{"Text":""}],
    ["D",{"Text":""}],
    ["D",{"Text":""}],
    ["D",{"Text":""}],
    ["D",{"Text":""}],
    ["D",{"Text":""}],
    ["D",{"Text":""}],
    ["D",{"Text":""}],
    ["D",{"Text":""}],
    ["D",{"Text":""}],
    ["D",{"Text":""}],
    ["D",{"Text":""}],
    ["D",{"Text":""}],
    ["D",{"Text":""}],
    ["D",{"Text":""}],
    ["D",{"Text":""}],
    ["D",{"Text":""}],
    ["D",{"Text":""}],
    ["D",{"Text":""}],
    ["D",{"Text":""}],
    ["D",{"Text":""}],
    ["D",{"Text":""}],
    ["D",{"Text":""}],
    ["D",{"Text":""}],
    ["D",{"Text":""}],
    ["D",{"Text":""}],
    ["D",{"Text":""}],
    ["D",{"Text":""}],
    ["D",{"Text":""}],
    ["D",{"Text":""}],
    ["D",{"Text":""}],
    ["D",{"Text":""}]
  ]
}