{
  "language": "English",
  "texts": [
    [{"Text":"Schutz für \"Blau\""}],
    [{"Text":"Ein dunkler Raum"}],
    [{"Text":"Zwischen den Kisten"}],
    [{"Text":"Klimaanlage der Security Hall"}],
    [{"Text":"Ein dunkler Raum "}],
    [{"Text":"Auf dem ROTEN Schalter"}],
    ["D",{"Text":"Ein von Lasern geschützter Raum"}],
    ["D",{"Text":"\"A\"-Block"}],
    ["D",{"Text":"Zwischen den Kisten"}],
    ["D",{"Text":"Dort oben versteckt..."}],
    ["D",{"Text":"\"A\"-Block"}],
    ["D",{"Text":"Auf dem quadratischen Luftschacht"}],
    ["D",{"Text":"Dort oben versteckt..."}],
    ["D",{"Text":"\"B\"-Block"}],
    ["D",{"Text":"Auf dem quadratischen Luftschacht"}],
    ["D",{"Text":"Es ist Decke und Boden zugleich"}],
    ["D",{"Text":"GELBER Boden"}],
    ["D",{"Text":"Zwischen \"B\"-Block und \"C\"-Block"}],
    ["D",{"Text":"Dort oben versteckt..."}],
    ["D",{"Text":"\"C\"-Block"}],
    ["D",{"Text":"Nahe der Decke"}],
    ["D",{"Text":"Ein drei Fuß breiter Spalt"}],
    ["D",{"Text":"\"C\"-Block"}],
    ["D",{"Text":"Auf dem Luftschacht \nauf dem GELBEN Boden"}],
    ["D",{"Text":"Ein von Stacheln geschützter Raum"}],
    ["D",{"Text":"Sackgasse"}],
    ["D",{"Text":"Am Ende vom \"A\"-Block"}],
    ["D",{"Text":"Nutzloser Tresor"}],
    ["D",{"Text":"GELBER Boden"}],
    ["D",{"Text":"\"A\"-Block"}],
    ["D",{"Text":"Nutzloser Tresor"}],
    ["D",{"Text":"BLAUER Boden"}],
    ["D",{"Text":"\"A\"-Block"}],
    ["D",{"Text":"Zwei sich gegenüberstehende Container"}],
    ["D",{"Text":"\"A\"-Block"}],
    ["D",{"Text":"Auf dem quadratischen Luftschacht"}],
    ["D",{"Text":"Zweifarbiger Container"}],
    ["D",{"Text":"\"A\"-Block"}],
    ["D",{"Text":"Auf einer großen Kiste"}],
    ["D",{"Text":"Ein von Lasern geschützter Ort"}],
    ["D",{"Text":"BLAUER Boden"}],
    ["D",{"Text":"Am Ende vom \"A\"-Block"}],
    ["D",{"Text":"Zwei sich gegenüberstehende Container"}],
    ["D",{"Text":"\"A\"-Block"}],
    ["D",{"Text":"Auf dem Zaun"}],
    ["D",{"Text":"Dort oben versteckt..."}],
    ["D",{"Text":"\"A\"-Block"}],
    ["D",{"Text":"Unter dem quadratischen Luftschacht"}],
    ["D",{"Text":"Nutzloser Tresor"}],
    ["D",{"Text":"GELBER Boden"}],
    ["D",{"Text":"\"B\"-Block"}],
    ["D",{"Text":"Nutzloser Tresor"}],
    ["D",{"Text":"BLAUER Boden"}],
    ["D",{"Text":"\"B\"-Block"}],
    [{"Text":"Auf ____ reitend?"}],
    [{"Text":"GELBER Boden"}],
    [{"Text":"\"B\"-Block"}],
    [{"Text":"Auf ____ reitend?"}],
    [{"Text":"Nahe der Decke"}],
    [{"Text":"Zwischen \"A\"-Block und \"B\"-Block"}],
    ["D",{"Text":"Unter dem unzerstörbaren Container"}],
    ["D",{"Text":"\"B\"-Block"}],
    ["D",{"Text":"Unter dem quadratischen Luftschacht"}],
    ["D",{"Text":"Schwarze und gelbe Streifen"}],
    ["D",{"Text":"Bei der Wand"}],
    ["D",{"Text":"In der Ecke von \"A\"-Block und \"B\"-Block"}],
    [{"Text":"Du kannst es vom Boden aus sehen, \naber nicht vom Boden aus hingelangen"}],
    [{"Text":"Der Platz, an dem du oft vorbeikommst"}],
    [{"Text":"Durchgang zum oberen Raum"}],
    ["D",{"Text":"Zweifarbiger Container"}],
    ["D",{"Text":"\"B\"-Block"}],
    ["D",{"Text":"Ein kleiner Raum mit einer Rakete"}],
    ["D",{"Text":"Nutzloser Tresor"}],
    ["D",{"Text":"BLAUER Boden"}],
    ["D",{"Text":"\"C\"-Block"}],
    ["D",{"Text":"Nutzloser Tresor"}],
    ["D",{"Text":"GELBER Boden"}],
    ["D",{"Text":"\"C\"-Block"}],
    ["D",{"Text":"Ein Ort, an dem du die meiste \nElektrizität verbrauchst"}],
    ["D",{"Text":"Sackgasse"}],
    ["D",{"Text":"Am Ende vom \"C\"-Block"}],
    ["D",{"Text":"Zwei sich gegenüberstehende Container"}],
    ["D",{"Text":"\"C\"-Block"}],
    ["D",{"Text":"Auf dem quadratischen Luftschacht"}],
    ["D",{"Text":"Drei Zylinder"}],
    ["D",{"Text":"Unten"}],
    ["D",{"Text":"\"C\"-Block"}],
    ["D",{"Text":"Zweifarbiger Container"}],
    ["D",{"Text":"\"C\"-Block"}],
    ["D",{"Text":"Auf einer großen Kiste"}],
    ["D",{"Text":"Schwarze und gelbe Streifen"}],
    ["D",{"Text":"Bei der Wand"}],
    ["D",{"Text":"In der Ecke von \"B\"-Block und \"C\"-Block"}],
    ["D",{"Text":"Zwei sich gegenüberstehende Container"}],
    ["D",{"Text":"\"C\"-Block"}],
    ["D",{"Text":"Auf dem Zaun"}],
    [{"Text":"Wenn du es trittst, wird \nes sehr wütend und rot"}],
    [{"Text":"Ein dunkler Raum "}],
    [{"Text":"Ein Tank beim BLAUEN Schalter"}],
    [{"Text":"Zweifarbiger Container"}],
    [{"Text":"Auf dem Zaun"}],
    [{"Text":"Schalterraum"}],
    ["D",{"Text":"Zweifarbiger Container"}],
    ["D",{"Text":"Beim Briefkasten"}],
    ["D",{"Text":"Im Container"}],
    ["D",{"Text":"Klimaanlage der Security Hall"}],
    ["D",{"Text":"\"A\"-Block"}],
    ["D",{"Text":"Im Tank"}],
    ["D",{"Text":"Zwei ____, die nach unten schauen"}],
    ["D",{"Text":"\"B\"-Block"}],
    ["D",{"Text":"Im Tank"}],
    ["D",{"Text":"Ein von Lasern geschützter Ort"}],
    ["D",{"Text":"Unter dem trüben Licht"}],
    ["D",{"Text":"Kleiner Raum mit einer Rakete"}],
    ["D",{"Text":"Wenn du es trittst, wird \nes sehr wütend und rot"}],
    ["D",{"Text":"Sackgasse"}],
    ["D",{"Text":"Ein Tank im \"C\"-Block"}],
    ["D",{"Text":"Ein von Lasern geschützter Ort"}],
    ["D",{"Text":"BLAUER Boden"}],
    ["D",{"Text":"Im Tank"}],
    [{"Text":"Im Tank"}],
    [{"Text":"Ein dunkler Raum "}],
    [{"Text":"Eingang zum ROTEN Schalter"}],
    [{"Text":"Zweifarbiger Container"}],
    [{"Text":"Ein dunkler Raum"}],
    [{"Text":"Eingang zum Schalterraum"}],
    ["D",{"Text":"Zweifarbiger Container"}],
    ["D",{"Text":"\"A\"-Block"}],
    ["D",{"Text":"Im Container"}],
    ["D",{"Text":"Zwei sich gegenüberstehende Container"}],
    ["D",{"Text":"\"A\"-Block"}],
    ["D",{"Text":"Im Container"}],
    ["D",{"Text":"Zweifarbiger Container"}],
    ["D",{"Text":"\"B\"-Block"}],
    ["D",{"Text":"Auf dem quadratischen Luftschacht"}],
    [{"Text":"Zweifarbiger Container"}],
    [{"Text":"\"B\"-Block"}],
    [{"Text":"Auf dem Zaun"}],
    ["D",{"Text":"Klimaanlage der Security Hall"}],
    ["D",{"Text":"\"C\"-Block"}],
    ["D",{"Text":"Im Container"}],
    ["D",{"Text":"Der Buchstabe \"L\""}],
    ["D",{"Text":"\"C\"-Block"}],
    ["D",{"Text":"Im Container"}],
    [{"Text":"Aufgestapelte Container"}],
    [{"Text":"Ein hochgelegener Ort"}],
    [{"Text":"Am Himmel über dem Schalterraum"}],
    [{"Text":"Es ist Decke und Boden zugleich"}],
    [{"Text":"Ein hochgelegener Ort"}],
    [{"Text":"Am Himmel über dem Schalterraum"}],
    [{"Text":"Der Buchstabe \"L\""}],
    [{"Text":"Zweifarbiger Container"}],
    [{"Text":"Am Himmel über dem \"A\"-Block"}],
    [{"Text":"Der nächste ist leer"}],
    [{"Text":"Ein von Lasern geschützter Raum"}],
    [{"Text":"GELBES \"A\""}],
    [{"Text":"Drei Zylinder"}],
    [{"Text":"Pass auf den roten Laser auf"}],
    [{"Text":"GELBES \"A\""}],
    [{"Text":"Ein von Lasern geschützter Ort"}],
    [{"Text":"Vier Tresore"}],
    [{"Text":"GELBES \"A\""}],
    [{"Text":"Du kannst es sehen, \naber nicht bekommen"}],
    [{"Text":"\"B\"-Block"}],
    [{"Text":"Ein Tresor in einem Käfig"}],
    [{"Text":"Sechs Tresore"}],
    [{"Text":"Hindernis voraus"}],
    [{"Text":"GELBES \"B\""}],
    [{"Text":"Aufgestapelte Container"}],
    [{"Text":"Ein hochgelegener Ort"}],
    [{"Text":"Am Himmel über dem \"B\"-Block"}],
    [{"Text":"Mit einem Pappkarton"}],
    [{"Text":"Tanzendes Geld"}],
    [{"Text":"Ein Tresor im \"B\"-Block"}],
    [{"Text":"Du kannst es sehen, \naber nicht erreichen"}],
    [{"Text":"Ein hochgelegener Ort"}],
    [{"Text":"Am Himmel über dem \"C\"-Block"}],
    [{"Text":"Ein von Lasern geschützter Ort"}],
    [{"Text":"Vier Tresore"}],
    [{"Text":"BLAUES \"C\""}],
    [{"Text":"Drei Zylinder"}],
    [{"Text":"Pass auf den roten Laser auf"}],
    [{"Text":"BLAUES \"C\""}],
    [{"Text":"Unsichtbare Ringe markieren die Stelle"}],
    [{"Text":"Unter dem Pappkarton"}],
    [{"Text":"Ein Tresor im \"C\"-Block"}],
    [{"Text":"____, nutzlos"}],
    [{"Text":"Pass auf den roten Laser auf"}],
    [{"Text":"Der Boden in der Mitte \ndes Schalterraums"}],
    [{"Text":"Klimaanlage der Security Hall"}],
    [{"Text":"Unter dem Laser"}],
    [{"Text":"Schalterraum"}],
    [{"Text":"Der Buchstabe \"L\""}],
    [{"Text":"ROTER Boden"}],
    [{"Text":"Ein Tresor im \"A\"-Block"}],
    [{"Text":"Der darunter ist leer"}],
    [{"Text":"ROTER Boden"}],
    [{"Text":"Ein Tresor im \"A\"-Block"}],
    [{"Text":"Der darüber ist leer"}],
    [{"Text":"ROTER Boden"}],
    [{"Text":"Ein Tresor im \"A\"-Block"}],
    [{"Text":"Neben den Pappkartons"}],
    [{"Text":"GELBER Boden"}],
    [{"Text":"Ein Tresor im \"A\"-Block"}],
    [{"Text":"In einer kalten Kiste"}],
    [{"Text":"BLAUER Boden"}],
    [{"Text":"Ein Tresor im \"A\"-Block"}],
    [{"Text":"Beim Briefkasten"}],
    [{"Text":"BLAUER Boden"}],
    [{"Text":"Ein Tresor im \"B\"-Block"}],
    [{"Text":"Einsame Tür"}],
    [{"Text":"BLAUER Boden"}],
    [{"Text":"Ein Tresor im \"B\"-Block"}],
    [{"Text":"Einsame Tür"}],
    [{"Text":"GELBER Boden"}],
    [{"Text":"Ein Tresor im \"B\"-Block"}],
    [{"Text":"Der Buchstabe \"L\""}],
    [{"Text":"ROTER Boden"}],
    [{"Text":"Ein Tresor im \"B\"-Block"}],
    [{"Text":"Einsame Tür"}],
    [{"Text":"ROTER Boden"}],
    [{"Text":"Ein Tresor im \"B\"-Block"}],
    [{"Text":"Unter dem quadratischen Luftschacht"}],
    [{"Text":"GELBER Boden"}],
    [{"Text":"Ein Tresor im \"B\"-Block"}],
    [{"Text":"Der Buchstabe \"L\""}],
    [{"Text":"ROTER Boden"}],
    [{"Text":"Ein Tresor im \"C\"-Block"}],
    [{"Text":"Neben einem Pappkarton"}],
    [{"Text":"ROTER Boden"}],
    [{"Text":"Ein Tresor im \"C\"-Block"}],
    [{"Text":"Unter dem quadratischen Luftschacht"}],
    [{"Text":"GELBER Boden"}],
    [{"Text":"Ein Tresor im \"C\"-Block"}],
    [{"Text":"Der darunter ist leer"}],
    [{"Text":"BLAUER Boden"}],
    [{"Text":"Ein Tresor im \"C\"-Block"}],
    [{"Text":"Der Buchstabe \"L\""}],
    [{"Text":"BLAUER Boden"}],
    [{"Text":"Ein Tresor im \"C\"-Block"}],
    [{"Text":""}],
    [{"Text":""}],
    [{"Text":""}],
    [{"Text":""}],
    [{"Text":""}],
    [{"Text":""}],
    [{"Text":""}],
    [{"Text":""}],
    [{"Text":""}],
    [{"Text":""}],
    [{"Text":""}],
    [{"Text":""}],
    [{"Text":""}],
    [{"Text":""}],
    [{"Text":""}],
    [{"Text":""}],
    [{"Text":""}],
    [{"Text":""}],
    [{"Text":""}],
    [{"Text":""}],
    [{"Text":""}],
    [{"Text":""}],
    [{"Text":""}],
    [{"Text":""}],
    [{"Text":"Unbesiegbarer Wächter"}],
    [{"Text":"Tanzender Wind"}],
    [{"Text":"Schalterraum"}],
    [{"Text":"Ein von Lasern geschützter Ort"}],
    [{"Text":"Sehr vorsichtig..."}],
    [{"Text":"Der Boden in der Mitte \ndes Schalterraums"}],
    [{"Text":"Rotes \"X\""}],
    [{"Text":"Vier Leibwächter"}],
    [{"Text":"Schalterraum"}],
    [{"Text":"Taucht gelegentlich auf"}],
    [{"Text":"Ein dunkler Raum"}],
    [{"Text":"Die Kiste für die kaputten \nWaffen im Schalterraum"}],
    ["D",{"Text":"Mit viel Geld"}],
    ["D",{"Text":"Klimaanlage der Security Hall"}],
    ["D",{"Text":"\"A\"-Block"}],
    ["D",{"Text":"Gelbes Dreieck"}],
    ["D",{"Text":"Ein Container in der Mitte"}],
    ["D",{"Text":"Nahe der Decke im \"B\"-Block"}],
    [{"Text":"Schräger Laser"}],
    [{"Text":"Schneide dem Eindringling die Luft ab"}],
    [{"Text":"BLAUES \"C\""}],
    ["D",{"Text":"Der Buchstabe \"L\""}],
    ["D",{"Text":"Manchmal im \"A\"-Block, \nmanchmal im \"B\"-Block"}],
    ["D",{"Text":"Nahe der Decke im \n\"A\"-Block und \"B\"-Block"}],
    [{"Text":"Ein von Lasern geschützter Ort"}],
    [{"Text":"Sehr vorsichtig..."}],
    [{"Text":"Der Boden in der Mitte \ndes Schalterraums"}],
    [{"Text":"Ein schattiger Ort"}],
    [{"Text":"Sehr vorsichtig..."}],
    [{"Text":"Der Boden in der Mitte \ndes Schalterraums"}],
    ["D",{"Text":"In der Luft"}],
    ["D",{"Text":"Klimaanlage der Security Hall"}],
    ["D",{"Text":"\"A\"-Block"}],
    [{"Text":"Ein von Lasern geschützter Ort"}],
    [{"Text":"Ein Pappkarton oben"}],
    [{"Text":"BLAUES \"A\""}],
    [{"Text":"Neben dem Pappkarton"}],
    [{"Text":"Hindernis voraus"}],
    [{"Text":"Ein Tresor im \"B\"-Block"}],
    [{"Text":"Der nächste ist leer"}],
    [{"Text":"Hindernis voraus"}],
    [{"Text":"Ein Tresor im \"B\"-Block"}],
    ["D",{"Text":"In der Luft"}],
    ["D",{"Text":"Klimaanlage der Security Hall"}],
    ["D",{"Text":"\"C\"-Block"}],
    [{"Text":"Der nächste ist leer"}],
    [{"Text":"Pass auf den roten Laser auf"}],
    [{"Text":"BLAUES \"C\""}],
    [{"Text":"Tanzender Wind"}],
    [{"Text":"\"C\"-Block"}],
    [{"Text":"Fahr in den Wind!"}],
    [{"Text":"Ein von Lasern geschützter Ort"}],
    [{"Text":"Schutz für \"Gelb\""}],
    [{"Text":"Mach einen Schraubenkick in der Mitte der vier Kacheln."}],
    [{"Text":"Niemand kann diesen Tresor öffnen!"}],
    [{"Text":"\"B\"-Block"}],
    [{"Text":"Es sollte einen Weg geben, \ndie Falle zu entschärfen..."}],
    ["D",{"Text":"Jeder hat es wenigstens \neinmal zuvor gesehen..."}],
    ["D",{"Text":"Unten"}],
    ["D",{"Text":"Im Wagen mit den Stacheln"}],
    ["D",{"Text":"Einsam bei der Arbeit"}],
    ["D",{"Text":"Sackgasse"}],
    ["D",{"Text":"Im GUN-Roboter"}],
    ["D",{"Text":"Ein Ort, an dem du die meiste \nElektrizität verbrauchst"}],
    ["D",{"Text":"\"C\"-Block"}],
    ["D",{"Text":"Im GUN-Roboter"}],
    ["D",{"Text":"Ein Ort, an dem du die meiste \nElektrizität verbrauchst"}],
    ["D",{"Text":"\"C\"-Block"}],
    ["D",{"Text":"Im GUN-Roboter"}],
    ["D",{"Text":"Klimaanlage der Security Hall"}],
    ["D",{"Text":"Tanzendes Geld"}],
    ["D",{"Text":"Im Wagen mit den Stacheln"}],
    ["D",{"Text":"Klimaanlage der Security Hall"}],
    ["D",{"Text":"Tanzendes Geld"}],
    ["D",{"Text":"Im Wagen mit den Stacheln"}],
    ["D",{"Text":"Verlorenes Kind"}],
    ["D",{"Text":"Sackgasse"}],
    ["D",{"Text":"Im Wagen mit den Stacheln"}],
    [{"Text":"Schutz für \"Blau\""}],
    [{"Text":"Ein dunkler Raum"}],
    [{"Text":"Im Wagen mit den Stacheln"}],
    [{"Text":"Schutz für \"Blau\""}],
    [{"Text":"Ein dunkler Raum"}],
    [{"Text":"Im GUN-Roboter"}],
    [{"Text":"Auf einer großen Kiste"}],
    [{"Text":"Ein dunkler Raum"}],
    [{"Text":"Im GUN-Roboter"}],
    [{"Text":"Auf einer großen Kiste"}],
    [{"Text":"Ein dunkler Raum"}],
    [{"Text":"Im GUN-Roboter"}],
    [{"Text":"Ein Nickerchen machen..."}],
    [{"Text":"Ein dunkler Raum"}],
    [{"Text":"Im GUN-Roboter"}],
    [{"Text":"Klimaanlage der Security Hall"}],
    [{"Text":"Ein dunkler Raum"}],
    [{"Text":"Im Wagen mit den Stacheln"}],
    [{"Text":"Klimaanlage der Security Hall"}],
    [{"Text":"Ein dunkler Raum"}],
    [{"Text":"Im GUN-Roboter"}],
    [{"Text":""}],
    [{"Text":""}],
    [{"Text":""}],
    [{"Text":""}],
    [{"Text":""}],
    [{"Text":""}],
    [{"Text":""}],
    [{"Text":""}],
    [{"Text":""}],
    [{"Text":""}],
    [{"Text":""}],
    [{"Text":""}],
    [{"Text":""}],
    [{"Text":""}],
    [{"Text":""}],
    [{"Text":""}],
    [{"Text":""}],
    [{"Text":""}],
    [{"Text":""}],
    [{"Text":""}],
    [{"Text":""}],
    [{"Text":""}],
    [{"Text":""}],
    [{"Text":""}],
    [{"Text":""}],
    [{"Text":""}],
    [{"Text":""}],
    [{"Text":""}],
    [{"Text":""}],
    [{"Text":""}],
    [{"Text":""}],
    [{"Text":""}],
    [{"Text":""}],
    [{"Text":""}],
    [{"Text":""}],
    [{"Text":""}],
    [{"Text":""}],
    [{"Text":""}],
    [{"Text":""}],
    [{"Text":""}],
    [{"Text":""}],
    [{"Text":""}],
    [{"Text":""}],
    [{"Text":""}],
    [{"Text":""}],
    [{"Text":""}],
    [{"Text":""}],
    [{"Text":""}],
    [{"Text":""}],
    [{"Text":""}],
    [{"Text":""}],
    [{"Text":""}],
    [{"Text":""}],
    [{"Text":""}],
    [{"Text":""}],
    [{"Text":""}],
    [{"Text":""}],
    [{"Text":""}],
    [{"Text":""}],
    [{"Text":""}],
    [{"Text":""}],
    [{"Text":""}],
    [{"Text":""}],
    [{"Text":""}],
    [{"Text":""}],
    [{"Text":""}],
    [{"Text":""}],
    [{"Text":""}],
    [{"Text":""}],
    [{"Text":""}],
    [{"Text":""}],
    [{"Text":""}],
    [{"Text":""}],
    [{"Text":""}],
    [{"Text":""}],
    [{"Text":""}],
    [{"Text":""}],
    [{"Text":""}],
    [{"Text":""}],
    [{"Text":""}],
    [{"Text":""}]
  ]
}