{
  "language": "English",
  "texts": [
 	["D",{"Text":"ynoclab thgil der"}],
 	["D",{"Text":"The lowest place."}],
 	["D",{"Text":"It's not under the platform with a\nred light on the inverted tower."}],
 	["D",{"Text":"kcor a no gniworg lewej a"}],
 	["D",{"Text":"The smallest meteorite."}],
 	["D",{"Text":"Far away from a green rock\non a floating meteorite."}],
 	["D",{"Text":"kcor a no gniworg lewej a"}],
 	["D",{"Text":"The smallest meteorite."}],
 	["D",{"Text":"Far away from a green rock\non a floating meteorite."}],
 	["D",{"Text":"eluspac eht fo mottob eht"}],
 	["D",{"Text":"Meteorite without grass."}],
 	["D",{"Text":"It's not the bottom of the capsule\nunder the capsule meteorite."}],
 	["D",{"Text":"eluspac eht fo pot eht"}],
 	["D",{"Text":"Meteorite without grass."}],
 	["D",{"Text":"It's not the top of the capsule\nunder the capsule meteorite."}],
 	["D",{"Text":"etiroetem ytivarg eht\nfo mroftalp gnitaolf"}],
 	["D",{"Text":"The biggest meteorite."}],
 	["D",{"Text":"It's not on the glowing square\nstone which is floating."}],
 	["D",{"Text":"etiroetem ytivarg eht\nfo mroftalp gnitaolf"}],
 	["D",{"Text":"The biggest meteorite."}],
 	["D",{"Text":"It's not on the glowing square\nstone which is floating."}],
 	["D",{"Text":"seert eht ees ot\ntserof eht ot esolc oot"}],
 	["D",{"Text":"A very high place."}],
 	["D",{"Text":"It's not below the starting point."}],
 	["D",{"Text":"ynoclab thgil der"}],
 	["D",{"Text":"The lowest place."}],
 	["D",{"Text":"It's not on the platform with a\nred light on an inverted tower."}],
 	["D",{"Text":"ynoclab thgil eulb"}],
 	["D",{"Text":"The lowest place."}],
 	["D",{"Text":"It's not on the platform with a\nblue light on an inverted tower."}],
 	["D",{"Text":"ynoclab thgil wolley"}],
 	["D",{"Text":"The lowest place."}],
 	["D",{"Text":"It's not on the platform with a\nyellow light on an inverted tower."}],
 	["D",{"Text":"ynoclab reniatnoc kcalb"}],
 	["D",{"Text":"The lowest place."}],
 	["D",{"Text":"It's not on a platform with a black\ncontainer on an inverted tower."}],
 	[{"Text":"dap gnihcnual elissim lanogatco"}],
 	[{"Text":"A place where it's not flat."}],
 	[{"Text":"It's not on a platform you can reach\nusing a rocket on a crater meteorite."}],
 	[{"Text":"dap gnihcnual elissim lanogatco"}],
 	[{"Text":"A place where it's not flat."}],
 	[{"Text":"It's not on a platform you can reach\nusing a rocket on a crater meteorite."}],
 	["D",{"Text":"reniatnoc deroloc eerht"}],
 	["D",{"Text":"A place that is not narrow."}],
 	["D",{"Text":"It's not in the storage\ncontainer with blue lights."}],
 	["D",{"Text":"reniatnoc deroloc eerht"}],
 	["D",{"Text":"A place that is not narrow."}],
 	["D",{"Text":"It's not on the storage\ncontainer with yellow lights."}],
 	["D",{"Text":"gninepo on htiw reniatnoc"}],
 	["D",{"Text":"It's not a narrow and long place."}],
 	["D",{"Text":"It's not on the connected containers\nunder the inverted tower."}],
 	["D",{"Text":"elcric thgil eulb"}],
 	["D",{"Text":"It's not the dented area."}],
 	["D",{"Text":"It's not the area near the farthest\nblue light on the biggest meteorite."}],
 	["D",{"Text":"lwob a ni neerg"}],
 	["D",{"Text":"The place you can't dig."}],
 	["D",{"Text":"It's far away from the green stone\nabove the floating meteorite."}],
 	["D",{"Text":"esuoh ylenol"}],
 	["D",{"Text":"The smallest meteorite."}],
 	["D",{"Text":"It's not next to the green stone\nby a hut on the floating meteorite."}],
 	["D",{"Text":"thgil detlit"}],
 	["D",{"Text":"The smallest meteorite."}],
 	["D",{"Text":"At the base of a long tilted light\non the floating meteorite."}],
 	["D",{"Text":"esuoh ylenol"}],
 	["D",{"Text":"A flat place."}],
 	["D",{"Text":"It's not in front of the building\non the biggest planet."}],
 	["D",{"Text":"sgel eerht htiw\nenihcam eht fo relleporp"}],
 	["D",{"Text":"Short meteorite."}],
 	["D",{"Text":"It's not on the machine with three\npipes on the capsule meteorite."}],
 	["D",{"Text":"sgel eerht htiw 1 .on enihcam"}],
 	["D",{"Text":"Meteorite without grass."}],
 	["D",{"Text":"It's not on the top of the machine\nwith pipes on the capsule meteorite."}],
 	["D",{"Text":"sgel eerht htiw 3 .on enihcam"}],
 	["D",{"Text":"Meteorite without grass."}],
 	["D",{"Text":"It's not on the top of the machine\nwith pipes on the capsule meteorite."}],
 	["D",{"Text":"lian der"}],
 	["D",{"Text":"Short meteorite."}],
 	["D",{"Text":"It's not the area that is glowing\non the capsule meteorite."}],
 	["D",{"Text":"gel 2.on"}],
 	["D",{"Text":"Where there is no green."}],
 	["D",{"Text":"It's not on the top of the machine\nwith pipes on the capsule meteorite."}],
 	["D",{"Text":"elcric thgil wolley"}],
 	["D",{"Text":"The meteorite with no gravity."}],
 	["D",{"Text":"It's not near the yellow light\non the round meteorite."}],
 	["D",{"Text":"elcric thgil wolley"}],
 	["D",{"Text":"The meteorite with no gravity."}],
 	["D",{"Text":"It's not near the yellow light\non the round meteorite."}],
 	["D",{"Text":"renwo s'etiroetem eht fo esuoh eht"}],
 	["D",{"Text":"The place you can't dig."}],
 	["D",{"Text":"It's not under the building\non the round meteorite."}],
 	["D",{"Text":"thgil gnorw"}],
 	["D",{"Text":"A flat place."}],
 	["D",{"Text":"It's not near the lonely blue light\non the round planet."}],
 	["D",{"Text":"thgil derit"}],
 	["D",{"Text":"A flat place."}],
 	["D",{"Text":"It's not the fallen yellow light\non the round meteorite."}],
 	["D",{"Text":"reniatnoc gniylf"}],
 	["D",{"Text":"The lowest place."}],
 	["D",{"Text":"It's not a box on a platform with\na red light on an inverted tower."}],
 	["D",{"Text":"reniatnoc gniylf"}],
 	["D",{"Text":"The lowest place."}],
 	["D",{"Text":"It's not in the floating box above\na platform on an inverted tower."}],
 	["D",{"Text":"egarots yssem"}],
 	["D",{"Text":"A low place."}],
 	["D",{"Text":"It's not in the two connected storage\ncontainers which are floating."}],
 	["D",{"Text":"reniatnoc a nihtiw reniatnoc a"}],
 	["D",{"Text":"A low place."}],
 	["D",{"Text":"It's not in the two connected storage\ncontainers which are floating."}],
 	["D",{"Text":"etiroetem eht evoba xob gninnips eht"}],
 	["D",{"Text":"The smallest meteorite."}],
 	["D",{"Text":"Not in the floating white box above\nthe floating meteorite."}],
 	["D",{"Text":"slian der eht neewteb"}],
 	["D",{"Text":"Short meteorite."}],
 	["D",{"Text":"Don't break the wooden box between\nplatforms on the capsule meteorite."}],
 	["D",{"Text":"noom eht raen xob gnitaolf eht"}],
 	["D",{"Text":"The biggest meteorite."}],
 	["D",{"Text":"It's not in a floating white box\nbehind the moon symbol."}],
 	["D",{"Text":"mroftalp eht fo esab eht"}],
 	["D",{"Text":"The highest place."}],
 	["D",{"Text":"It's not in the white box\nthat the cage is on top of."}],
 	["D",{"Text":"gnitaolf ton si taht reniatnoc eht"}],
 	["D",{"Text":"The lowest place."}],
 	["D",{"Text":"It's not a box on a platform with a\nred light on an inverted tower."}],
 	["D",{"Text":"reniatnoc deroloc eerht"}],
 	["D",{"Text":"A place that is not small."}],
 	["D",{"Text":"It's not in the box in the storage\ncontainer with a red light."}],
 	["D",{"Text":"reniatnoc a nihtiw reniatnoc a"}],
 	["D",{"Text":"The place that is not small."}],
 	["D",{"Text":"It's not in the box in the storage\ncontainer with a yellow light."}],
 	["D",{"Text":"sthgil der yb dednuorrus xob a"}],
 	["D",{"Text":"A low place."}],
 	["D",{"Text":"It's not in a box on a platform\nunder the inverted tower."}],
 	["D",{"Text":"edisni toh s'ti"}],
 	["D",{"Text":"A flat place."}],
 	["D",{"Text":"It's not in the burning rock above\nthe floating meteorite."}],
 	["D",{"Text":"elcric thgil eulb"}],
 	["D",{"Text":"The smallest meteorite."}],
 	["D",{"Text":"It's not in the burning rock above\nthe floating meteorite."}],
 	["D",{"Text":"ssarg eht no xob nedoow gnicnad"}],
 	["D",{"Text":"Short meteorite."}],
 	["D",{"Text":"It's not in a floating wooden box\nabove the capsule meteorite."}],
 	["D",{"Text":"syug llat eht neewteb"}],
 	["D",{"Text":"Meteorite without grass."}],
 	["D",{"Text":"It's not between two lights on\nthe capsule meteorite."}],
 	[{"Text":"rehtag sthgil eht fo lla erehw"}],
 	[{"Text":"Far away from an inverted tower."}],
 	[{"Text":"It's not in a wall under a star symbol\non a yellow platform with lights."}],
 	["D",{"Text":"rats gnikcits"}],
 	["D",{"Text":"Far away from an inverted tower."}],
 	["D",{"Text":"Don't dig into a star symbol on a\nwall of a platform with six circles."}],
 	["D",{"Text":"gnihtemos neewteb noom eht"}],
 	["D",{"Text":"Far away from an inverted tower."}],
 	["D",{"Text":"Don't dig into a moon symbol on\na platform with many red lights."}],
 	[{"Text":"noom ddo"}],
 	[{"Text":"Far away from an inverted tower."}],
 	[{"Text":"Don't dig into different moon symbols\non a platform wall with red lights."}],
 	["D",{"Text":"no senihs thgil der eht taht rats eht"}],
 	["D",{"Text":"Far away from an inverted tower."}],
 	["D",{"Text":"Don't dig in different star symbols\non a platform wall with blue lights."}],
 	["D",{"Text":"noom suoregnad"}],
 	["D",{"Text":"Far away from an inverted tower."}],
 	["D",{"Text":"Don't dig into a moon symbol near a\nsteel ball with blue lights."}],
 	["D",{"Text":"noom suoregnad"}],
 	["D",{"Text":"Far away from an inverted tower."}],
 	["D",{"Text":"Don't dig into a moon symbol near a\nsteel ball with blue lights."}],
 	["D",{"Text":"seloh htiw retarc"}],
 	["D",{"Text":"The smallest meteorite."}],
 	["D",{"Text":"It's not the base of a growing stone\nabove the dented meteorite."}],
 	["D",{"Text":"thgil detlit eht fo esab eht ta"}],
 	["D",{"Text":"The smallest meteorite."}],
 	["D",{"Text":"Don't dig at the base of the long\nlight near the green rock!"}],
 	["D",{"Text":"krad eht ni thgil ylenol"}],
 	["D",{"Text":"The smallest meteorite."}],
 	["D",{"Text":"Don't dig under the lonely light\non the floating meteorite."}],
 	[{"Text":"gniliec eht no noom a"}],
 	[{"Text":"Short meteorite."}],
 	[{"Text":"Don't dig under a moon symbol under\nthe capsule meteorite."}],
 	["D",{"Text":"noom suoregnad"}],
 	["D",{"Text":"Wide open area."}],
 	["D",{"Text":"Don't dig under a moon symbol near\na trap on the capsule meteorite!"}],
 	[{"Text":"rats souregnad"}],
 	[{"Text":"Wide open area."}],
 	[{"Text":"Don't dig near a star next to the spheres\non the platform by the capsule meteorite."}],
 	[{"Text":"edahs eht ni kcor neerg eht"}],
 	[{"Text":"A meteorite with no gravity."}],
 	[{"Text":"Don't dig in the area above the green\nrocks in the shadow of the flying train."}],
 	["D",{"Text":"tghiew repap eguh"}],
 	["D",{"Text":"The highest place."}],
 	["D",{"Text":"Don't dig in the center of the lowest\nplatform with the moving weight."}],
 	[{"Text":"namhctaw gninrub a yb rats"}],
 	[{"Text":"The highest place."}],
 	[{"Text":"Don't dig near a star on the lowest\nplatform with burning meteorites."}],
 	[{"Text":"wolley ni eulb"}],
 	[{"Text":"A low place."}],
 	[{"Text":"It's not under the moon on the yellow\nplatform near the hanging blue structure."}],
 	["D",{"Text":"thgil eht rednu rats eht"}],
 	["D",{"Text":"A low place."}],
 	["D",{"Text":"It's not under a star on a yellow\nplatform near an inverted tower."}],
 	["D",{"Text":"rats gnikcits"}],
 	["D",{"Text":"Far away from an inverted tower."}],
 	["D",{"Text":"Don't dig under a star on a\nplatform with many blue lights."}],
 	["D",{"Text":"rats gnikcits"}],
 	["D",{"Text":"Far away from an inverted tower."}],
 	["D",{"Text":"Don't dig under a star on a\nplatform with many blue lights."}],
 	["D",{"Text":"rats gnikcits"}],
 	["D",{"Text":"Far away from an inverted tower."}],
 	["D",{"Text":"Don't dig under a star symbol on a\nplatform with many blue lights."}],
 	["D",{"Text":"pu worg t'ndid taht thgil eht"}],
 	["D",{"Text":"A flat place."}],
 	["D",{"Text":"Don't dig under the only short light\nhigh up on the floating meteorite."}],
 	["D",{"Text":"tghil ylenol dna das"}],
 	["D",{"Text":"A flat place."}],
 	["D",{"Text":"Don't dig under the tilted light\nhigh up on the floating meteorite."}],
 	["D",{"Text":"xob kcalb eht rednu"}],
 	["D",{"Text":"The smallest meteorite."}],
 	["D",{"Text":"Don't dig under the container in\nhigh up on the floating meteorite."}],
 	["D",{"Text":"1.on enihcam fo gel eht fo pot eht"}],
 	["D",{"Text":"Where it's not tilted."}],
 	["D",{"Text":"Don't dig under the sign \"1\" of the\npipe machine on the capsule meteorite!"}],
 	["D",{"Text":"3.on enihcam fo gel eht fo pot eht"}],
 	["D",{"Text":"Where it's not tilted."}],
 	["D",{"Text":"Don't dig under the sign \"3\" of the\npipe machine on the capsule meteorite!"}],
 	["D",{"Text":"eiriarp eht no rats ylenol"}],
 	["D",{"Text":"Short meteorite."}],
 	["D",{"Text":"Don't dig under the star symbol\non the meteorite with grass!"}],
 	["D",{"Text":"foor a rednu rats eht"}],
 	["D",{"Text":"Big meteorite."}],
 	["D",{"Text":"Don't dig under a star symbol under\na building on the round meteorite!"}],
 	["D",{"Text":"thgil gnorw"}],
 	["D",{"Text":"A flat place."}],
 	["D",{"Text":"Don't dig under the blue light\non the round meteorite!"}],
 	[{"Text":"htrae ot rats tseraen eht"}],
 	[{"Text":"The highest place."}],
 	[{"Text":"Don't dig into the star symbol\non the lowest platform!"}],
 	["D",{"Text":"?...gniworg neerg htiw noom tnecserc"}],
 	["D",{"Text":"The highest place."}],
 	["D",{"Text":"Don't dig behind the moon symbol on\nthe lowest platform with green rocks."}],
 	[{"Text":"snoom owt neewteb"}],
 	[{"Text":"The highest place."}],
 	[{"Text":"Don't dig between the two moons\nabove the lowest platform!"}],
 	[{"Text":""}],
 	[{"Text":""}],
 	[{"Text":""}],
 	[{"Text":""}],
 	[{"Text":""}],
 	[{"Text":""}],
 	[{"Text":""}],
 	[{"Text":""}],
 	[{"Text":""}],
 	[{"Text":""}],
 	[{"Text":""}],
 	[{"Text":""}],
 	[{"Text":""}],
 	[{"Text":""}],
 	[{"Text":""}],
 	[{"Text":""}],
 	[{"Text":""}],
 	[{"Text":""}],
 	[{"Text":""}],
 	[{"Text":""}],
 	[{"Text":""}],
 	[{"Text":""}],
 	[{"Text":""}],
 	[{"Text":""}],
 	[{"Text":"trac retarc"}],
 	[{"Text":"etiroetem eht\ndnuora seog that niart eht"}],
 	[{"Text":"etiroetem eht\ndnuora seog that niart eht"}],
 	[{"Text":"ynoclab reniatnoc kcalb"}],
 	[{"Text":"ynoclab reniatnoc eulb"}],
 	[{"Text":"reniatnoc deroloc eerht"}],
 	[{"Text":"reniatnoc deroloc eerht"}],
 	[{"Text":"sdap gnihcnual elissim eerht"}],
 	[{"Text":"ynoclab thgil der eht morf\nrenaitnoc kcalb nellaf eht"}],
 	["D",{"Text":"ynoclab thgil eulb"}],
 	["D",{"Text":"gninepo na touhtiw reniatnoc eht"}],
 	["D",{"Text":"erauqs der"}],
 	["D",{"Text":"esab eht ta sreniatnoc kcalb fo hcnub a"}],
 	["D",{"Text":"dees kcor gninrub"}],
 	["D",{"Text":"sgel eerht htiw\nsenihcam eht neewteb ni"}],
 	["D",{"Text":"mroftalp wolley yrev"}],
 	["D",{"Text":"etiroetem eht fo mottob eht"}],
 	["D",{"Text":"aera lortnoc fo\ntuo eht ni mroftalp eht"}],
 	["D",{"Text":"kcik wercs kciuq"}],
 	["D",{"Text":"namhctaw elissim"}],
 	["D",{"Text":"ynoclab wolley eht fo namhctaw"}],
 	["D",{"Text":"diuqil live"}],
 	["D",{"Text":"retarc eht ni erutaerc diuqil"}],
 	["D",{"Text":"dnats eulb eht no ymene eulb eht"}],
 	[{"Text":"renaitnoc egarots eht\nstcetorp that enihcam eht"}],
 	[{"Text":"A low place."}],
 	[{"Text":"Not under a black container above\na platform with a red light tower."}],
 	[{"Text":"ynoclab thgil wolley"}],
 	[{"Text":"The lowest place."}],
 	[{"Text":"You can't use a rocket on a\nplatform with a yellow light tower."}],
 	["D",{"Text":"gninepo na tuohtiw reniatnoc eht"}],
 	["D",{"Text":"On the ground."}],
 	["D",{"Text":"Not between a storage container\nbelow on the inverted tower."}],
 	["D",{"Text":"erauqs der"}],
 	["D",{"Text":"A low place."}],
 	["D",{"Text":"Under a blinking red light at the top\nof an inverted tower."}],
 	["D",{"Text":"esab eht ta sreniatnoc\nkcalb fo hcnub a"}],
 	["D",{"Text":"The highest place."}],
 	["D",{"Text":"It's not between the floating black\ncontainers down below."}],
 	[{"Text":"dees kcor gninrub"}],
 	[{"Text":"A flat place."}],
 	[{"Text":"Not in the burning red rock\non the floating meteorite."}],
 	[{"Text":"sgel eerht htiw senihcam\neht neewteb ni"}],
 	[{"Text":"Short meteorite."}],
 	[{"Text":"Not between machine No.1 and No.2\nwith pipes on the capsule meteorite."}],
 	[{"Text":"mroftalp wolley yrev"}],
 	[{"Text":"The meteorite with no gravity."}],
 	[{"Text":"It's not on a platform with yellow\nlights on the round meteorite."}],
 	[{"Text":"etiroetem eht fo mottob eht"}],
 	[{"Text":"On the ground."}],
 	[{"Text":"It's not right below\nthe round meteorite."}],
 	[{"Text":"aera lortnoc fo tuo\neht ni mroftalp eht"}],
 	[{"Text":"The biggest meteorite."}],
 	[{"Text":"It's not the only floating platform\nright below the round meteorite."}],
 	[{"Text":"kcik wercs kciuq"}],
 	[{"Text":"The lowest place."}],
 	[{"Text":"Don't use that technique on a star\non a platform with spinning traps!"}],
 	["D",{"Text":"namhctaw elissim"}],
 	["D",{"Text":"A place that is not flat."}],
 	["D",{"Text":"It's not an enemy you can reach\nusing a rocket on a crater meteorite."}],
 	["D",{"Text":"ynoclab wolley eht fo namhctaw"}],
 	["D",{"Text":"A low place."}],
 	["D",{"Text":"It's not GUN's machine on a platform\nwith a yellow light by a blue tower."}],
 	["D",{"Text":"diuqil live"}],
 	["D",{"Text":"A low place."}],
 	["D",{"Text":"An enemy on a big platform near\na blue tower doesn't have it."}],
 	["D",{"Text":"retarc eht ni erutaerc diuqil"}],
 	["D",{"Text":"A flat place."}],
 	["D",{"Text":"Don't defeat the water enemy on\nthe meteorite with a crater!"}],
 	["D",{"Text":"dnats eulb eht no\nymene eulb eht"}],
 	["D",{"Text":"The highest place."}],
 	["D",{"Text":"Don't bother the water enemy on the\nplatform with a blue light below!"}],
 	["D",{"Text":"reniatnoc egarots eht stcetorp\ntaht enihcam eht"}],
 	["D",{"Text":"Far away from an inverted tower."}],
 	["D",{"Text":"Don't defeat GUN's machine on the\nconnected storage containers!"}],
 	["D",{"Text":""}],
 	["D",{"Text":""}],
 	["D",{"Text":""}],
 	["D",{"Text":""}],
 	["D",{"Text":""}],
 	["D",{"Text":""}],
 	["D",{"Text":""}],
 	["D",{"Text":""}],
 	["D",{"Text":""}],
 	["D",{"Text":""}],
 	["D",{"Text":""}],
 	["D",{"Text":""}],
 	["D",{"Text":""}],
 	["D",{"Text":""}],
 	["D",{"Text":""}],
 	["D",{"Text":""}],
 	["D",{"Text":""}],
 	["D",{"Text":""}],
 	["D",{"Text":""}],
 	["D",{"Text":""}],
 	["D",{"Text":""}],
 	["D",{"Text":""}],
 	["D",{"Text":""}],
 	["D",{"Text":""}],
 	["D",{"Text":""}],
 	["D",{"Text":""}],
 	["D",{"Text":""}],
 	["D",{"Text":""}],
 	["D",{"Text":""}],
 	["D",{"Text":""}],
 	["D",{"Text":""}],
 	["D",{"Text":""}],
 	["D",{"Text":""}],
 	["D",{"Text":""}],
 	["D",{"Text":""}],
 	["D",{"Text":""}],
 	["D",{"Text":""}],
 	["D",{"Text":""}],
 	["D",{"Text":""}],
 	["D",{"Text":""}],
 	["D",{"Text":""}],
 	["D",{"Text":""}],
 	["D",{"Text":""}],
 	["D",{"Text":""}],
 	["D",{"Text":""}],
 	["D",{"Text":""}],
 	["D",{"Text":""}],
 	["D",{"Text":""}],
 	["D",{"Text":""}],
 	["D",{"Text":""}],
 	["D",{"Text":""}],
 	["D",{"Text":""}],
 	["D",{"Text":""}],
 	["D",{"Text":""}],
 	["D",{"Text":""}],
 	["D",{"Text":""}],
 	["D",{"Text":""}],
 	["D",{"Text":""}],
 	["D",{"Text":""}],
 	["D",{"Text":""}],
 	["D",{"Text":""}],
 	["D",{"Text":""}],
 	["D",{"Text":""}],
 	["D",{"Text":""}],
 	["D",{"Text":""}],
 	["D",{"Text":""}],
 	["D",{"Text":""}],
 	["D",{"Text":""}],
 	["D",{"Text":""}],
 	["D",{"Text":""}],
 	["D",{"Text":""}],
 	["D",{"Text":""}],
 	["D",{"Text":""}],
 	["D",{"Text":""}],
 	["D",{"Text":""}],
 	["D",{"Text":""}],
 	["D",{"Text":""}],
 	["D",{"Text":""}],
 	["D",{"Text":""}],
 	["D",{"Text":""}],
 	["D",{"Text":""}],
 	["D",{"Text":""}],
 	["D",{"Text":""}],
 	["D",{"Text":""}],
 	["D",{"Text":""}],
 	["D",{"Text":""}],
 	["D",{"Text":""}],
 	["D",{"Text":""}],
 	["D",{"Text":""}],
 	["D",{"Text":""}],
 	["D",{"Text":""}],
 	["D",{"Text":""}],
 	["D",{"Text":""}],
 	["D",{"Text":""}],
 	["D",{"Text":""}],
 	["D",{"Text":""}],
 	["D",{"Text":""}],
 	["D",{"Text":""}],
 	["D",{"Text":""}],
 	["D",{"Text":""}],
 	["D",{"Text":""}],
 	["D",{"Text":""}],
 	["D",{"Text":""}],
 	["D",{"Text":""}],
 	["D",{"Text":""}]
  ]
}