{
  "language": "Spanish",
  "texts": [
    ["D",{"Text":"La nuca."}],
    ["D",{"Text":"Sombra de las nueve llamas."}],
    ["D",{"Text":"Detrás de la estatua de un león \nen la habitación roja."}],
    ["D",{"Text":"Llaves oxidadas..."}],
    ["D",{"Text":"Sobre la llama grande."}],
    ["D",{"Text":"Habitación roja."}],
    ["D",{"Text":"Luz de la esquina."}],
    ["D",{"Text":"Entrada a la derecha y a la izquierda."}],
    ["D",{"Text":"En la esquina del camino \na la habitación roja."}],
    ["D",{"Text":"El tesoro que no puedes abrir."}],
    ["D",{"Text":"La luz nunca llega allí."}],
    ["D",{"Text":"Habitación bajo el agua pequeña \nen la habitación azul."}],
    [{"Text":"Escondite del gorila."}],
    [{"Text":"Cerca del techo."}],
    [{"Text":"Habitación del callejón sin salida \nen el camino a la habitación verde."}],
    [{"Text":"Se ve de lejos, pero \nno se ve de cerca..."}],
    [{"Text":"Camino redondo."}],
    [{"Text":"Bajo la trampa del \nCentro de la Pirámide."}],
    [{"Text":"Sobre la pelota roja."}],
    [{"Text":"Personajes antiguos brillantes."}],
    [{"Text":"La habitación entre la habitación roja\ny la habitación azul."}],
    [{"Text":"Muro negro enorme."}],
    [{"Text":"Camino de la máquina."}],
    [{"Text":"En la jaula entre la habitación roja\ny la habitación azul."}],
    ["D",{"Text":"Rayas negras y amarillas."}],
    ["D",{"Text":"Camino de la máquina."}],
    ["D",{"Text":"En el camino de curvas \na la habitación roja."}],
    ["D",{"Text":"Sobre la llama pequeña."}],
    ["D",{"Text":"Habitación pequeña en forma de cubo."}],
    ["D",{"Text":"Habitación pequeña con un agujero\ncerca de la habitación roja."}],
    ["D",{"Text":"Dos bocas."}],
    ["D",{"Text":"Camino rojo."}],
    ["D",{"Text":"Sobre el saliente en forma de U \ndel camino que parece unas escaleras."}],
    ["D",{"Text":"Insecto acuático."}],
    ["D",{"Text":"Cerca de la estatua de piedra grande."}],
    ["D",{"Text":"Zona bajo el agua \nde la habitación azul."}],
    ["D",{"Text":"Serpientes que se miran \nuna a la otra."}],
    ["D",{"Text":"Donde está la llama azul."}],
    ["D",{"Text":"Sobre el saliente en forma de U \ndel camino que parece unas escaleras."}],
    ["D",{"Text":"Escarabajo que se encoge\ndel miedo."}],
    ["D",{"Text":"Cerca de la luz azul."}],
    ["D",{"Text":"En la esquina del camino \nal centro de la habitación azul."}],
    ["D",{"Text":"Entre las piernas."}],
    ["D",{"Text":"Largas piernas pálidas."}],
    ["D",{"Text":"Zona bajo el agua \nde la habitación azul."}],
    ["D",{"Text":"Comida de insectos."}],
    ["D",{"Text":"Seis insectos alineados \nsobre el muro."}],
    ["D",{"Text":"Cerca del techo \nde la habitación azul."}],
    ["D",{"Text":"Punto blanco indica azul."}],
    ["D",{"Text":"Enterrado en la pintura \ndel muro antiguo."}],
    ["D",{"Text":"En el monitor del mapa \nen la habitación azul."}],
    ["D",{"Text":"Línea blanca vertical larga."}],
    ["D",{"Text":"Líneas azules a ambos lados."}],
    ["D",{"Text":"Camino vertical largo \na la habitación azul."}],
    ["D",{"Text":"Sobre la llama pequeña."}],
    ["D",{"Text":"Habitación pequeña \nen forma de cubo."}],
    ["D",{"Text":"Callejón sin salida \ndel camino azul."}],
    ["D",{"Text":"Nido de murciélagos."}],
    ["D",{"Text":"Sombra de la llama verde."}],
    ["D",{"Text":"Sobre la estatua del pájaro \nen la habitación verde."}],
    ["D",{"Text":"El murciélago y el reloj de arena."}],
    ["D",{"Text":"Habitación pequeña \ncon muros verdes."}],
    ["D",{"Text":"Camino al centro \nde la habitación verde."}],
    ["D",{"Text":"¡Vuela más alto que un pájaro!"}],
    ["D",{"Text":"Donde está la llama verde."}],
    ["D",{"Text":"En la estatua del pájaro \nen la habitación verde."}],
    ["D",{"Text":"E - 01."}],
    ["D",{"Text":"Camino de la máquina."}],
    ["D",{"Text":"Camino a la habitación verde."}],
    ["D",{"Text":"Aparecerá cuando te acerques."}],
    ["D",{"Text":"En el hierro negro..."}],
    ["D",{"Text":"Camino a la habitación verde."}],
    ["D",{"Text":"Defensa del insecto."}],
    ["D",{"Text":"La habitación con nueve llamas."}],
    ["D",{"Text":"Cerca del techo \nde la habitación verde."}],
    ["D",{"Text":"¿Se salen los ojos de las órbitas...?"}],
    ["D",{"Text":"Donde está la llama verde."}],
    ["D",{"Text":"La habitación verde."}],
    ["D",{"Text":"Insecto hediondo..."}],
    ["D",{"Text":"En frente de una llama grande."}],
    ["D",{"Text":"La habitación verde."}],
    ["D",{"Text":"Lugar vergonzoso."}],
    ["D",{"Text":"El Centro de la Pirámide."}],
    ["D",{"Text":"Detrás de la estatua de piedra \nde Eggman."}],
    ["D",{"Text":"E - 01."}],
    ["D",{"Text":"El Centro de la Pirámide."}],
    ["D",{"Text":"Muro de la gran máquina \nen el centro."}],
    ["D",{"Text":"Tatuaje de un escorpión."}],
    ["D",{"Text":"En la gran espalda."}],
    ["D",{"Text":"En la estatua de piedra \nen el Centro de la Pirámide."}],
    ["D",{"Text":"Pantalones cortos estampados."}],
    ["D",{"Text":"Rayas azules a un lado."}],
    ["D",{"Text":"Detrás de la estatua de piedra \nen el Centro de la Pirámide."}],
    ["D",{"Text":"Rayas amarillas y negras."}],
    ["D",{"Text":"Entre los pilares rojos."}],
    ["D",{"Text":"La habitación entre la habitación roja\ny la habitación verde."}],
    ["D",{"Text":"La Bella y la Bestia."}],
    ["D",{"Text":"La caja dorada."}],
    ["D",{"Text":"Habitación pequeña en el techo \nde la habitación roja."}],
    ["D",{"Text":"Cofre del tesoro protegido \npor un escorpión."}],
    ["D",{"Text":"Habitación pequeña."}],
    ["D",{"Text":"Habitación pequeña en el techo \nde la habitación roja."}],
    [{"Text":"En el cofre del tesoro."}],
    [{"Text":"Habitación pequeña \ncon cuatro pilares."}],
    [{"Text":"Habitación secreta a la que puedes\nentrar por al lado de la habitación azul"}],
    ["D",{"Text":"Diosa de Oro."}],
    ["D",{"Text":"Sigue el insecto..."}],
    ["D",{"Text":"Habitación pequeña en el techo \nde la habitación azul."}],
    ["D",{"Text":"A los insectos no les gusta."}],
    ["D",{"Text":"Caja dorada."}],
    ["D",{"Text":"Habitación pequeña en el techo \nde la habitación verde."}],
    ["D",{"Text":"Dos contenedores."}],
    ["D",{"Text":"El pilar que no puedes escalar."}],
    ["D",{"Text":"El contenedor sobre el pilar \nen el Centro de la Pirámide."}],
    ["D",{"Text":"Tres colas."}],
    ["D",{"Text":"Dos llamas rojas."}],
    ["D",{"Text":"Excava en las tres señales de escorpión \nen el camino cerca de la habitación roja"}],
    [{"Text":"El fantasma protege a la Diosa."}],
    [{"Text":"La habitación sin entrada."}],
    [{"Text":"Habitación secreta entre la habitación\nroja y la habitación azul."}],
    ["D",{"Text":"Tres contenedores hermanos."}],
    ["D",{"Text":"Camino rojo."}],
    ["D",{"Text":"En la esquina del camino \nque parece unas escaleras."}],
    ["D",{"Text":"Cuatro pilares cuadrados."}],
    ["D",{"Text":"Camino azul."}],
    ["D",{"Text":"Centro del camino vertical \na la habitación azul."}],
    ["D",{"Text":"En medio de los ojos rojos."}],
    ["D",{"Text":"En el contenedor."}],
    ["D",{"Text":"Habitación azul."}],
    ["D",{"Text":"Diosa de Oro."}],
    ["D",{"Text":"Camino azul."}],
    ["D",{"Text":"Habitación pequeña en el camino \nal centro de la habitación azul."}],
    ["D",{"Text":"Diosa de Oro."}],
    ["D",{"Text":"Donde está la llama verde."}],
    ["D",{"Text":"La caja en la habitación verde."}],
    ["D",{"Text":"Almacén de cofres del tesoro."}],
    ["D",{"Text":"Habitación verde."}],
    ["D",{"Text":"Sobre el saliente en forma de U \ndel camino que parece unas escaleras."}],
    ["D",{"Text":"Almacén de basura."}],
    ["D",{"Text":"Cofre del tesoro verde."}],
    ["D",{"Text":"Al lado de la habitación verde."}],
    ["D",{"Text":"Caja de zapatos."}],
    ["D",{"Text":"Pies grandes."}],
    ["D",{"Text":"Cerca de los pies de estatua de piedra\nen el Centro de la Pirámide."}],
    [{"Text":"Cuatro soles que están \nuno en frente del otro."}],
    [{"Text":"En el suelo."}],
    [{"Text":"Centro de los cuatro símbolos \nde Eggman en el camino rojo."}],
    [{"Text":"Donde estaba el escorpión."}],
    [{"Text":"Habitación pequeña \ncon cuatro pilares."}],
    [{"Text":"Habitación secreta entre la habitación\nroja y la habitación azul."}],
    ["D",{"Text":"Escorpión escondido en una caja."}],
    ["D",{"Text":"En el suelo."}],
    ["D",{"Text":"En la esquina del camino rojo \nque parece unas escaleras."}],
    [{"Text":"¡Salva a Chao del escorpión!"}],
    [{"Text":"En el suelo."}],
    [{"Text":"La entrada a la habitación roja \ndesde el Centro de la Pirámide."}],
    [{"Text":"El único que mira hacia abajo."}],
    [{"Text":"Habitación pequeña \ncon cuatro pilares."}],
    [{"Text":"Habitación secreta a la que puedes\nentrar por al lado de la habitación azul"}],
    [{"Text":"Entre cuatro pilares."}],
    [{"Text":"La habitación con dos llamas."}],
    [{"Text":"Habitación secreta a la que puedes \nentrar por al lado de la habitación azul"}],
    [{"Text":"Bajo la joya roja."}],
    [{"Text":"Donde está la llama azul."}],
    [{"Text":"En el suelo cerca de la habitación \nazul. Busca el insecto en el techo."}],
    [{"Text":"La zona a la que miran \ncuatro escorpiones."}],
    [{"Text":"La habitación con cuatro pilares."}],
    [{"Text":"Excava en la zona central \nde la habitación azul."}],
    ["D",{"Text":"Persecución del gorila."}],
    ["D",{"Text":"En el suelo."}],
    ["D",{"Text":"Habitación del callejón sin salida \nen el camino a la habitación verde."}],
    [{"Text":"Conecta los puntos."}],
    [{"Text":"Cerca de la habitación verde."}],
    [{"Text":"Excava en la zona a la que llegas\nsiguiendo la dirección del escorpión..."}],
    [{"Text":"Dos tipos muy alejados \nel uno del otro."}],
    [{"Text":"Dos señales de escorpión."}],
    [{"Text":"En medio de un camino estrecho \nal centro de la habitación verde."}],
    ["D",{"Text":"Árbol de insectos."}],
    ["D",{"Text":"En la base del árbol."}],
    ["D",{"Text":"Camino verde con cuatro pilares."}],
    [{"Text":"Excava en la zona \nen frente del escorpión."}],
    [{"Text":"El insecto te mostrará \ndónde está el escorpión."}],
    [{"Text":"Bajo la señal de escorpión \nsobre el muro de la zona central."}],
    [{"Text":"Dos Eggman, \nuno en frente del otro."}],
    [{"Text":"Un anillo está enterrado en un lado\ny una llave, en el otro lado."}],
    [{"Text":"Camino de la máquina \nhacia la habitación azul."}],
    [{"Text":"El Eggman de la nariz roja."}],
    [{"Text":"Bajo el hoyo cuadrado."}],
    [{"Text":"Habitación secreta entre la habitación\nroja y la habitación verde."}],
    [{"Text":"Encuentra el escorpión rojo\nescondido en un agujero."}],
    [{"Text":"La habitación sin entrada."}],
    [{"Text":"Habitación secreta entre la habitación\nroja y la habitación verde."}],
    [{"Text":"Lucha por la calavera."}],
    [{"Text":"Dos tipos con caras de león."}],
    [{"Text":"Entrada a la habitación roja \ndesde el Centro de la Pirámide."}],
    ["D",{"Text":"Cuadro inclinado."}],
    ["D",{"Text":"La habitación con nueve llamas."}],
    ["D",{"Text":"Muro de la habitación roja."}],
    ["D",{"Text":"Insectos de cháchara."}],
    ["D",{"Text":"Habitación grande."}],
    ["D",{"Text":"Cerca del techo \nde la habitación roja."}],
    ["D",{"Text":"El lugar donde estaban \nlos insectos."}],
    ["D",{"Text":"Donde está la llama roja."}],
    ["D",{"Text":"Cerca del techo \nde la habitación roja."}],
    [{"Text":"Donde la luz solía brillar."}],
    [{"Text":"¿Tú ya has venido \naquí antes, verdad?"}],
    [{"Text":"Donde estaban \nlos Hammer Gloves."}],
    ["D",{"Text":"Insecto bebé."}],
    ["D",{"Text":"Enterrado en un muro."}],
    ["D",{"Text":"Cerca del techo \nde la habitación roja."}],
    [{"Text":"Llama triangular."}],
    [{"Text":"Donde está el agua."}],
    [{"Text":"Entre tres luces \nen la habitación azul."}],
    [{"Text":"Dos bellas mujeres \nsobre la llama."}],
    [{"Text":"En el muro."}],
    [{"Text":"El camino largo vertical \nhacia la habitación azul."}],
    ["D",{"Text":"Escorpiones que no se llevan bien."}],
    ["D",{"Text":"Camino con cuatro pilares."}],
    ["D",{"Text":"Muro cerca del borde en forma \nde U en el camino azul."}],
    [{"Text":"El único que está mirando \na otro lado..."}],
    [{"Text":"Seis insectos alineados \nsobre el muro."}],
    [{"Text":"Muro cerca del techo con forma \nde escaleras en la habitación azul."}],
    [{"Text":"Cuatro hojas."}],
    [{"Text":"Donde está la llama verde."}],
    [{"Text":"Escalón pequeño \nen la habitación verde."}],
    ["D",{"Text":"Veo Veo Eggman."}],
    ["D",{"Text":"En el suelo."}],
    ["D",{"Text":"Eggman en \nla habitación verde."}],
    ["D",{"Text":"Dos guardias."}],
    ["D",{"Text":"Cabeza de pájaro y cuerpo humano."}],
    ["D",{"Text":"Muro cerca de la entrada a la habitación\nverde desde el Centro de la Pirámide."}],
    ["D",{"Text":"Insecto enorme."}],
    ["D",{"Text":"Muro verde."}],
    ["D",{"Text":"Enterrado sobre la decoración enorme\ndel muro cerca de la habitación verde."}],
    ["D",{"Text":"Corazón..."}],
    ["D",{"Text":"En la mano derecha."}],
    ["D",{"Text":"Dentro de la estatua de piedra \nen el Centro de la Pirámide."}],
    [{"Text":"Un murciélago y un escorpión."}],
    [{"Text":"Donde está la llama azul."}],
    [{"Text":"Muro de la habitación de la palanca \nen el camino de la máquina."}],
    [{"Text":""}],
    [{"Text":""}],
    [{"Text":""}],
    [{"Text":""}],
    [{"Text":""}],
    [{"Text":""}],
    [{"Text":""}],
    [{"Text":""}],
    [{"Text":""}],
    [{"Text":""}],
    [{"Text":""}],
    [{"Text":""}],
    [{"Text":""}],
    [{"Text":""}],
    [{"Text":""}],
    [{"Text":""}],
    [{"Text":""}],
    [{"Text":""}],
    [{"Text":""}],
    [{"Text":""}],
    [{"Text":""}],
    [{"Text":""}],
    [{"Text":""}],
    [{"Text":""}],
    [{"Text":"Sube, después vete a la derecha y a\nla izquierda por la potencia del viento."}],
    [{"Text":"Caracteres antiguos brillantes."}],
    [{"Text":"Camino de la máquina hacia\nla habitación roja."}],
    ["D",{"Text":"Insectos de patrulla."}],
    ["D",{"Text":"Cinco insectos en horizontal."}],
    ["D",{"Text":"Cerca del techo de la \nhabitación roja."}],
    [{"Text":"Hay una llama, pero la luz\nno llega a ese lugar."}],
    [{"Text":"Bajo la sombra cuadrada."}],
    [{"Text":"Muro cerca del techo que tiene forma\nde escaleras en el camino azul."}],
    [{"Text":"Pez volador que nada en la arena."}],
    [{"Text":"La habitación con un cofre del\ntesoro."}],
    [{"Text":"Habitación secreta a la que se entra\npor al lado de la habitación azul."}],
    ["D",{"Text":"Fantasma merodeando."}],
    ["D",{"Text":"Habitación con cuatro pilares."}],
    ["D",{"Text":"Camino al centro de la\nhabitación verde."}],
    ["D",{"Text":"Tío vivo."}],
    ["D",{"Text":"Alrededor de ocho pilares."}],
    ["D",{"Text":"Círculo en suspensión sobre\nel Centro de la Pirámide."}],
    ["D",{"Text":"Anillo de Ángel."}],
    ["D",{"Text":"Bajo los caracteres antiguos\nbrillantes."}],
    ["D",{"Text":"Estatua de piedra en el\nCentro de la Pirámide."}],
    [{"Text":"En el acantilado cuadrado."}],
    [{"Text":"En frente del reloj de arena."}],
    [{"Text":"Bajo la trampa que se mueve sobre\nel camino de la máquina."}],
    [{"Text":"Hierro protege la caja fuerte."}],
    [{"Text":"La habitación sin entrada."}],
    [{"Text":"Habitación secreta entre la habitación\nroja y la habitación verde."}],
    ["D",{"Text":"Nivel del ojo de Eggman."}],
    ["D",{"Text":"Altitud de 100 metros."}],
    ["D",{"Text":"Deslízate por la estatua de Eggman\ndesde el pilar del centro..."}],
    [{"Text":"Dos insectos que se reúnen en\ndos árboles."}],
    [{"Text":"Habitación donde está Omochao."}],
    [{"Text":"Al lado de la habitación\nroja."}],
    [{"Text":"Piso Eggman."}],
    [{"Text":"Habitación con cuatro pilares."}],
    [{"Text":"Excava en el ojo de la marca de\nEggman en el camino azul."}],
    [{"Text":"Está flotando entre las llamas..."}],
    [{"Text":"Comida para pájaros."}],
    [{"Text":"Centro de la habitación verde."}],
    [{"Text":"Encima de Omochao."}],
    [{"Text":"Camino de la máquina."}],
    [{"Text":"Cuidado con la trampa en el\ncamino hacia la habitación verde."}],
    [{"Text":"Piso escorpión."}],
    [{"Text":"En el suelo."}],
    [{"Text":"Excava en el escorpión bajo la\ntrampa que está en el centro."}],
    [{"Text":"Bajo la luz roja."}],
    [{"Text":"En el suelo oscuro."}],
    [{"Text":"Centro de la trampa que se mueve \nen el camino de la máquina."}],
    [{"Text":"Suelo invisible."}],
    [{"Text":"La habitación sin entrada."}],
    [{"Text":"Excava en el centro de la habitación\ncon el reloj de arena."}],
    [{"Text":"Hay una cucaracha negra en\nla mesa."}],
    [{"Text":"Bajo el agua."}],
    [{"Text":"En una habitación secreta bajo el agua\nen el piso del Centro de la Pirámide."}],
    [{"Text":"Piso doble deslizante."}],
    [{"Text":"Habitación bajo del agua invertida."}],
    [{"Text":"El reloj de arena que abre el piso\ndeslizante está en habitación superior."}],
    ["D",{"Text":"Cuerpo rojo."}],
    ["D",{"Text":"En la parrilla de acero."}],
    ["D",{"Text":"Centro de la trampa que se mueve \nen el camino de la máquina."}],
    ["D",{"Text":"Ojos negros."}],
    ["D",{"Text":"Marca de Eggman verde."}],
    ["D",{"Text":"Fantasma enorme en el\ncamino verde."}],
    ["D",{"Text":"Francotirador."}],
    ["D",{"Text":"Camino azul."}],
    ["D",{"Text":"Sobre el borde en forma de U en el\ncamino que parece unas escaleras."}],
    ["D",{"Text":"Hombre enfadado."}],
    ["D",{"Text":"Donde está la llama azul."}],
    ["D",{"Text":"Robot en el camino hacia el centro\nde la habitación azul."}],
    ["D",{"Text":"No se puede salir de la habitación."}],
    ["D",{"Text":"Habitación con muros azules."}],
    ["D",{"Text":"Fantasma enorme que está al\nlado de la habitación azul."}],
    ["D",{"Text":"Tipo enfadado."}],
    ["D",{"Text":"Camino de la máquina."}],
    ["D",{"Text":"Robot en el camino hacia el centro\nde la habitación verde."}],
    [{"Text":"Baile de fuego."}],
    [{"Text":"Habitación con el suelo brillante."}],
    [{"Text":"Camino conectado a la habitación\nroja y la habitación azul."}],
    [{"Text":"Tipo enfadado."}],
    [{"Text":"En la parrilla de acero."}],
    [{"Text":"Camino conectado con la habitación\nroja y con la habitación azul."}],
    [{"Text":"No se puede salir de la habitación."}],
    [{"Text":"Habitación con muros rojos."}],
    [{"Text":"Fantasma enorme al lado\nde la habitación roja."}],
    [{"Text":"Ardiendo como loco..."}],
    [{"Text":"En frente del monitor del mapa."}],
    [{"Text":"Robot entre la habitación roja\ny la habitación verde."}],
    ["D",{"Text":"Familia blanca."}],
    ["D",{"Text":"Donde está la llama verde."}],
    ["D",{"Text":"Fantasma enorme en el camino hacia\nel centro de la habitación verde."}],
    ["D",{"Text":"Ojos negros."}],
    ["D",{"Text":"Merodeando entre los pilares."}],
    ["D",{"Text":"Fantasma enorme en el Centro de\nla Pirámide."}],
    ["D",{"Text":"Gran nube de azúcar."}],
    ["D",{"Text":"Merodeando entre los pilares."}],
    ["D",{"Text":"Fantasma enorme en el\nCentro de la Pirámide."}],
    ["D",{"Text":""}],
    ["D",{"Text":""}],
    ["D",{"Text":""}],
    ["D",{"Text":""}],
    ["D",{"Text":""}],
    ["D",{"Text":""}],
    ["D",{"Text":""}],
    ["D",{"Text":""}],
    ["D",{"Text":""}],
    ["D",{"Text":""}],
    ["D",{"Text":""}],
    ["D",{"Text":""}],
    ["D",{"Text":""}],
    ["D",{"Text":""}],
    ["D",{"Text":""}],
    ["D",{"Text":""}],
    ["D",{"Text":""}],
    ["D",{"Text":""}],
    ["D",{"Text":""}],
    ["D",{"Text":""}],
    ["D",{"Text":""}],
    ["D",{"Text":""}],
    ["D",{"Text":""}],
    ["D",{"Text":""}],
    ["D",{"Text":""}],
    ["D",{"Text":""}],
    ["D",{"Text":""}],
    ["D",{"Text":""}],
    ["D",{"Text":""}],
    ["D",{"Text":""}],
    ["D",{"Text":""}],
    ["D",{"Text":""}],
    ["D",{"Text":""}],
    ["D",{"Text":""}],
    ["D",{"Text":""}],
    ["D",{"Text":""}],
    ["D",{"Text":""}],
    ["D",{"Text":""}],
    ["D",{"Text":""}],
    ["D",{"Text":""}],
    ["D",{"Text":""}],
    ["D",{"Text":""}],
    ["D",{"Text":""}],
    ["D",{"Text":""}],
    ["D",{"Text":""}],
    ["D",{"Text":""}],
    ["D",{"Text":""}],
    ["D",{"Text":""}],
    ["D",{"Text":""}],
    ["D",{"Text":""}],
    ["D",{"Text":""}],
    ["D",{"Text":""}],
    ["D",{"Text":""}],
    ["D",{"Text":""}],
    ["D",{"Text":""}],
    ["D",{"Text":""}],
    ["D",{"Text":""}],
    ["D",{"Text":""}],
    ["D",{"Text":""}],
    ["D",{"Text":""}],
    ["D",{"Text":""}],
    ["D",{"Text":""}],
    ["D",{"Text":""}],
    ["D",{"Text":""}],
    ["D",{"Text":""}],
    ["D",{"Text":""}],
    ["D",{"Text":""}],
    ["D",{"Text":""}],
    ["D",{"Text":""}],
    ["D",{"Text":""}],
    ["D",{"Text":""}],
    ["D",{"Text":""}],
    ["D",{"Text":""}],
    ["D",{"Text":""}],
    ["D",{"Text":""}],
    ["D",{"Text":""}],
    ["D",{"Text":""}],
    ["D",{"Text":""}],
    ["D",{"Text":""}],
    ["D",{"Text":""}],
    ["D",{"Text":""}],
    ["D",{"Text":""}],
    ["D",{"Text":""}],
    ["D",{"Text":""}]
  ]
}