{
  "language": "English",
  "texts": [
    ["D",{"Text":"Auf dem Kopf"}],
    ["D",{"Text":"Ein hochgelegener Ort"}],
    ["D",{"Text":"Auf einer Wand mit \ndrei Steingesichtern"}],
    ["D",{"Text":"Auf dem Kopf"}],
    ["D",{"Text":"Ein hochgelegener Ort"}],
    ["D",{"Text":"Auf einer Wand mit \ndrei Steingesichtern"}],
    ["D",{"Text":"Tränen eines Riesen"}],
    ["D",{"Text":"Ein hochgelegener Ort"}],
    ["D",{"Text":"Unter dem linken Auge \neines der drei Steingesichter"}],
    ["D",{"Text":"Steinmonument der Sonne"}],
    ["D",{"Text":"Ein hochgelegener Ort"}],
    ["D",{"Text":"Über der Steinsäule mit \neinem roten Kreis am Wasser"}],
    ["D",{"Text":"Weg der Schildkröte"}],
    ["D",{"Text":"Im Wasser"}],
    ["D",{"Text":"Vor der roten Säule am \nGrund der großen Oase"}],
    ["D",{"Text":"Weg der Schildkröte"}],
    ["D",{"Text":"Im Wasser"}],
    ["D",{"Text":"Vor der roten Säule am \nGrund der großen Oase"}],
    ["D",{"Text":"Hinter der Wasserpflanze"}],
    ["D",{"Text":"Im Wasser"}],
    ["D",{"Text":"Nahe dem großen Blatt \nam Grund der Oase"}],
    ["D",{"Text":"Verzauberte Säule"}],
    ["D",{"Text":"Ein hochgelegener Ort"}],
    ["D",{"Text":"Auf der Säule in der Nähe  \nder drei Steingesichter"}],
    ["D",{"Text":"Auf dem Vorsprung \nmit drei roten Kreisen"}],
    ["D",{"Text":"Ein hochgelegener Ort"}],
    ["D",{"Text":"Auf dem Vorsprung \nüber der großen Oase"}],
    ["D",{"Text":"Opfergabe"}],
    ["D",{"Text":"Große Oase"}],
    ["D",{"Text":"Am Fuß einer großen Säule"}],
    ["D",{"Text":"Auf einer sechseckigen Säule"}],
    ["D",{"Text":"Große Oase"}],
    ["D",{"Text":"Auf der roten Säule"}],
    ["D",{"Text":"Auf einer sechseckigen Säule"}],
    ["D",{"Text":"Große Oase"}],
    ["D",{"Text":"Auf der roten Säule"}],
    ["D",{"Text":"Zwischen den Mini-Säulen"}],
    ["D",{"Text":"Große Oase"}],
    ["D",{"Text":"In der Mitte des Pfahlkreises \nin der großen Oase"}],
    [{"Text":"Rote Blumen und rote Säule"}],
    [{"Text":"Wo die Schmetterlinge sind"}],
    [{"Text":"Unter zwei roten Säulen auf dem \nPfad zu den drei Steingesichtern"}],
    ["D",{"Text":"Vergessenes kleines Boot"}],
    ["D",{"Text":"Die drei Steingesichter"}],
    ["D",{"Text":"Auf dem kleinen Boot \nbei den drei Steingesichtern"}],
    [{"Text":"Beim weit entfernten Teich"}],
    [{"Text":"Wo die Schmetterlinge sind"}],
    [{"Text":"Pfad zu den drei Steingesichtern"}],
    ["D",{"Text":"Am Fuß eines Gehäuses"}],
    ["D",{"Text":"Im Wasser"}],
    ["D",{"Text":"Hinter einer schwimmenden Schildkröte"}],
    ["D",{"Text":"Außerhalb einer Gefängniszelle"}],
    ["D",{"Text":"Im Wasser "}],
    ["D",{"Text":"Nahe dem Zaun am Oasen-Gefängnis"}],
    ["D",{"Text":"Unterwasserbalkon"}],
    ["D",{"Text":"Im Wasser"}],
    ["D",{"Text":"Auf dem Unterwasserriff \nin der großen Oase"}],
    ["D",{"Text":"Unterwasserbalkon"}],
    ["D",{"Text":"Im Wasser"}],
    ["D",{"Text":"Auf dem Unterwasserriff \nin der großen Oase"}],
    [{"Text":"Viele quadratische Gesichter"}],
    [{"Text":"Auf dem Gras"}],
    [{"Text":"Auf einem Pfad mit \nvielen Quadern mit Augen "}],
    [{"Text":"Viele quadratische Gesichter"}],
    [{"Text":"Auf dem Gras"}],
    [{"Text":"Auf einem Pfad mit \nvielen Quadern mit Augen "}],
    [{"Text":"Blaues und weißes \"V\""}],
    [{"Text":"Auf einem Stein"}],
    [{"Text":"Auf der blauen Säule \nvor der Teichstatue"}],
    ["D",{"Text":"Schatz der Steinstatue"}],
    ["D",{"Text":"Nahe dem Wasser"}],
    ["D",{"Text":"Auf einer quadratischen Kiste, \nwelche die Teichstatue hält"}],
    ["D",{"Text":"Blaugestreifter Kopf"}],
    ["D",{"Text":"Auf dem Stein"}],
    ["D",{"Text":"Auf dem Kopf der Teichstatue"}],
    [{"Text":"Blaugestreifter Kopf"}],
    [{"Text":"Auf dem Stein"}],
    [{"Text":"Auf dem Kopf einer sitzenden \nStatue in der kleinen Oase"}],
    [{"Text":"Grüner Teich"}],
    [{"Text":"Ein hochgelegener Ort"}],
    [{"Text":"In einem quadratischen Teich \nüber der kleinen Oase"}],
    [{"Text":"Der Teich vor der Wand"}],
    [{"Text":"Unten"}],
    [{"Text":"Über dem kleinen Teich \nvor dem Wandgemälde"}],
    [{"Text":"GUN-Lager"}],
    [{"Text":"Ein hochgelegener Ort"}],
    [{"Text":"Auf zahlreichen Containern"}],
    [{"Text":"GUN-Lager"}],
    [{"Text":"Ein hochgelegener Ort"}],
    [{"Text":"Auf zahlreichen Containern"}],
    [{"Text":"Riesiges Bild"}],
    [{"Text":"Unten"}],
    [{"Text":"Vor dem riesigen Wandgemälde \nnahe der kleinen Oase"}],
    [{"Text":"Riesiges Bild"}],
    [{"Text":"Unten"}],
    [{"Text":"Vor dem riesigen Wandgemälde \nnahe der kleinen Oase"}],
    [{"Text":"Hinter den Säulenpflanzen"}],
    [{"Text":"Große Oase"}],
    [{"Text":"Im Gras auf dem Vorsprung, \nder über das Wasser ragt"}],
    ["D",{"Text":"Blaue Kiste"}],
    ["D",{"Text":"Große Oase"}],
    ["D",{"Text":"In einer blauen Kiste \nnahe der hohen Säule"}],
    [{"Text":"Smaragdblatt"}],
    [{"Text":"Ein hochgelegener Ort"}],
    [{"Text":"Auf dem grasbewachsenen \nVorsprung über der großen Oase"}],
    ["D",{"Text":"Blaues und weißes \"V\""}],
    ["D",{"Text":"Im Wasser"}],
    ["D",{"Text":"Hinter der blauen Säule \nvor der Teichstatue"}],
    ["D",{"Text":"Erster Stock der \nSteingesichtwohnungen"}],
    ["D",{"Text":"Ein enger Ort"}],
    ["D",{"Text":"In einer blauen Kiste vor dem Teich"}],
    ["D",{"Text":"Hinter dem Schutt"}],
    ["D",{"Text":"Im Wasser"}],
    ["D",{"Text":"Nahe der großblättrigen Wasserpflanze \nam Grund der großen Oase"}],
    ["D",{"Text":"Unterwasserbalkon"}],
    ["D",{"Text":"Große Oase"}],
    ["D",{"Text":"Unter der Plattform, die aus der \nWand am Grund des Teichs ragt"}],
    ["D",{"Text":"Blau und weiß gestreifte Säule"}],
    ["D",{"Text":"Im Wasser"}],
    ["D",{"Text":"Hinter der vergrabenen Säule \nam Grund der großen Oase"}],
    ["D",{"Text":"Auf dem Vorsprung \nmit drei roten Kreisen"}],
    ["D",{"Text":"Ein hochgelegener Ort"}],
    ["D",{"Text":"In einer Urne auf dem \nVorsprung über der großen Oase"}],
    ["D",{"Text":"Von vier Pfählen umgebene blaue Kiste"}],
    ["D",{"Text":"Große Oase"}],
    ["D",{"Text":"In der Kiste auf der Plattform, \ndie über das Wasser ragt"}],
    ["D",{"Text":"Dach des ersten Stocks \nder Steingesichtwohnungen"}],
    ["D",{"Text":"Auf dem Stein"}],
    ["D",{"Text":"In einem Quader mit \nAugen nahe dem Teich"}],
    ["D",{"Text":"Erdgeschoss der \nSteingesichtwohnungen"}],
    ["D",{"Text":"Im Stein"}],
    ["D",{"Text":"In einem Quader mit \nAugen nahe der Teichstatue"}],
    ["D",{"Text":"Erster Stock der \nSteingesichtwohnungen"}],
    ["D",{"Text":"Im Stein"}],
    ["D",{"Text":"In einem Quader mit Augen \nnahe der Teichstatue"}],
    ["D",{"Text":"Von vier Pfählen umgebene blaue Kiste"}],
    ["D",{"Text":"Große Oase"}],
    ["D",{"Text":"In der Kiste auf der Plattform, \ndie über das Wasser ragt"}],
    [{"Text":"Pflanzen im Schatten"}],
    [{"Text":"Kleine Oase"}],
    [{"Text":"In den Pflanzen am Fuß \nder sitzenden Statue"}],
    [{"Text":"Unter dem Stern im GUN-Lager"}],
    [{"Text":"In einer Urne "}],
    [{"Text":"Eine Urne unter der Feder \nüber der kleinen Oase"}],
    ["D",{"Text":"Unter einem Kinn"}],
    ["D",{"Text":"Ein hochgelegener Ort"}],
    ["D",{"Text":"Unter den drei Steingesichtern"}],
    ["D",{"Text":"Unter einem Kinn"}],
    ["D",{"Text":"Ein hochgelegener Ort"}],
    ["D",{"Text":"Unter den drei Steingesichtern"}],
    [{"Text":"Auf der schiefen Säule"}],
    [{"Text":"Im Wasser"}],
    [{"Text":"Greif die Schildkröte im Wasser. Sie \nführt dich vielleicht irgendwo hin"}],
    ["D",{"Text":"Oasen-Gefängnis"}],
    ["D",{"Text":"Im Wasser"}],
    ["D",{"Text":"Greif die Schildkröte im Wasser. Sie \nführt dich vielleicht irgendwo hin"}],
    ["D",{"Text":"Oasen-Gefängnis"}],
    ["D",{"Text":"Im Wasser"}],
    ["D",{"Text":"Greif die Schildkröte im Wasser. Sie \nführt dich vielleicht irgendwo hin"}],
    [{"Text":"Auf dem größten Schildkrötengehäuse"}],
    [{"Text":"Nahe dem Wasser"}],
    [{"Text":"Auf dem Dach des Teichs, in dem\ndie Schildkröten schwimmen"}],
    [{"Text":"Volltreffer!"}],
    [{"Text":"Roter Kreis"}],
    [{"Text":"Vor einem roten Kreis auf einer \nhohen Säule in der kleinen Oase"}],
    [{"Text":"Pflanzen im Schatten"}],
    [{"Text":"Unten"}],
    [{"Text":"Am Fuß der sitzenden \nStatue in der kleinen Oase"}],
    [{"Text":"Zwischen den sich \ngegenüberstehenden Sonnen"}],
    [{"Text":"Ein hochgelegener Ort"}],
    [{"Text":"Zwischen der hohen Säule und \ndem Vorsprung in der großen Oase"}],
    [{"Text":"Zwischen den sich \ngegenüberstehenden Sonnen"}],
    [{"Text":"Ein hochgelegener Ort"}],
    [{"Text":"Zwischen der hohen Säule und \ndem Vorsprung in der großen Oase"}],
    [{"Text":"Fischfutter"}],
    [{"Text":"Ein dunkler Ort"}],
    [{"Text":"Auf dem Wasser nahe \ndem Oasen-Gefängnis"}],
    [{"Text":"Eine rote Blume im Wasser?"}],
    [{"Text":"Oasen-Gefängnis"}],
    [{"Text":"Hinter der Feder"}],
    [{"Text":"Eine rote Blume im Wasser?"}],
    [{"Text":"Im Wasser"}],
    [{"Text":"Zwischen zwei Federn \nbei der Teichstatue"}],
    ["D",{"Text":"Unter den Steingesichtwohnungen"}],
    ["D",{"Text":"Ein schattiger Ort"}],
    ["D",{"Text":"Unter dem sich bewegenden \nGewicht nahe der Teichstatue"}],
    ["D",{"Text":"Verzauberte Säule"}],
    ["D",{"Text":"Ein hochgelegener Ort"}],
    ["D",{"Text":"Über einer Säule, auf welche \ndie drei Steingesichter blicken"}],
    ["D",{"Text":"Auf einer Palme"}],
    ["D",{"Text":"Ein hochgelegener Ort"}],
    ["D",{"Text":"Auf der Palme bei den \ndrei Steingesichtern "}],
    ["D",{"Text":"Eine Kokosnuss?"}],
    ["D",{"Text":"Ein hochgelegener Ort"}],
    ["D",{"Text":"Auf der Palme bei den \ndrei Steingesichtern "}],
    ["D",{"Text":"Zwei riesige Säulen"}],
    ["D",{"Text":"Ein hochgelegener Ort"}],
    ["D",{"Text":"Auf der riesigen roten Säule auf dem \nPfad zu den drei Steingesichtern"}],
    ["D",{"Text":"Blau und weiß gestreifter Tunnel"}],
    ["D",{"Text":"Ein enger Ort"}],
    ["D",{"Text":"In einer Urne im Tunnel \ndes Oasen-Gefängnisses"}],
    [{"Text":"In der Ecke des mit Hieroglyphen \nübersäten Raums "}],
    [{"Text":"Im Wasser"}],
    [{"Text":"Im Oasen-Gefängnis"}],
    [{"Text":"Eine von drei Pfählen umgebene Urne"}],
    [{"Text":"Unten"}],
    [{"Text":"In einer Urne bei der Wand \nnahe der kleinen Oase"}],
    [{"Text":"Schatz der Steinstatue"}],
    [{"Text":"Kleine Oase"}],
    [{"Text":"In der Kiste, die \ndie sitzende Statue hält"}],
    [{"Text":"Beim Stuhl des Riesen"}],
    [{"Text":"Unten"}],
    [{"Text":"Neben dem Stuhl der sitzenden \nStatue in der kleinen Oase"}],
    [{"Text":"Eine Kokosnuss?"}],
    [{"Text":"Bei einem Blatt"}],
    [{"Text":"Auf der Palme nahe der kleinen Oase"}],
    ["D",{"Text":"Unter der Plattform mit vier Pfählen"}],
    ["D",{"Text":"Große Oase"}],
    ["D",{"Text":"Zwischen dem aus der Wand ragenden \nVorsprung und der Wasserkante"}],
    ["D",{"Text":"Blau und weiß gestreifter Tunnel"}],
    ["D",{"Text":"Ein enger Ort"}],
    ["D",{"Text":"Im Tunnel des Oasen-Gefängnisses"}],
    [{"Text":"Klingenpflanze"}],
    [{"Text":"Ein hochgelegener Ort"}],
    [{"Text":"In den Pflanzen auf dem \nPfad über der kleinen Oase"}],
    [{"Text":"Kleines GUN-Lager"}],
    [{"Text":"Ein hochgelegener Ort"}],
    [{"Text":"In einem Quader mit Augen nahe \nContainern in der kleinen Oase"}],
    [{"Text":"Kleines GUN-Lager"}],
    [{"Text":"Ein hochgelegener Ort"}],
    [{"Text":"In einem Quader mit Augen nahe \nContainern in der kleinen Oase"}],
    [{"Text":"GUN-Urne?"}],
    [{"Text":"Über der kleinen Oase"}],
    [{"Text":"In einem Glas zwischen \nzahlreichen Containern"}],
    [{"Text":"Urnenlager"}],
    [{"Text":"Ein hochgelegener Ort"}],
    [{"Text":"In einer Urne auf dem Pfad \nüber der kleinen Oase"}],
    [{"Text":"Eine Kokosnuss?"}],
    [{"Text":"Bei einem Blatt"}],
    [{"Text":"Auf der Palme nahe der kleinen Oase"}],
    [{"Text":""}],
    [{"Text":""}],
    [{"Text":""}],
    [{"Text":""}],
    [{"Text":""}],
    [{"Text":""}],
    [{"Text":""}],
    [{"Text":""}],
    [{"Text":""}],
    [{"Text":""}],
    [{"Text":""}],
    [{"Text":""}],
    [{"Text":""}],
    [{"Text":""}],
    [{"Text":""}],
    [{"Text":""}],
    [{"Text":""}],
    [{"Text":""}],
    [{"Text":""}],
    [{"Text":""}],
    [{"Text":""}],
    [{"Text":""}],
    [{"Text":""}],
    [{"Text":""}],
    [{"Text":"Dry Lagoon-Thermometer"}],
    [{"Text":"Kleine Oase"}],
    [{"Text":"In Bewegung bei der kleinen Säule"}],
    ["D",{"Text":"Umkreise die kleine Sonne"}],
    ["D",{"Text":"Große Oase"}],
    ["D",{"Text":"Nahe dem roten Kreis \nauf der hohen Säule"}],
    [{"Text":"Auf dem größten Schildkrötenpanzer"}],
    [{"Text":"Nahe dem Wasser"}],
    [{"Text":"Auf dem Dach des Teichs, wo \ndie Schildkröten schwimmen"}],
    [{"Text":"Mit Schmetterlingen flatternd"}],
    [{"Text":"Auf einer sechseckigen Säule"}],
    [{"Text":"Auf der roten Säule vor \nden drei Steingesichtern"}],
    ["D",{"Text":"Bewegt sich zwischen der \ngroßen und der kleinen Säule"}],
    ["D",{"Text":"In einem Tal"}],
    ["D",{"Text":"Auf dem Pfad zu den drei \nSteingesichtern schwebend"}],
    ["D",{"Text":"Gehe die Treppen hoch und runter"}],
    ["D",{"Text":"In einem Tal"}],
    ["D",{"Text":"Auf dem Pfad nahe der \nTeichstatue schwebend"}],
    ["D",{"Text":"Schildkrötentunnel"}],
    ["D",{"Text":"Im Wasser"}],
    ["D",{"Text":"Greif die Schildkröte, damit sie dich  \nhinführt... Vielleicht findest du ihn"}],
    ["D",{"Text":"Umkreise die schiefe Säule"}],
    ["D",{"Text":"Im Wasser"}],
    ["D",{"Text":"Greif die Schildkröte, damit sie dich  \nhinführt... Vielleicht findest du ihn"}],
    [{"Text":"Auf dem Vorsprung \nmit drei roten Kreisen"}],
    [{"Text":"Große Oase"}],
    [{"Text":"Mach einen Schraubenkick in die Mitte des \nVorsprungs mit drei Pfählen"}],
    [{"Text":"Auf dem Vorsprung \nmit drei roten Kreisen"}],
    [{"Text":"Große Oase"}],
    [{"Text":"Mach einen Schraubenkick vor dem Schädel"}],
    [{"Text":"Der Ort, aus dem Wasser kommt"}],
    [{"Text":"Im Wasser"}],
    [{"Text":"Über dem Loch am \nGrund der großen Oase"}],
    [{"Text":"Schildkrötentunnel"}],
    [{"Text":"Große Oase"}],
    [{"Text":"Tunneleingang am Grund der Oase, \naus dem Wasser kommt"}],
    [{"Text":"\"V\"-Form"}],
    [{"Text":"Unten"}],
    [{"Text":"Zwischen den beiden \nStämmen der Palme"}],
    [{"Text":"Unter dem Gesicht der Schildkröte"}],
    [{"Text":"Unten"}],
    [{"Text":"Tief unter dem Dach des Teichs, \nin dem die Schildkröten schwimmen"}],
    [{"Text":"Vor den weißen Ziegeln"}],
    [{"Text":"Kleine Oase"}],
    [{"Text":"Zwischen der hohen Säule \nund den weißen Ziegeln"}],
    [{"Text":"Schmetterlingsschatz"}],
    [{"Text":"Ein hochgelegener Ort"}],
    [{"Text":"In der Mitte des Rings am \nHimmel über der kleinen Oase"}],
    [{"Text":"Der höchste Emerald"}],
    [{"Text":"Über der kleinen Oase"}],
    [{"Text":"Zerschmettere den Holzcontainer \nauf dem Vorsprung vor dem GUN-Lager"}],
    [{"Text":"Grabe nach dem Emerald, \num ihn zu bekommen"}],
    [{"Text":"Am Himmel über der kleinen Oase"}],
    [{"Text":"Grabe ein Loch vor dem Emerald \nbei dem riesigen Wandgemälde"}],
    [{"Text":"Bodenlose Grube"}],
    [{"Text":"Große Oase"}],
    [{"Text":"Setze es unter Wasser auf"}],
    ["D",{"Text":""}],
    ["D",{"Text":""}],
    ["D",{"Text":""}],
    ["D",{"Text":""}],
    ["D",{"Text":""}],
    ["D",{"Text":""}],
    ["D",{"Text":""}],
    ["D",{"Text":""}],
    ["D",{"Text":""}],
    ["D",{"Text":""}],
    ["D",{"Text":""}],
    ["D",{"Text":""}],
    ["D",{"Text":""}],
    ["D",{"Text":""}],
    ["D",{"Text":""}],
    ["D",{"Text":"GUN-Wache für das Lager"}],
    ["D",{"Text":"Ein hochgelegener Ort"}],
    ["D",{"Text":"Die GUN-Maschine bei den \nzahlreichen Containern hat es"}],
    ["D",{"Text":"Beschützer des Teichs"}],
    ["D",{"Text":"Ein hochgelegener Ort"}],
    ["D",{"Text":"Die GUN-Maschine auf dem \nPfad über der kleinen Oase"}],
    ["D",{"Text":"Beschützer der Urne"}],
    ["D",{"Text":"Ein hochgelegener Ort"}],
    ["D",{"Text":"Die GUN-Maschine auf dem Pfad"}],
    ["D",{"Text":"Beschützer der Urne"}],
    ["D",{"Text":"Ein hochgelegener Ort"}],
    ["D",{"Text":"Die GUN-Maschine auf dem Pfad"}],
    ["D",{"Text":"GUN-Wache für das Lager"}],
    ["D",{"Text":"Ein hochgelegener Ort"}],
    ["D",{"Text":"Die GUN-Maschine auf dem Pfad"}],
    ["D",{"Text":""}],
    ["D",{"Text":""}],
    ["D",{"Text":""}],
    ["D",{"Text":""}],
    ["D",{"Text":""}],
    ["D",{"Text":""}],
    ["D",{"Text":""}],
    ["D",{"Text":""}],
    ["D",{"Text":""}],
    ["D",{"Text":""}],
    ["D",{"Text":""}],
    ["D",{"Text":""}],
    ["D",{"Text":""}],
    ["D",{"Text":""}],
    ["D",{"Text":""}],
    ["D",{"Text":""}],
    ["D",{"Text":""}],
    ["D",{"Text":""}],
    ["D",{"Text":""}],
    ["D",{"Text":""}],
    ["D",{"Text":""}],
    ["D",{"Text":""}],
    ["D",{"Text":""}],
    ["D",{"Text":""}],
    ["D",{"Text":""}],
    ["D",{"Text":""}],
    ["D",{"Text":""}],
    ["D",{"Text":""}],
    ["D",{"Text":""}],
    ["D",{"Text":""}],
    ["D",{"Text":""}],
    ["D",{"Text":""}],
    ["D",{"Text":""}],
    ["D",{"Text":""}],
    ["D",{"Text":""}],
    ["D",{"Text":""}],
    ["D",{"Text":""}],
    ["D",{"Text":""}],
    ["D",{"Text":""}],
    ["D",{"Text":""}],
    ["D",{"Text":""}],
    ["D",{"Text":""}],
    ["D",{"Text":""}],
    ["D",{"Text":""}],
    ["D",{"Text":""}],
    ["D",{"Text":""}],
    ["D",{"Text":""}],
    ["D",{"Text":""}],
    ["D",{"Text":""}],
    ["D",{"Text":""}],
    ["D",{"Text":""}],
    ["D",{"Text":""}],
    ["D",{"Text":""}],
    ["D",{"Text":""}],
    ["D",{"Text":""}],
    ["D",{"Text":""}],
    ["D",{"Text":""}],
    ["D",{"Text":""}],
    ["D",{"Text":""}],
    ["D",{"Text":""}],
    ["D",{"Text":""}],
    ["D",{"Text":""}],
    ["D",{"Text":""}],
    ["D",{"Text":""}],
    ["D",{"Text":""}],
    ["D",{"Text":""}],
    ["D",{"Text":""}],
    ["D",{"Text":""}],
    ["D",{"Text":""}],
    ["D",{"Text":""}],
    ["D",{"Text":""}],
    ["D",{"Text":""}],
    ["D",{"Text":""}],
    ["D",{"Text":""}],
    ["D",{"Text":""}],
    ["D",{"Text":""}],
    ["D",{"Text":""}],
    ["D",{"Text":""}],
    ["D",{"Text":""}],
    ["D",{"Text":""}],
    ["D",{"Text":""}],
    ["D",{"Text":""}],
    ["D",{"Text":""}],
    ["D",{"Text":""}],
    ["D",{"Text":""}],
    ["D",{"Text":""}],
    ["D",{"Text":""}],
    ["D",{"Text":""}],
    ["D",{"Text":""}],
    ["D",{"Text":""}],
    ["D",{"Text":""}],
    ["D",{"Text":""}],
    ["D",{"Text":""}]
  ]
}