{
  "language": "English",
  "texts": [
	[{"Text":"Armored carpool."}],
	[{"Text":"A high place."}],
	[{"Text":"A square sandpit, which is\nblocked by a red pillar."}],
	[{"Text":"Armored carpool."}],
	[{"Text":"A high place."}],
	[{"Text":"A square sandpit, which is\nblocked by a red pillar."}],
	[{"Text":"At the foot of a pillar."}],
	[{"Text":"A high place."}],
	[{"Text":"A hiding place in front\nof a lonely statue."}],
	[{"Text":"A swirl pyramid."}],
	[{"Text":"A high place."}],
	[{"Text":"Follow the swirl tiles on the wall."}],
	[{"Text":"A terrace with two legs."}],
	[{"Text":"Rolling rocks."}],
	[{"Text":"Under the weight that is moving\nup and down by a wall."}],
	[{"Text":"A terrace with two legs."}],
	[{"Text":"Rolling rocks."}],
	[{"Text":"Under the weight that is moving\nup and down by a wall."}],
	[{"Text":"Near a chair."}],
	[{"Text":"Dancing rocks."}],
	[{"Text":"At the bottom of the statue\nwith one swirl tile."}],
	[{"Text":"On a sandy path that leads\nto a stone statue head."}],
	[{"Text":"A shady place."}],
	[{"Text":"Under the weight that is moving\nup and down by a wall."}],
	[{"Text":"In front of the double containers."}],
	[{"Text":"A high place."}],
	[{"Text":"On the cliff sticking\nout of the middle. "}],
	[{"Text":"In front of the double containers."}],
	[{"Text":"A high place."}],
	[{"Text":"On the cliff sticking\nout of the middle. "}],
	[{"Text":"In front of a bird chest\nunder four feathers."}],
	[{"Text":"A high place."}],
	[{"Text":"A cliff with two item boxes."}],
	[{"Text":"On the side of a bird chest\nunder four feathers"}],
	[{"Text":"A high place."}],
	[{"Text":"A cliff with two item boxes."}],
	[{"Text":"A suspended ceiling."}],
	[{"Text":"A high place."}],
	[{"Text":"On top of a statue head\ndeep in the valley."}],
	[{"Text":"A golden circle on a red circle."}],
	[{"Text":"A bright place."}],
	[{"Text":"On the square building\nin the upper valley."}],
	[{"Text":"He's holding a box."}],
	[{"Text":"A high place."}],
	[{"Text":"On the lap of a\nlonely stone statue."}],
	[{"Text":"A parakeet on the left shoulder."}],
	[{"Text":"In the valley."}],
	[{"Text":"On the left shoulder of a\nlonely stone statue."}],
	[{"Text":"At the bottom of a swirl tile pyramid."}],
	[{"Text":"In a bright valley."}],
	[{"Text":"A valley with a lot of square\nbuildings, near the swirl tiles. "}],
	[{"Text":"By a wind jump board."}],
	[{"Text":"Rolling rocks."}],
	[{"Text":"Up from where the wind blows."}],
	[{"Text":"The place pointed out by two priests."}],
	[{"Text":"Dancing rocks."}],
	[{"Text":"In front of a wall painting near an\nopening that you can go down."}],
	[{"Text":"The head of the 4th stone statue."}],
	[{"Text":"Dancing rocks."}],
	[{"Text":"On a statue that holds\nfour swirl tiles."}],
	[{"Text":"Between the twin stars."}],
	[{"Text":"Rolling rocks."}],
	[{"Text":"Between two red springs."}],
	[{"Text":"A pair of earrings."}],
	[{"Text":"A high place."}],
	[{"Text":"By the stone statue face."}],
	[{"Text":"On the pillar."}],
	[{"Text":"A high place."}],
	[{"Text":"On the red pillar by the weight\nthat's moving up and down."}],
	[{"Text":"At the bottom of a pillar."}],
	[{"Text":"In the valley."}],
	[{"Text":"At the bottom of a tilted pillar near\nthe weight that's moving up and down."}],
	[{"Text":"On the spiral tile."}],
	[{"Text":"A high place."}],
	[{"Text":"Under three swirl tiles near\nthe huge statue head."}],
	[{"Text":"Over the head."}],
	[{"Text":"In the valley."}],
	[{"Text":"On the top of the statue's head."}],
	[{"Text":"The altar with six pillars."}],
	[{"Text":"A dark place."}],
	[{"Text":"The shorter one among six pillars."}],
	[{"Text":"Between four birds."}],
	[{"Text":"A dark place."}],
	[{"Text":"At the bottom of a huge swirl arrow."}],
	[{"Text":"Between the red and green\nstriped pillars."}],
	[{"Text":"A dark place."}],
	[{"Text":"Between two pillars by a passageway\nby a wall downstairs."}],
	[{"Text":"\"Wild Canyon Track.\""}],
	[{"Text":"A dark place."}],
	[{"Text":"In front of a twin's head."}],
	[{"Text":"At the bottom of a huge wall painting."}],
	[{"Text":"Near a windy place."}],
	[{"Text":"On the green and red striped stand."}],
	[{"Text":"On the top of ten fingers."}],
	[{"Text":"Down below."}],
	[{"Text":"On the lap of a sitting statue."}],
	[{"Text":"Four whirling eyes."}],
	[{"Text":"A head of a huge statue."}],
	[{"Text":"Inside a wooden container\nunder the eye windmill."}],
	[{"Text":"Four swirling eyes."}],
	[{"Text":"A head of a huge statue."}],
	[{"Text":"Inside of a wooden container\nunder the eye windmill."}],
	[{"Text":"Inside a statue storage area."}],
	[{"Text":"A high place."}],
	[{"Text":"Inside a statue sealed in a container."}],
	[{"Text":"A lonely container."}],
	[{"Text":"A high place."}],
	[{"Text":"Inside a wooden container\nat the bottom of a red pillar."}],
	[{"Text":"A bird box in the shade."}],
	[{"Text":"A high place."}],
	[{"Text":"In a treasure chest by a red\npillar near the lonely statue."}],
	[{"Text":"At the bottom of a pillar."}],
	[{"Text":"A dark place."}],
	[{"Text":"A hidden place in front\nof a lonely statue."}],
	[{"Text":"A bird box."}],
	[{"Text":"Rolling rocks."}],
	[{"Text":"In a treasure chest near an\nopening you can go down."}],
	[{"Text":"Under the elbow."}],
	[{"Text":"Rolling rocks."}],
	[{"Text":"Under the elbow of a statue that\nis sitting on a chair."}],
	[{"Text":"Double containers."}],
	[{"Text":"A high place."}],
	[{"Text":"Two wooden containers\nnext to each other."}],
	[{"Text":"Double containers."}],
	[{"Text":"A high place."}],
	[{"Text":"Two wooden containers\nnext to each other."}],
	[{"Text":"Inside a statue storage area."}],
	[{"Text":"A high place."}],
	[{"Text":"Inside of a statue sealed\nwith a container."}],
	[{"Text":"A statue with scary eyes."}],
	[{"Text":"A high place."}],
	[{"Text":"Inside of a statue sealed\nwith a container."}],
	[{"Text":"Inside a statue storage area."}],
	[{"Text":"A high place."}],
	[{"Text":"Inside of a statue sealed\nwith a container."}],
	[{"Text":"A treasure of four stone statues."}],
	[{"Text":"Dancing rocks."}],
	[{"Text":"In a treasure chest up where\nthe wind blows."}],
	[{"Text":"A bird box."}],
	[{"Text":"Dancing rocks."}],
	[{"Text":"The left treasure chest\nof three next to each other."}],
	[{"Text":"A swirling container."}],
	[{"Text":"A dark place."}],
	[{"Text":"In a wooden container surrounded\nby swirling panels down below."}],
	[{"Text":"A sandy path to the head\nof a stone statue."}],
	[{"Text":"In the shade."}],
	[{"Text":"Under the weight that is moving\nup and down by the wall."}],
	[{"Text":"Between the red pillars."}],
	[{"Text":"A high place."}],
	[{"Text":"Under the weight that is moving\nup and down by the wall."}],
	[{"Text":"Swirling."}],
	[{"Text":"A high place."}],
	[{"Text":"On the three swirling tiles near the \nhead of a stone statue."}],
	[{"Text":"On a red circle."}],
	[{"Text":"\"Wild Canyon Track.\""}],
	[{"Text":"On a square building."}],
	[{"Text":"On the scary eyes in\nthe \"Wild Canyon Track.\""}],
	[{"Text":"A windy hall."}],
	[{"Text":"On the square building."}],
	[{"Text":"A pillar without a treasure."}],
	[{"Text":"Near a windy place."}],
	[{"Text":"The tallest one among\nthe six pillars underground."}],
	[{"Text":"On the lap of a wall painting."}],
	[{"Text":"A dark place."}],
	[{"Text":"Follow the arrow between\ntwo treasure chests."}],
	[{"Text":"The arrow pointing to the right."}],
	[{"Text":"A dark place."}],
	[{"Text":"The arrow pointing to the right\nmade of swirling panels."}],
	[{"Text":"Four whirling eyes."}],
	[{"Text":"A high place."}],
	[{"Text":"Under the eye windmill."}],
	[{"Text":"Four whirling eyes."}],
	[{"Text":"A high place."}],
	[{"Text":"Under the eye windmill."}],
	[{"Text":"In front of a mountain with\ngreen and red stripes."}],
	[{"Text":"Near a strong wind."}],
	[{"Text":"A cliff sticking out under a windmill\nin the middle of the upper area."}],
	[{"Text":"Where wind is generated."}],
	[{"Text":"Rolling rocks."}],
	[{"Text":"Near an area where the\nwind is generated upwards."}],
	[{"Text":"By a tall pillar."}],
	[{"Text":"The windy hall."}],
	[{"Text":"By the tallest one pillar\namong six."}],
	[{"Text":"In the center of the 8th pillar."}],
	[{"Text":"A high place."}],
	[{"Text":"Between two windmills on the\nhead of a stone statue."}],
	[{"Text":"Between the red pillars."}],
	[{"Text":"A high place."}],
	[{"Text":"Under the weight that is moving\nup and down by the wall"}],
	[{"Text":"Over the tilted pillar."}],
	[{"Text":"A high place."}],
	[{"Text":"The path to the head of a\nstone statue, on the tilted pillar."}],
	[{"Text":"Under the wings of two birds."}],
	[{"Text":"A high place."}],
	[{"Text":"Behind the head of a\nstone statue."}],
	[{"Text":"A red gate."}],
	[{"Text":"On the sand."}],
	[{"Text":"In the treasure chest by\nthe head of a stone statue."}],
	[{"Text":"A red gate."}],
	[{"Text":"By a ring."}],
	[{"Text":"In a wooden container by\na stone container."}],
	[{"Text":"A bird box."}],
	[{"Text":"Down below."}],
	[{"Text":"The middle one among three treasure\nchests next to each other."}],
	[{"Text":"Where the wind blows."}],
	[{"Text":"Down below."}],
	[{"Text":"In a treasure chest at\nthe bottom of a pillar."}],
	[{"Text":"A swirling container."}],
	[{"Text":"A dark place."}],
	[{"Text":"In a wooden container surrounded by \nswirling panels down below."}],
	[{"Text":"A bird box."}],
	[{"Text":"Down below."}],
	[{"Text":"The right one among three treasure\nchests next to each other."}],
	[{"Text":"\"Wild Canyon Track.\""}],
	[{"Text":"A small place."}],
	[{"Text":"In a square statue on a passageway\nby the wall downstairs."}],
	[{"Text":"Under the elbow."}],
	[{"Text":"Dancing rocks."}],
	[{"Text":"Under the elbow of a statue\nthat is sitting on a chair."}],
	[{"Text":"Behind a face."}],
	[{"Text":"A dark place."}],
	[{"Text":"A treasure chest behind a\nrock that you can push."}],
	[{"Text":"Behind a face."}],
	[{"Text":"A dark place."}],
	[{"Text":"A treasure chest behind a\nrock that you can push."}],
	[{"Text":"On a railway."}],
	[{"Text":"A windy hall."}],
	[{"Text":"Move a rock with a square face."}],
	[{"Text":"On a railway."}],
	[{"Text":"A windy hall."}],
	[{"Text":"Move a rock with a square face."}],
	[{"Text":"On a railway."}],
	[{"Text":"A windy hall."}],
	[{"Text":"Move a rock with a square face."}],
	[{"Text":"A swirling arrow."}],
	[{"Text":"A dark place."}],
	[{"Text":"In a treasure chest under an\narrow in a windy hall."}],
	[{"Text":"\"Wild Canyon Track.\""}],
	[{"Text":"A small place."}],
	[{"Text":"In a square statue on a passageway\nby a wall downstairs."}],
	[{"Text":""}],
	[{"Text":""}],
	[{"Text":""}],
	[{"Text":""}],
	[{"Text":""}],
	[{"Text":""}],
	[{"Text":""}],
	[{"Text":""}],
	[{"Text":""}],
	[{"Text":""}],
	[{"Text":""}],
	[{"Text":""}],
	[{"Text":""}],
	[{"Text":""}],
	[{"Text":""}],
	[{"Text":""}],
	[{"Text":""}],
	[{"Text":""}],
	[{"Text":""}],
	[{"Text":""}],
	[{"Text":""}],
	[{"Text":""}],
	[{"Text":""}],
	[{"Text":""}],
	[{"Text":"On a sandy path to a statue head."}],
	[{"Text":"In the valley."}],
	[{"Text":"Go in between red pillars."}],
	[{"Text":"Orbiting above the face."}],
	[{"Text":"A bright place."}],
	[{"Text":"Around a stone statue head."}],
	[{"Text":"\"Wild Canyon Track.\""}],
	[{"Text":"Near the ceiling."}],
	[{"Text":"Circle along a path outside the wall."}],
	[{"Text":"Where the wind blows."}],
	[{"Text":"Dancing rocks."}],
	[{"Text":"Circle around a windy area."}],
	[{"Text":"A sandpit."}],
	[{"Text":"A bright place."}],
	[{"Text":"Move around in the armored carpool."}],
	[{"Text":"Red and green stripes."}],
	[{"Text":"Rolling rocks."}],
	[{"Text":"Two pillars on the cliff\nwith two red springs."}],
	[{"Text":"The altar with six pillars."}],
	[{"Text":"Near a windy place."}],
	[{"Text":"Go in between six pillars."}],
	[{"Text":"Between two stone statues."}],
	[{"Text":"A dark place."}],
	[{"Text":"Are the stone statues facing\neach other playing catch?"}],
	[{"Text":"In front of a mountain with\nred and green stripes."}],
	[{"Text":"Near the strong wind."}],
	[{"Text":"A cliff sticking out under a windmill\nin the middle of the upper area."}],
	[{"Text":"In front of a mountain with\nred and green stripes."}],
	[{"Text":"Near the strong wind."}],
	[{"Text":"A cliff sticking out under a windmill\nin the middle of the upper area."}],
	[{"Text":"In a storm zone."}],
	[{"Text":"Dancing rocks."}],
	[{"Text":"The lower area where\nwind is generated."}],
	[{"Text":"In a storm zone."}],
	[{"Text":"Rolling rocks."}],
	[{"Text":"The lower area where\nwind is generated."}],
	[{"Text":"A terrace with two legs."}],
	[{"Text":"Rolling rocks."}],
	[{"Text":"Between the two pillars near a\narea where wind blows."}],
	[{"Text":"The golden path."}],
	[{"Text":"Near the strong wind."}],
	[{"Text":"Between the tall pillars\nin a hall downstairs."}],
	[{"Text":"In a storm zone."}],
	[{"Text":"A dark place."}],
	[{"Text":"The lower area where\nthe wind is generated."}],
	[{"Text":"The beginning room."}],
	[{"Text":"The windy hall."}],
	[{"Text":"Between the two pillars where\nthere are three treasure chests."}],
	[{"Text":"\"X\" marks the spot."}],
	[{"Text":"Behind something."}],
	[{"Text":"Right below the suspended ceiling\nin front of a lonely statue."}],
	[{"Text":"A secret room."}],
	[{"Text":"The other side of a wall painting."}],
	[{"Text":"If you dig into a wall painting,\nthere is a new path to..."}],
	[{"Text":"A very windy area."}],
	[{"Text":"You can't use your\ntechnique to get it!"}],
	[{"Text":"Try wearing your sunglasses\non a pillar somewhere."}],
	[{"Text":"A suspended ceiling."}],
	[{"Text":"A high place."}],
	[{"Text":"Can you get it if you defeat\nthe GUN's military weapons?"}],
	[{"Text":"On a sandy path to a\nstone statue head."}],
	[{"Text":"A high place."}],
	[{"Text":"Do the GUN weapons have...?"}],
	[{"Text":"On a sandy path to a\nstone statue head."}],
	[{"Text":"A high place."}],
	[{"Text":"Can you get it if you defeat\nthe GUN's weapons?"}],
	[{"Text":"On a sandy path to a\nstone statue head."}],
	[{"Text":"A high place."}],
	[{"Text":"Can you get it if you defeat\nthe GUN's weapons?"}],
	[{"Text":"Near the six pillars."}],
	[{"Text":"A dark place."}],
	[{"Text":"Try breaking the floating rocks\nwith a Glide attack."}],
	[{"Text":"Near the six pillars."}],
	[{"Text":"A dark place."}],
	[{"Text":"Try breaking the floating rocks\nwith a Glide attack."}],
	[{"Text":"Near the six pillars."}],
	[{"Text":"A dark place."}],
	[{"Text":"Try breaking the floating rocks\nwith a Glide attack."}],
	[{"Text":"Near the six pillars."}],
	[{"Text":"A dark place."}],
	[{"Text":"Try breaking the floating rocks\nwith a Glide attack."}],
	[{"Text":"Stone statue quartet."}],
	[{"Text":"A stone dancing."}],
	[{"Text":"Try breaking the floating rocks\nwith a Glide attack."}],
	[{"Text":"Stone statue quartet."}],
	[{"Text":"A bright place."}],
	[{"Text":"Try breaking the floating rocks\nwith a Glide attack."}],
	[{"Text":"Stone statue quartet."}],
	[{"Text":"A windy area."}],
	[{"Text":"Try breaking the floating rocks\nwith a Glide attack."}],
	[{"Text":"Stone statue quartet."}],
	[{"Text":"A bright place."}],
	[{"Text":"Try breaking the floating rocks\nwith a Glide attack."}],
	[{"Text":"Stone statue quartet."}],
	[{"Text":"A windy area."}],
	[{"Text":"Try breaking the floating rocks\nwith a Glide attack."}],
	[{"Text":""}],
	[{"Text":""}],
	[{"Text":""}],
	[{"Text":""}],
	[{"Text":""}],
	[{"Text":""}],
	[{"Text":""}],
	[{"Text":""}],
	[{"Text":""}],
	[{"Text":""}],
	[{"Text":""}],
	[{"Text":""}],
	[{"Text":""}],
	[{"Text":""}],
	[{"Text":""}],
	[{"Text":""}],
	[{"Text":""}],
	[{"Text":""}],
	[{"Text":""}],
	[{"Text":""}],
	[{"Text":""}],
	[{"Text":""}],
	[{"Text":""}],
	[{"Text":""}],
	[{"Text":""}],
	[{"Text":""}],
	[{"Text":""}],
	[{"Text":""}],
	[{"Text":""}],
	[{"Text":""}],
	[{"Text":""}],
	[{"Text":""}],
	[{"Text":""}],
	[{"Text":""}],
	[{"Text":""}],
	[{"Text":""}],
	[{"Text":""}],
	[{"Text":""}],
	[{"Text":""}],
	[{"Text":""}],
	[{"Text":""}],
	[{"Text":""}],
	[{"Text":""}],
	[{"Text":""}],
	[{"Text":""}],
	[{"Text":""}],
	[{"Text":""}],
	[{"Text":""}],
	[{"Text":""}],
	[{"Text":""}],
	[{"Text":""}],
	[{"Text":""}],
	[{"Text":""}],
	[{"Text":""}],
	[{"Text":""}],
	[{"Text":""}],
	[{"Text":""}],
	[{"Text":""}],
	[{"Text":""}],
	[{"Text":""}],
	[{"Text":""}],
	[{"Text":""}],
	[{"Text":""}],
	[{"Text":""}],
	[{"Text":""}],
	[{"Text":""}],
	[{"Text":""}],
	[{"Text":""}],
	[{"Text":""}],
	[{"Text":""}],
	[{"Text":""}],
	[{"Text":""}],
	[{"Text":""}],
	[{"Text":""}],
	[{"Text":""}],
	[{"Text":""}],
	[{"Text":""}],
	[{"Text":""}],
	[{"Text":""}],
	[{"Text":""}],
	[{"Text":""}],
	[{"Text":""}],
	[{"Text":""}],
	[{"Text":""}]
  ]
}