{
  "language": "English",
  "texts": [
	["D",{"Text":"The highest rotating beacon."}],
	["D",{"Text":"The platform below the ARK."}],
	["D",{"Text":"On a floating stone platform near\nthe inverted blue tower."}],
	["D",{"Text":"Black boxes on the black platform."}],
	["D",{"Text":"A high place."}],
	["D",{"Text":"On a platform near the\ninverted blue tower."}],
	[{"Text":"Forget to put it in a big container?"}],
	[{"Text":"On a container."}],
	[{"Text":"On the huge suspended containers."}],
	["D",{"Text":"Next to a rocket aimed at the ARK."}],
	["D",{"Text":"A big floating platform."}],
	["D",{"Text":"On top of a platform with six circles."}],
	[{"Text":"Too heavy to float."}],
	[{"Text":"A big floating platform."}],
	[{"Text":"Under a platform with six circles."}],
	[{"Text":"Dig into a small meteorite."}],
	[{"Text":"Near the huge suspended containers."}],
	[{"Text":"In a small meteorite above a spring\nabove a star symbol."}],
	["D",{"Text":"On top of the steel drilling tower."}],
	["D",{"Text":"Suspended above the YELLOW ground."}],
	["D",{"Text":"On a tower that contains\na moving tube inside."}],
	["D",{"Text":"On top of the steel drilling tower. "}],
	["D",{"Text":"Suspended above the\nGRAY ground you see below."}],
	["D",{"Text":"On a tower that contains\na moving tube inside."}],
	["D",{"Text":"Two huge containers."}],
	["D",{"Text":"Between the inverted blue tower \nand the steel tower on the ground. "}],
	["D",{"Text":"On the huge containers\nnext to each other."}],
	[{"Text":"The ARK's huge storage area."}],
	[{"Text":"Between the inverted blue tower \nand the steel tower on the ground. "}],
	[{"Text":"A square stone platform\nnear the huge containers."}],
	[{"Text":"The ARK's huge storage area."}],
	[{"Text":"Between the inverted blue tower \nand the steel tower on the ground. "}],
	[{"Text":"A square stone platform\nnear the huge containers."}],
	[{"Text":"The ARK's huge storage area."}],
	[{"Text":"Between the inverted blue tower \nand the steel tower on the ground. "}],
	[{"Text":"On one of the huge containers."}],
	[{"Text":"The ARK's huge storage area."}],
	[{"Text":"Between the inverted blue tower \nand the steel tower on the ground. "}],
	[{"Text":"On one of the huge containers."}],
	["D",{"Text":"In front of the weight elevator."}],
	["D",{"Text":"A floating platform."}],
	["D",{"Text":"In front of the moving weight\non a square stone platform."}],
	["D",{"Text":"Between the floating containers."}],
	["D",{"Text":"Between the inverted blue tower \nand the steel tower on the ground. "}],
	["D",{"Text":"The fourth big floating\nplatform from the bottom."}],
	["D",{"Text":"Near a moon with a rotating beacon."}],
	["D",{"Text":"Between the inverted blue tower \nand the steel tower on the ground. "}],
	["D",{"Text":"On a square stone platform \nwith one rotating beacon."}],
	["D",{"Text":"Between the floating containers."}],
	["D",{"Text":"Between the inverted blue tower \nand the steel tower on the ground. "}],
	["D",{"Text":"The fourth big floating\nplatform from the bottom."}],
	["D",{"Text":"On a rotating beacon\nabove a blue moon."}],
	["D",{"Text":"Between the inverted blue tower \nand the steel tower on the ground. "}],
	["D",{"Text":"On a square stone platform \nwith one rotating beacon."}],
	["D",{"Text":"Above a blue moon in front of a tank."}],
	["D",{"Text":"Dense meteorite area."}],
	["D",{"Text":"On a moon symbol located on two\nconnected square stone platforms."}],
	["D",{"Text":"Above a blue moon in front of a tank."}],
	["D",{"Text":"Dense meteorite area."}],
	["D",{"Text":"On a moon symbol located on two\nconnected square stone platforms."}],
	[{"Text":"Where two stone\nplatforms are joined."}],
	[{"Text":"Dense meteorite area."}],
	[{"Text":"On a steel beam between two\nconnected stone platforms."}],
	["D",{"Text":"In front of the shortcut rocket."}],
	["D",{"Text":"On a square stone platform."}],
	["D",{"Text":"Near the rocket in the big\nsteel tower on the ground."}],
	["D",{"Text":"In front of the shortcut rocket."}],
	["D",{"Text":"On a square stone platform."}],
	["D",{"Text":"Near the rocket in the big\nsteel tower on the ground."}],
	["D",{"Text":"The huge shutter on the steel tower."}],
	["D",{"Text":"Pyramid-shaped base."}],
	["D",{"Text":"Around the base of the big steel\ntower on the ground."}],
	[{"Text":"In front of a big door\nthat never opens."}],
	[{"Text":"On the YELLOW ground."}],
	[{"Text":"In front of the steel tower."}],
	["D",{"Text":"Hot molten lava below. "}],
	["D",{"Text":"Down below."}],
	["D",{"Text":"In front of loading dock \"0-2\"."}],
	["D",{"Text":"Zero point five."}],
	["D",{"Text":"Down below."}],
	["D",{"Text":"In front of loading dock \"0-5\"."}],
	["D",{"Text":"Drilling tower."}],
	["D",{"Text":"Down below."}],
	["D",{"Text":"On a tower that contains\na moving tube inside."}],
	["D",{"Text":"On something strong."}],
	["D",{"Text":"Down below."}],
	["D",{"Text":"On the yellow bulldozer which is\non the GRAY ground below."}],
	["D",{"Text":"Between the rotating beacons."}],
	["D",{"Text":"On the GRAY ground below."}],
	["D",{"Text":"Behind loading dock \"0-1\"."}],
	["D",{"Text":"Between the noisy machines."}],
	["D",{"Text":"Down below."}],
	["D",{"Text":"Near the moving weight."}],
	["D",{"Text":"In the center of a triangle star."}],
	["D",{"Text":"Down below."}],
	["D",{"Text":"In the middle of a star symbol\non the GRAY ground."}],
	["D",{"Text":"Floating stone above a moon."}],
	["D",{"Text":"The tip of the ARK."}],
	["D",{"Text":"In a stone on a moon symbol\non the highest platform."}],
	[{"Text":"The ARK's huge storage area."}],
	[{"Text":"Between the inverted blue tower \nand the steel tower on the ground. "}],
	[{"Text":"In the left one of the\ntwo huge containers."}],
	[{"Text":"Steel guardian."}],
	[{"Text":"Between the inverted blue tower \nand the steel tower on the ground. "}],
	[{"Text":"In the three huge containers \nthat are next to each other."}],
	["D",{"Text":"Upper the floating tank!"}],
	["D",{"Text":"A lot of floating platforms."}],
	["D",{"Text":"On the platform above the lonely\nfloating container."}],
	["D",{"Text":"Upper the floating tank!"}],
	["D",{"Text":"A lot of small floating meteorites."}],
	["D",{"Text":"On a platform above the lonely\nfloating container."}],
	[{"Text":"Tic-tac-toe!"}],
	[{"Text":"A floating square stone platform."}],
	[{"Text":"Try breaking a container\nin the steel tower on the ground..."}],
	["D",{"Text":"The ARK's huge container."}],
	["D",{"Text":"Down below."}],
	["D",{"Text":"Try knocking the huge meteorite\noff loading dock \"0-5\"."}],
	["D",{"Text":"The ARK's huge container."}],
	["D",{"Text":"Down below."}],
	["D",{"Text":"Try knocking the huge meteorite\noff loading dock \"0-5\"."}],
	["D",{"Text":"A container within a container."}],
	["D",{"Text":"Between the inverted blue tower \nand the steel tower on the ground. "}],
	["D",{"Text":"In the three huge containers \nthat are next to each other."}],
	["D",{"Text":"Inside a container\nwhich is behind a container."}],
	["D",{"Text":"Between the inverted blue tower \nand the steel tower on the ground. "}],
	["D",{"Text":"In the right one of\nthe two huge containers."}],
	[{"Text":"A container that doesn't float."}],
	[{"Text":"A big floating platform."}],
	[{"Text":"In a container on a platform\nwith six circles."}],
	["D",{"Text":"In the floating containers."}],
	["D",{"Text":"Between the inverted blue tower \nand the steel tower on the ground. "}],
	["D",{"Text":"The fourth big floating\nplatform from the bottom."}],
	["D",{"Text":"Next to the rocket\npointing at the ARK."}],
	["D",{"Text":"In the floating containers."}],
	["D",{"Text":"On top of a big platform\nwith six circles."}],
	[{"Text":"A fast rotating meteorite."}],
	[{"Text":"A lot of small meteorites."}],
	[{"Text":"Try breaking the rotating meteorite\nnear the square stone platform..."}],
	["D",{"Text":"A fast rotating meteorite."}],
	["D",{"Text":"A lot of small meteorites"}],
	["D",{"Text":"Try breaking the rotating meteorite\nnear the square stone platform..."}],
	["D",{"Text":"In a wooden box."}],
	["D",{"Text":"Down below."}],
	["D",{"Text":"A wooden container next to the\nyellow bulldozer on the GRAY ground."}],
	[{"Text":"Behind a star."}],
	[{"Text":"The tip of the ARK."}],
	[{"Text":"Try digging behind a balcony with\na star on an inverted blue tower."}],
	[{"Text":"Try digging while watching the moon."}],
	[{"Text":"A big platform with six circles."}],
	[{"Text":"Dig under a moon on the wall next\nto a big platform with a rocket."}],
	[{"Text":"Try digging while watching the stars."}],
	[{"Text":"A big platform with six circles."}],
	[{"Text":"Dig under a star on the wall next\nto a big platform with a rocket."}],
	[{"Text":"Try digging while watching the moon."}],
	[{"Text":"A big platform with six circles"}],
	[{"Text":"Dig under a moon next to a big\nplatform without a floating container."}],
	[{"Text":"Try digging while watching the moon."}],
	[{"Text":"A big platform with six circles."}],
	[{"Text":"Dig under a moon next to a big\nplatform without a floating container."}],
	[{"Text":"Try digging while watching the stars."}],
	[{"Text":"A big platform with six circles."}],
	[{"Text":"Dig under a star on the wall next\nto a big platform with a steel beam."}],
	[{"Text":"Try digging while watching the moon."}],
	[{"Text":"A big platform with six circles."}],
	[{"Text":"Dig under a moon on the wall next\nto a big platform with a steel beam."}],
	[{"Text":"Try digging while watching the stars."}],
	[{"Text":"A big platform with six circles."}],
	[{"Text":"Dig under a star next to a big\nplatform without a floating container."}],
	[{"Text":"Next to a mini-steel beam."}],
	[{"Text":"A big platform with six circles."}],
	[{"Text":"Dig next to a steel beam\nsticking out of a wall..."}],
	[{"Text":"Next to the mini-steel beam."}],
	[{"Text":"A big platform with six circles."}],
	[{"Text":"Dig next to the steel beam\nsticking out of a wall..."}],
	[{"Text":"Shadow of a floating tank."}],
	[{"Text":"A lot of small meteorites."}],
	[{"Text":"Dig in the shadow of a floating tank \non a square stone platform."}],
	[{"Text":"Between two rotating beacons."}],
	[{"Text":"A lot of small meteorites."}],
	[{"Text":"Dig between two beacons on a\nsquare platform with a spring..."}],
	[{"Text":"Shadow of a floating tank."}],
	[{"Text":"RED ground."}],
	[{"Text":"Dig in the shadow of a floating tank \nunder three arches."}],
	[{"Text":"Powerless by itself."}],
	[{"Text":"YELLOW ground."}],
	[{"Text":"Dig under the moving weight \nin front of the bulldozer..."}],
	[{"Text":"Middle of the rotating beacon."}],
	[{"Text":"Boundary of the RED\nand YELLOW ground."}],
	[{"Text":"Buried somewhere surrounded by\nfour beacons by loading dock \"0-5\"."}],
	[{"Text":"Center of a square shadow."}],
	[{"Text":"On the GRAY ground below."}],
	[{"Text":"Try digging in the middle of\na moving weight..."}],
	["D",{"Text":"Under a star."}],
	["D",{"Text":"The tip of the ARK."}],
	["D",{"Text":"Try digging behind a balcony with\na star on an inverted blue tower."}],
	["D",{"Text":"Between the moon and stars."}],
	["D",{"Text":"The tip of the ARK."}],
	["D",{"Text":"Dig between the moon and star\nsymbols on a square platform."}],
	[{"Text":"Two against one!"}],
	[{"Text":"A floating square stone platform."}],
	[{"Text":"Two star symbols and one moon\nsymbol on a platform. Dig under moon."}],
	[{"Text":"Two stars and one moon."}],
	[{"Text":"A floating square stone platform."}],
	[{"Text":"Two star symbols and one moon\nsymbol on a platform. Dig under star."}],
	["D",{"Text":"A switch in a cage."}],
	["D",{"Text":"A floating square stone platform."}],
	["D",{"Text":"Dig near the switch in a cage."}],
	["D",{"Text":"A star and a missile."}],
	["D",{"Text":"A floating square stone platform."}],
	["D",{"Text":"Dig under the star symbol\non a platform with a missile."}],
	["D",{"Text":"A moon and a missile."}],
	["D",{"Text":"A floating square stone platform."}],
	["D",{"Text":"Dig under the moon symbol\non a platform with a missile."}],
	[{"Text":"Lonely moon."}],
	[{"Text":"Near the steel tower on\nthe pyramid-shaped base."}],
	[{"Text":"Dig in the center of the stone\nplatform with one moon."}],
	["D",{"Text":"At the base of the rotating beacon."}],
	["D",{"Text":"A floating square stone platform."}],
	["D",{"Text":"Dig under the beacon sticking\nout of the middle of a platform."}],
	["D",{"Text":"A star between three arches."}],
	["D",{"Text":"Down below."}],
	["D",{"Text":"Under the star symbol near the\nthree arches above the RED ground."}],
	["D",{"Text":"Behind something powerful."}],
	["D",{"Text":"On the GRAY ground below."}],
	["D",{"Text":"Under a moon symbol behind the\nyellow bulldozer."}],
	[{"Text":"In front of a big door\nthat never opens."}],
	[{"Text":"YELLOW ground."}],
	[{"Text":"Dig under the beacon in front\nof the pyramid-shaped base."}],
	[{"Text":"In front of a big door\nthat never opens."}],
	[{"Text":"YELLOW ground."}],
	[{"Text":"Dig under the beacon in front\nof the pyramid-shaped base."}],
	["D",{"Text":"Twin stars."}],
	["D",{"Text":"Down below."}],
	["D",{"Text":"Under two star symbols next to\neach other above the GRAY ground."}],
	["D",{"Text":"The first stage."}],
	["D",{"Text":"Down below."}],
	["D",{"Text":"Under a moon symbol in front of \nloading dock \"0-1\"."}],
	["D",{"Text":"Twin stars."}],
	["D",{"Text":"Down below."}],
	["D",{"Text":"Under two star symbols next to\neach other above the GRAY ground."}],
	["D",{"Text":"One floating tank."}],
	["D",{"Text":"A square stone platform."}],
	["D",{"Text":"Buried in a stone platform with \nsteel beams that go nowhere..."}],
	["D",{"Text":"An empty stone platform."}],
	["D",{"Text":"A square stone platform."}],
	["D",{"Text":"It may be buried in a stone\nplatform that has nothing on it."}],
	["D",{"Text":"Under the longest shadow."}],
	["D",{"Text":"RED ground."}],
	["D",{"Text":"It may be buried under the middle \nshadow of the three arches..."}],
	["D",{"Text":"Under the longest shadow."}],
	["D",{"Text":"RED ground."}],
	["D",{"Text":"It may be buried under three lit\narches but doesn't have a star..."}],
	["D",{"Text":"Near a rotating beacon."}],
	["D",{"Text":"Down below."}],
	["D",{"Text":"Buried somewhere surrounded by\nfour beacons near loading dock \"0-5\"."}],
	["D",{"Text":"Center of the rotating beacon."}],
	["D",{"Text":"Boundary of the RED\nand YELLOW ground."}],
	["D",{"Text":"Buried somewhere surrounded by\nfour beacons near loading dock \"0-5\"."}],
	["D",{"Text":"Center of a triangle star."}],
	["D",{"Text":"Down below."}],
	["D",{"Text":"It may be buried in a triangle star\non the GRAY ground."}],
	["D",{"Text":"In the arms of something strong."}],
	["D",{"Text":"Down below."}],
	["D",{"Text":"Buried in the ground near the\nyellow bulldozer on the GRAY ground."}],
	["D",{"Text":"Moving smoothly at\nthe top of the ARK."}],
	["D",{"Text":"A high place."}],
	["D",{"Text":"Use the rocket to go up, then\nget to the left side of the platform."}],
	["D",{"Text":"Surrounded by spinner containers."}],
	["D",{"Text":"A high place."}],
	["D",{"Text":"On a platform with a lot of black \ncontainers at the top of the ARK."}],
	["D",{"Text":"Moving around the\nARK's huge storage area."}],
	["D",{"Text":"Between the inverted blue tower \nand the steel tower on the ground. "}],
	["D",{"Text":"Moving between the three huge\ncontainers next to each other."}],
	[{"Text":"Moving around in front\nof the one floating tank."}],
	[{"Text":"A square stone platform."}],
	[{"Text":"Buried in a stone platform with \nsteel beams that go nowhere..."}],
	["D",{"Text":"Floating in front of three\ntanks next to each other."}],
	["D",{"Text":"A high place."}],
	["D",{"Text":"A floating big platform above\ntwo huge containers."}],
	["D",{"Text":"Floating around the moon."}],
	["D",{"Text":"A lot of small meteorites."}],
	["D",{"Text":"Moving on a square stone platform."}],
	["D",{"Text":"Circle the rotating beacon."}],
	["D",{"Text":"A lot of small meteorites."}],
	["D",{"Text":"Rotating and moving on the square\nstone platform with a spring."}],
	["D",{"Text":"Wandering between the\nsecond and third levels."}],
	["D",{"Text":"Near the pyramid-shaped base."}],
	["D",{"Text":"Moving up and down along the pillar\ninside the steel tower."}],
	[{"Text":"At the top of the tip of the ARK."}],
	[{"Text":"A high place."}],
	[{"Text":"By the red tip of the\ninverted blue tower."}],
	[{"Text":"A container at the top of the ARK."}],
	[{"Text":"A high place."}],
	[{"Text":"On the two huge containers at the\nbottom of the inverted blue tower."}],
	[{"Text":"The cage in a container."}],
	[{"Text":"In a storage container."}],
	[{"Text":"Use the Triple Punch Upper!"}],
	[{"Text":"A glimpse of the meteorite."}],
	[{"Text":"A high place."}],
	[{"Text":"Inside a meteorite you see\nusing a rocket to the ARK's center."}],
	[{"Text":"Jump from the star!"}],
	[{"Text":"A lot of meteorites"}],
	[{"Text":"Farthest meteorite you see \nafter using the spring."}],
	[{"Text":"Jump from the star!"}],
	[{"Text":"A lot of meteorites."}],
	[{"Text":"Biggest and fastest rotating meteor\nyou see after using the spring."}],
	[{"Text":"Jump from the star!"}],
	[{"Text":"A lot of meteorites."}],
	[{"Text":"Smallest and fastest rotating meteor\nyou see after using the spring."}],
	[{"Text":"Use a meteorite that\nflies when you hit it!"}],
	[{"Text":"Pyramid-shaped base."}],
	[{"Text":"Try throwing a meteorite at\nthe blinking door..."}],
	[{"Text":"Use a meteorite that\nflies when you hit it!"}],
	[{"Text":"Pyramid-shaped base."}],
	[{"Text":"Try throwing a meteorite at the \nblinking door near the moon symbol."}],
	[{"Text":"Sunglasses."}],
	[{"Text":"The top of the steel beam."}],
	[{"Text":"Try getting to the suspended spring!"}],
	[{"Text":"Wear sunglasses on the moon."}],
	[{"Text":"The inverted blue tower."}],
	[{"Text":"Beyond the rings that you see\nusing sunglasses on the moon. "}],
	["D",{"Text":"Dangerous liquid."}],
	["D",{"Text":"A floating big platform."}],
	["D",{"Text":"Defeat the water enemy!"}],
	["D",{"Text":"Dangerous liquid."}],
	["D",{"Text":"A part of the ARK."}],
	["D",{"Text":"Destroy the water enemy\nat the tip of the ARK."}],
	["D",{"Text":"Dangerous water drops."}],
	["D",{"Text":"A high place."}],
	["D",{"Text":"Destroy the water enemy\nat the tip of the ARK."}],
	["D",{"Text":"A GUN's machine is\nprotecting the ARK."}],
	["D",{"Text":"A high place."}],
	["D",{"Text":"Destroy GUN's machine\nat the tip of the ARK."}],
	["D",{"Text":"Evil water drops."}],
	["D",{"Text":"Under the group of small meteorites."}],
	["D",{"Text":"Water enemy on a platform with\na spring near huge containers."}],
	["D",{"Text":"Something sealed."}],
	["D",{"Text":"Down below."}],
	["D",{"Text":"Try knocking the meteorite into\na blue box on loading dock \"0-1\"."}],
	["D",{"Text":"Something sealed."}],
	["D",{"Text":"Down blow."}],
	["D",{"Text":"Try knocking the meteorite into\na blue box on loading dock \"0-1\"."}],
	["D",{"Text":""}],
	["D",{"Text":""}],
	["D",{"Text":""}],
	["D",{"Text":""}],
	["D",{"Text":""}],
	["D",{"Text":""}],
	["D",{"Text":""}],
	["D",{"Text":""}],
	["D",{"Text":""}],
	["D",{"Text":""}],
	["D",{"Text":""}],
	["D",{"Text":""}],
	["D",{"Text":""}],
	["D",{"Text":""}],
	["D",{"Text":""}],
	["D",{"Text":""}],
	["D",{"Text":""}],
	["D",{"Text":""}],
	["D",{"Text":""}],
	["D",{"Text":""}],
	["D",{"Text":""}],
	["D",{"Text":""}],
	["D",{"Text":""}],
	["D",{"Text":""}],
	["D",{"Text":""}],
	["D",{"Text":""}],
	["D",{"Text":""}],
	["D",{"Text":""}],
	["D",{"Text":""}],
	["D",{"Text":""}],
	["D",{"Text":""}],
	["D",{"Text":""}],
	["D",{"Text":""}],
	["D",{"Text":""}],
	["D",{"Text":""}],
	["D",{"Text":""}],
	["D",{"Text":""}],
	["D",{"Text":""}],
	["D",{"Text":""}],
	["D",{"Text":""}],
	["D",{"Text":""}],
	["D",{"Text":""}],
	["D",{"Text":""}],
	["D",{"Text":""}],
	["D",{"Text":""}],
	["D",{"Text":""}],
	["D",{"Text":""}],
	["D",{"Text":""}],
	["D",{"Text":""}],
	["D",{"Text":""}],
	["D",{"Text":""}],
	["D",{"Text":""}],
	["D",{"Text":""}],
	["D",{"Text":""}],
	["D",{"Text":""}],
	["D",{"Text":""}],
	["D",{"Text":""}],
	["D",{"Text":""}],
	["D",{"Text":""}],
	["D",{"Text":""}],
	["D",{"Text":""}],
	["D",{"Text":""}],
	["D",{"Text":""}],
	["D",{"Text":""}],
	["D",{"Text":""}],
	["D",{"Text":""}],
	["D",{"Text":""}],
	["D",{"Text":""}],
	["D",{"Text":""}],
	["D",{"Text":""}],
	["D",{"Text":""}],
	["D",{"Text":""}],
	["D",{"Text":""}],
	["D",{"Text":""}],
	["D",{"Text":""}],
	["D",{"Text":""}],
	["D",{"Text":""}],
	["D",{"Text":""}],
	["D",{"Text":""}],
	["D",{"Text":""}],
	["D",{"Text":""}],
	["D",{"Text":""}],
	["D",{"Text":""}],
	["D",{"Text":""}],
	["D",{"Text":""}],
	["D",{"Text":""}],
	["D",{"Text":""}],
	["D",{"Text":""}],
	["D",{"Text":""}],
	["D",{"Text":""}],
	["D",{"Text":""}],
	["D",{"Text":""}],
	["D",{"Text":""}],
	["D",{"Text":""}],
	["D",{"Text":""}],
	["D",{"Text":""}],
	["D",{"Text":""}],
	["D",{"Text":""}],
	["D",{"Text":""}],
	["D",{"Text":""}],
	["D",{"Text":""}],
	["D",{"Text":""}]
  ]
}