{
  "language": "English",
  "texts": [
    [{"Text":"Parking de coches blindados."}],
    [{"Text":"Un sitio alto."}],
    [{"Text":"Un arenal cuadrado, bloqueado\npor un pilar rojo."}],
    [{"Text":"Parking de coches blindados."}],
    [{"Text":"Un sitio alto."}],
    [{"Text":"Un arenal cuadrado, bloqueado\npor un pilar rojo."}],
    [{"Text":"En los pies de un pilar."}],
    [{"Text":"Un sitio alto."}],
    [{"Text":"Un sitio oculto enfrente \nde una estatua solitaria."}],
    [{"Text":"Una pirámide en espiral."}],
    [{"Text":"Un sitio alto."}],
    [{"Text":"Sigue las espirales del muro."}],
    [{"Text":"Una terraza con dos piernas."}],
    [{"Text":"Rocas que ruedan."}],
    [{"Text":"Bajo el peso que se mueve\nde arriba abajo por el muro."}],
    [{"Text":"Una terraza con dos piernas."}],
    [{"Text":"Rocas que ruedan."}],
    [{"Text":"Bajo el peso que se mueve\nde arriba abajo por el muro."}],
    [{"Text":"Cerca de una silla."}],
    [{"Text":"Rocas que bailan."}],
    [{"Text":"En los pies de la estatua\ncon una teja en espiral."}],
    [{"Text":"En un camino de arena que lleva\na la cabeza de la estatua de piedra"}],
    [{"Text":"Un lugar sombrío."}],
    [{"Text":"Bajo el peso que se mueve\nde arriba abajo por el muro."}],
    [{"Text":"Enfrente de los contenedores dobles."}],
    [{"Text":"Un sitio alto."}],
    [{"Text":"En el acantilado \nque sobresale en el centro."}],
    [{"Text":"Enfrente de los contenedores dobles."}],
    [{"Text":"Un sitio alto."}],
    [{"Text":"En el acantilado \nque sobresale del centro."}],
    [{"Text":"Enfrente de un pájaro\nbajo cuatro plumas."}],
    [{"Text":"Un sitio alto."}],
    [{"Text":"Un acantilado con dos cajas."}],
    [{"Text":"Al lado de un nido \nbajo cuatro plumas."}],
    [{"Text":"Un sitio alto."}],
    [{"Text":"Un acantilado con dos cajas."}],
    [{"Text":"Un techo en suspensión."}],
    [{"Text":"Un sitio alto."}],
    [{"Text":"Encima de la cabeza de \nuna estatua metida en un valle."}],
    [{"Text":"Un círculo dorado en un círculo rojo."}],
    [{"Text":"Un sitio brillante."}],
    [{"Text":"En el edificio cuadrado\nde la parte de arriba del valle."}],
    [{"Text":"Está cogiendo una caja."}],
    [{"Text":"Un sitio alto."}],
    [{"Text":"En el regazo de una \nestatua de piedra solitaria."}],
    [{"Text":"Un periquito en el hombro izquierdo."}],
    [{"Text":"En el valle."}],
    [{"Text":"En el hombro izquierdo \nde una estatua de piedra solitaria."}],
    [{"Text":"En los pies de una pirámide espiral."}],
    [{"Text":"En un valle brillante."}],
    [{"Text":"Un valle con muchos edificios\ncuadrados, cerca de las espirales."}],
    [{"Text":"Cerca del trampolín."}],
    [{"Text":"Rocas que ruedan."}],
    [{"Text":"Desde donde sopla el viento."}],
    [{"Text":"El lugar que señalan dos sacerdotes."}],
    [{"Text":"Rocas que bailan."}],
    [{"Text":"Frente a una pintura mural, cerca \nde apertura por la que puedes bajar."}],
    [{"Text":"La cabeza de la cuarta estatua."}],
    [{"Text":"Rocas que bailan."}],
    [{"Text":"En una estatua que tiene \ncuatro tejas en espiral."}],
    [{"Text":"Entre las estrellas gemelas."}],
    [{"Text":"Rocas que ruedan."}],
    [{"Text":"Entre dos resortes rojos."}],
    [{"Text":"Un par de pendientes."}],
    [{"Text":"Un sitio alto."}],
    [{"Text":"Cerca de la cara de la estatua."}],
    [{"Text":"Sobre el pilar."}],
    [{"Text":"Un sitio alto."}],
    [{"Text":"Sobre el pilar rojo, cerca del peso\nque se mueve de arriba a abajo."}],
    [{"Text":"En los pies del pilar."}],
    [{"Text":"En el valle."}],
    [{"Text":"En los pies de un pilar de tejas\npor el peso que va de arriba abajo."}],
    [{"Text":"Sobre la teja en espiral."}],
    [{"Text":"Un sitio alto."}],
    [{"Text":"Bajo tres tejas en espiral, cerca\nde la cabeza de la estatua."}],
    [{"Text":"Encima de la cabeza."}],
    [{"Text":"En el valle."}],
    [{"Text":"Encima de la cabeza de la estatua."}],
    [{"Text":"El altar con seis pilares."}],
    [{"Text":"Un sitio oscuro."}],
    [{"Text":"El más pequeño de seis pilares."}],
    [{"Text":"Entre cuatro pájaros."}],
    [{"Text":"Un sitio oscuro."}],
    [{"Text":"En una flecha en espiral enorme."}],
    [{"Text":"Entre pilares a rayas rojas y verdes."}],
    [{"Text":"Un sitio oscuro."}],
    [{"Text":"Entre dos pilares, cerca de un\npasadizo, por un muro abajo."}],
    [{"Text":"\"Wild Canyon Track.\""}],
    [{"Text":"Un sitio oscuro."}],
    [{"Text":"Enfrente de una cabeza gemela."}],
    [{"Text":"En una pintura enorme en el muro."}],
    [{"Text":"Cerca de un sitio con viento."}],
    [{"Text":"En el pedestal a rayas verdes y rojas."}],
    [{"Text":"Encima de diez dedos."}],
    [{"Text":"Muy abajo."}],
    [{"Text":"En el regazo de una estatua sentada."}],
    [{"Text":"Cuatro ojos que giran."}],
    [{"Text":"Una cabeza de una estatua enorme."}],
    [{"Text":"En un contenedor de madera,\nbajo un molino de viento de ojos."}],
    [{"Text":"Cuatro ojos en espiral."}],
    [{"Text":"Una cabeza de una estatua enorme."}],
    [{"Text":"Dentro de un contenedor de madera,\nbajo un molino de viento de ojos."}],
    [{"Text":"Dentro de un almacén de estatuas."}],
    [{"Text":"Un sitio alto."}],
    [{"Text":"En una estatua de un contenedor."}],
    [{"Text":"Un contenedor solitario."}],
    [{"Text":"Un sitio alto."}],
    [{"Text":"Dentro de un contenedor de madera,\nen los pies de un pilar rojo."}],
    [{"Text":"Una caja de pájaros en la sombra."}],
    [{"Text":"Un sitio alto."}],
    [{"Text":"En un cofre del tesoro, por un pilar \nrojo, cerca de una estatua solitaria."}],
    [{"Text":"En los pies de un pilar."}],
    [{"Text":"Un sitio oscuro."}],
    [{"Text":"Un sitio oculto enfrente \nde una estatua solitaria."}],
    [{"Text":"Una caja de pájaros."}],
    [{"Text":"Rocas que ruedan."}],
    [{"Text":"En un cofre del tesoro, cerca de una \napertura por la que puedes bajar."}],
    [{"Text":"Bajo el codo."}],
    [{"Text":"Rocas que ruedan."}],
    [{"Text":"Bajo el codo de una estatua que\nestá sentada en una silla."}],
    [{"Text":"Contenedores dobles."}],
    [{"Text":"Un sitio alto."}],
    [{"Text":"Dos contenedores de madera\nuno al lado de otro."}],
    [{"Text":"Contenedores dobles."}],
    [{"Text":"Un sitio alto."}],
    [{"Text":"Dos contenedores de madera\nuno al lado de otro."}],
    [{"Text":"Dentro de un almacén de estatuas."}],
    [{"Text":"Un sitio alto."}],
    [{"Text":"En una estatua de un contenedor."}],
    [{"Text":"Una estatua con terrorífica mirada."}],
    [{"Text":"Un sitio alto."}],
    [{"Text":"En una estatua de un contenedor."}],
    [{"Text":"En un almacén de estatuas."}],
    [{"Text":"Un sitio alto."}],
    [{"Text":"En una estatua de un contenedor."}],
    [{"Text":"Un tesoro de cuatro estatuas."}],
    [{"Text":"Rocas que bailan."}],
    [{"Text":"En un cofre del tesoro,\ndonde sopla el viento."}],
    [{"Text":"Una caja de pájaros."}],
    [{"Text":"Rocas que bailan."}],
    [{"Text":"El cofre del tesoro de la izquierda \nde tres que están juntos."}],
    [{"Text":"Un contenedor espiral."}],
    [{"Text":"Un sitio oscuro."}],
    [{"Text":"En un contenedor de madera \ncon espirales en los lados."}],
    [{"Text":"Un camino de arena que lleva \na la cabeza de una estatua."}],
    [{"Text":"En la sombra."}],
    [{"Text":"Bajo el peso que se mueve\nde arriba abajo por el muro."}],
    [{"Text":"Entre los pilares rojos."}],
    [{"Text":"Un sitio alto."}],
    [{"Text":"Bajo el peso que se mueve\nde arriba abajo por el muro."}],
    [{"Text":"En forma de espiral."}],
    [{"Text":"Un sitio alto."}],
    [{"Text":"En las tres tejas en espiral cerca\nde la cabeza de una estatua."}],
    [{"Text":"En un círculo rojo."}],
    [{"Text":"\"Wild Canyon Track\""}],
    [{"Text":"En un edificio cuadrado."}],
    [{"Text":"En los terroríficos ojos\ndel \"Wild Canyon Track\"."}],
    [{"Text":"Un salón con vientos."}],
    [{"Text":"En el edifico cuadrado."}],
    [{"Text":"Un pilar sin tesoro."}],
    [{"Text":"Cerca de un sitio con vientos."}],
    [{"Text":"El pilar más alto de los\nseis bajo el suelo."}],
    [{"Text":"En una pintura en el muro."}],
    [{"Text":"Un sitio oscuro."}],
    [{"Text":"Sigue la flecha entre los \ndos cofres del tesoro."}],
    [{"Text":"La flecha que apunta a la derecha."}],
    [{"Text":"Un sitio oscuro."}],
    [{"Text":"La flecha que apunta a la derecha,\nde paneles en forma de espiral."}],
    [{"Text":"Cuatro ojos que giran."}],
    [{"Text":"Un sitio alto."}],
    [{"Text":"Bajo el molino de viento de ojos."}],
    [{"Text":"Cuatro ojos que giran."}],
    [{"Text":"Un sitio alto."}],
    [{"Text":"Bajo el molino de viento de ojos."}],
    [{"Text":"Enfrente de una montaña de\nrayas verdes y rojas."}],
    [{"Text":"Cerca de un viento fuerte."}],
    [{"Text":"Un acantilado bajo un molino\nde viento en la zona superior."}],
    [{"Text":"Donde nace el viento."}],
    [{"Text":"Rocas que ruedan."}],
    [{"Text":"Cerca de la zona donde se\ngenera el viento arriba."}],
    [{"Text":"Cerca de un pilar alto."}],
    [{"Text":"El salón con vientos."}],
    [{"Text":"Cerca del pilar más\nalto de seis pilares."}],
    [{"Text":"En el centro de pilar 8º."}],
    [{"Text":"Un sitio alto."}],
    [{"Text":"Entre dos molinos de viento en la \ncabeza de una estatua de piedra."}],
    [{"Text":"Entre los pilares rojos."}],
    [{"Text":"Un sitio alto."}],
    [{"Text":"Bajo el peso que se mueve\nde arriba abajo por el muro."}],
    [{"Text":"Encima del pilar de tejas."}],
    [{"Text":"Un sitio alto."}],
    [{"Text":"El camino hacia la cabeza de una\nestatua, en un pilar de tejas."}],
    [{"Text":"Bajo las alas de dos pájaros."}],
    [{"Text":"Un sitio alto."}],
    [{"Text":"Detrás de la cabeza de una estatua."}],
    [{"Text":"Una puerta roja."}],
    [{"Text":"En la arena."}],
    [{"Text":"En el cofre del tesoro cerca de la \ncabeza de una estatua de piedra."}],
    [{"Text":"Una puerta roja."}],
    [{"Text":"Cerca de un anillo."}],
    [{"Text":"En un contenedor de madera cerca \nde un contenedor de piedra."}],
    [{"Text":"Una caja de pájaros."}],
    [{"Text":"Muy abajo."}],
    [{"Text":"El cofre del tesoro del medio de\ntres que están juntos."}],
    [{"Text":"Donde sopla el viento."}],
    [{"Text":"Muy abajo."}],
    [{"Text":"En un cofre del tesoro \na los pies de un pilar."}],
    [{"Text":"Un contenedor en forma de espiral."}],
    [{"Text":"Un sitio oscuro."}],
    [{"Text":"En un contenedor de madera rodeado\nde paneles en forma de espiral."}],
    [{"Text":"Una caja de pájaros."}],
    [{"Text":"Muy abajo."}],
    [{"Text":"El cofre del tesoro de la derecha \nde tres que están juntos."}],
    [{"Text":"\"Wild Canyon Track\""}],
    [{"Text":"Un sitio pequeño."}],
    [{"Text":"En una estatua cuadrada en un \npasadizo cerca del muro de abajo."}],
    [{"Text":"Bajo el codo."}],
    [{"Text":"Rocas que bailan."}],
    [{"Text":"Debajo del codo de la estatua \nque está sentada en una silla."}],
    [{"Text":"Detrás de una cara."}],
    [{"Text":"Un sitio oscuro."}],
    [{"Text":"Un cofre del tesoro detrás de \nuna roca que puedes empujar."}],
    [{"Text":"Detrás de una cara."}],
    [{"Text":"Un sitio oscuro."}],
    [{"Text":"Un cofre del tesoro detrás de \nuna roca que puedes empujar."}],
    [{"Text":"En la vía del tren."}],
    [{"Text":"Un salón con vientos."}],
    [{"Text":"Mueve una roca con una cara."}],
    [{"Text":"En la vía del tren."}],
    [{"Text":"Un salón con vientos."}],
    [{"Text":"Mueve una roca con una cara."}],
    [{"Text":"En la vía del tren."}],
    [{"Text":"Un salón con vientos."}],
    [{"Text":"Mueve una roca con una cara."}],
    [{"Text":"Una flecha en forma de espiral."}],
    [{"Text":"Un sitio oscuro."}],
    [{"Text":"En un cofre del tesoro debajo de \nuna flecha en un salón ventoso."}],
    [{"Text":"\"Wild Canyon Track\""}],
    [{"Text":"Un sitio pequeño."}],
    [{"Text":"En una estatua cuadrada en un \npasadizo cerca del muro de abajo."}],
    [{"Text":""}],
    [{"Text":""}],
    [{"Text":""}],
    [{"Text":""}],
    [{"Text":""}],
    [{"Text":""}],
    [{"Text":""}],
    [{"Text":""}],
    [{"Text":""}],
    [{"Text":""}],
    [{"Text":""}],
    [{"Text":""}],
    [{"Text":""}],
    [{"Text":""}],
    [{"Text":""}],
    [{"Text":""}],
    [{"Text":""}],
    [{"Text":""}],
    [{"Text":""}],
    [{"Text":""}],
    [{"Text":""}],
    [{"Text":""}],
    [{"Text":""}],
    [{"Text":""}],
    [{"Text":"En un camino de arena que lleva\na la cabeza de una estatua."}],
    [{"Text":"En el valle."}],
    [{"Text":"Métete entre pilares rojos."}],
    [{"Text":"En órbita encima de la cara."}],
    [{"Text":"Un sitio brillante."}],
    [{"Text":"Por la cabeza de una estatua."}],
    [{"Text":"\"Wild Canyon Track\""}],
    [{"Text":"Cerca del techo."}],
    [{"Text":"Rodea el muro por fuera."}],
    [{"Text":"Donde sopla el viento."}],
    [{"Text":"Rocas que bailan."}],
    [{"Text":"Muévete en una zona de viento."}],
    [{"Text":"Un arenal."}],
    [{"Text":"Un sitio brillante."}],
    [{"Text":"Muévete por el parking\nde coches blindados."}],
    [{"Text":"Rayas rojas y verdes."}],
    [{"Text":"Rocas que ruedan."}],
    [{"Text":"Dos pilares."}],
    [{"Text":"El altar con seis pilares."}],
    [{"Text":"Cerca de una zona de viento."}],
    [{"Text":"Métete entre seis pilares."}],
    [{"Text":"Entre dos estatuas de piedra."}],
    [{"Text":"Un sitio oscuro."}],
    [{"Text":"¿Las estatuas que están enfrente \nestán jugando a la cogida?"}],
    [{"Text":"Enfrente de una montaña\na rayas rojas y verdes."}],
    [{"Text":"Cerca del viento fuerte."}],
    [{"Text":"Un acantilado bajo un molino\nde viento en la zona superior."}],
    [{"Text":"Enfrente de una montaña\na rayas rojas y verdes."}],
    [{"Text":"Cerca del viento fuerte."}],
    [{"Text":"Un acantilado bajo un molino\nde viento en la zona superior."}],
    [{"Text":"En una zona de tormentas."}],
    [{"Text":"Rocas que bailan."}],
    [{"Text":"La zona inferior \ndonde nace el viento."}],
    [{"Text":"En una zona de tormentas."}],
    [{"Text":"Rocas que ruedan."}],
    [{"Text":"La zona inferior \ndonde nace el viento."}],
    [{"Text":"Una terraza con dos piernas."}],
    [{"Text":"Rocas que ruedan."}],
    [{"Text":"Entre dos pilares cerca de donde \nse genera el viento."}],
    [{"Text":"El camino dorado."}],
    [{"Text":"Cerca del viento fuerte."}],
    [{"Text":"Entre los pilares altos \nen el salón de abajo."}],
    [{"Text":"En una zona de tormentas."}],
    [{"Text":"Un sitio oscuro."}],
    [{"Text":"La zona inferior \ndonde nace el viento."}],
    [{"Text":"La zona del principio."}],
    [{"Text":"El salón con vientos."}],
    [{"Text":"Entre los dos pilares donde \nhay tres cofres del tesoro."}],
    [{"Text":"\"X\" marca el lugar."}],
    [{"Text":"Detrás de algo."}],
    [{"Text":"Debajo de un techo en suspensión\nfrente a una estatua."}],
    [{"Text":"Una habitación secreta."}],
    [{"Text":"El otro lado de la pintura del muro."}],
    [{"Text":"Si excavas en la pintura del muro, \nhay un nuevo camino hacia..."}],
    [{"Text":"Una zona con mucho viento."}],
    [{"Text":"¡No puedes usar tu técnica\npara cogerlo!"}],
    [{"Text":"Prueba con ponerte las gafas de \nsol en un pilar en algún sitio."}],
    [{"Text":"Un techo en suspensión."}],
    [{"Text":"Un sitio alto."}],
    [{"Text":"Puedes cogerlo si derrotas \nlos mecanismos de GUN"}],
    [{"Text":"En un camino de arena que lleva \na la cabeza de una estatua solitaria."}],
    [{"Text":"Un sitio alto."}],
    [{"Text":"¿Las armas GUN tienen...?"}],
    [{"Text":"En un camino de arena que lleva \na la cabeza de una estatua solitaria."}],
    [{"Text":"Un sitio alto."}],
    [{"Text":"Puedes cogerlo si derrotas\nlos mecanismos de GUN"}],
    [{"Text":"En un camino de arena que lleva \na la cabeza de una estatua solitaria."}],
    [{"Text":"Un sitio alto."}],
    [{"Text":"Puedes cogerlo si derrotas los\nmecanismos de GUN."}],
    [{"Text":"Cerca de los seis pilares."}],
    [{"Text":"Un sitio oscuro."}],
    [{"Text":"Prueba con romper las rocas que\nflotan con un ataque Glide."}],
    [{"Text":"Cerca de los seis pilares."}],
    [{"Text":"Un sitio oscuro."}],
    [{"Text":"Prueba con romper las rocas que\nflotan con un ataque Glide."}],
    [{"Text":"Cerca de los seis pilares."}],
    [{"Text":"Un sitio oscuro."}],
    [{"Text":"Prueba con romper las rocas que\nflotan con un ataque Glide."}],
    [{"Text":"Cerca de los seis pilares."}],
    [{"Text":"Un sitio oscuro."}],
    [{"Text":"Prueba con romper las rocas que\nflotan con un ataque Glide."}],
    [{"Text":"Cuarteto de la estatua de piedra."}],
    [{"Text":"Una piedra que baila."}],
    [{"Text":"Prueba con romper las rocas que\nflotan con un ataque Glide."}],
    [{"Text":"Cuarteto de la estatua de piedra."}],
    [{"Text":"Un sitio brillante."}],
    [{"Text":"Prueba con romper las rocas que\nflotan con un ataque Glide."}],
    [{"Text":"Cuarteto de la estatua de piedra."}],
    [{"Text":"Una zona con viento."}],
    [{"Text":"Prueba con romper las rocas que\nflotan con un ataque Glide."}],
    [{"Text":"Cuarteto de la estatua de piedra."}],
    [{"Text":"Un sitio brillante."}],
    [{"Text":"Prueba con romper las rocas que\nflotan con un ataque Glide."}],
    [{"Text":"Cuarteto de la estatua de piedra."}],
    [{"Text":"Una zona con viento."}],
    [{"Text":"Prueba con romper las rocas que\nflotan con un ataque Glide."}],
    [{"Text":""}],
    [{"Text":""}],
    [{"Text":""}],
    [{"Text":""}],
    [{"Text":""}],
    [{"Text":""}],
    [{"Text":""}],
    [{"Text":""}],
    [{"Text":""}],
    [{"Text":""}],
    [{"Text":""}],
    [{"Text":""}],
    [{"Text":""}],
    [{"Text":""}],
    [{"Text":""}],
    [{"Text":""}],
    [{"Text":""}],
    [{"Text":""}],
    [{"Text":""}],
    [{"Text":""}],
    [{"Text":""}],
    [{"Text":""}],
    [{"Text":""}],
    [{"Text":""}],
    [{"Text":""}],
    [{"Text":""}],
    [{"Text":""}],
    [{"Text":""}],
    [{"Text":""}],
    [{"Text":""}],
    [{"Text":""}],
    [{"Text":""}],
    [{"Text":""}],
    [{"Text":""}],
    [{"Text":""}],
    [{"Text":""}],
    [{"Text":""}],
    [{"Text":""}],
    [{"Text":""}],
    [{"Text":""}],
    [{"Text":""}],
    [{"Text":""}],
    [{"Text":""}],
    [{"Text":""}],
    [{"Text":""}],
    [{"Text":""}],
    [{"Text":""}],
    [{"Text":""}],
    [{"Text":""}],
    [{"Text":""}],
    [{"Text":""}],
    [{"Text":""}],
    [{"Text":""}],
    [{"Text":""}],
    [{"Text":""}],
    [{"Text":""}],
    [{"Text":""}],
    [{"Text":""}],
    [{"Text":""}],
    [{"Text":""}],
    [{"Text":""}],
    [{"Text":""}],
    [{"Text":""}],
    [{"Text":""}],
    [{"Text":""}],
    [{"Text":""}],
    [{"Text":""}],
    [{"Text":""}],
    [{"Text":""}],
    [{"Text":""}],
    [{"Text":""}],
    [{"Text":""}],
    [{"Text":""}],
    [{"Text":""}],
    [{"Text":""}],
    [{"Text":""}],
    [{"Text":""}],
    [{"Text":""}],
    [{"Text":""}],
    [{"Text":""}],
    [{"Text":""}],
    [{"Text":""}],
    [{"Text":""}],
    [{"Text":""}]
  ]
}