{
  "language": "English",
  "texts": [
	[{"Text":"Behind a falling tree."}],
	[{"Text":"High up."}],
	[{"Text":"Next to the lumber\nin the \"Lantern Room.\""}],
	[{"Text":"In the skull fence."}],
	[{"Text":"\"Water-Powered Lift\" hall."}],
	[{"Text":"In the steel box containing a floating\nplatform by the wall in a hall."}],
	[{"Text":"In the skull fence."}],
	[{"Text":"\"Water-Powered Lift\" hall."}],
	[{"Text":"In the steel box containing a floating\nplatform by the wall in a hall."}],
	[{"Text":"Next to an overturned ghost."}],
	[{"Text":"Narrow path."}],
	[{"Text":"Next to a mine cart on the\nnarrow path with tracks."}],
	[{"Text":"Under the triangle skull."}],
	[{"Text":"Narrow path."}],
	[{"Text":"Upper area of the narrow path\nwith a floating platform."}],
	[{"Text":"Entrance to the abyss."}],
	[{"Text":"Switch No.3."}],
	[{"Text":"Under the floating platform \nat the back of the narrow path."}],
	[{"Text":"Mine cart dumping area."}],
	[{"Text":"Switch No.1 or No.2?"}],
	[{"Text":"Narrow path, down below."}],
	[{"Text":"A brick room that's\nalways underwater."}],
	[{"Text":"Switch No.3."}],
	[{"Text":"A hole behind the \"CAUTION\" sign\nthat warns about the ghosts."}],
	[{"Text":"Under the blue flame."}],
	[{"Text":"Switch No.1."}],
	[{"Text":"Under the light in the highest room."}],
	[{"Text":"On the tracks of a broken mine cart."}],
	[{"Text":"Switch No.1."}],
	[{"Text":"The highest room."}],
	[{"Text":"Next to the drain switch."}],
	[{"Text":"Switch No.1."}],
	[{"Text":"Next to the switch\nin the highest room."}],
	[{"Text":"On the steel skull beam."}],
	[{"Text":"\"Water-Powered Lift\" hall."}],
	[{"Text":"On the skull pillar which\nsupports a cliff by the wall."}],
	[{"Text":"Skull pulley."}],
	[{"Text":"\"Water-Powered Lift\" hall."}],
	[{"Text":"On a turning pulley."}],
	[{"Text":"Wooden window on a roof."}],
	[{"Text":"\"Water-Powered Lift\" hall."}],
	[{"Text":"On a wooden frame that looks\nlike a window on a wall."}],
	[{"Text":"Behind two heads."}],
	[{"Text":"Down below."}],
	[{"Text":"The corner at the bottom of \nthe \"Water-Powered Lift\" hall."}],
	[{"Text":"At the bottom of the main pillar."}],
	[{"Text":"Down below."}],
	[{"Text":"Center of the bottom of the\n\"Water-Powered Lift\" hall."}],
	[{"Text":"In front of sign No.2."}],
	[{"Text":"\"Water-Powered Lift\" hall."}],
	[{"Text":"Front of the water level sign in the\nmiddle of the \"Water-Powered Lift.\""}],
	[{"Text":"Ghost pulley."}],
	[{"Text":"\"Water-Powered Lift\" hall."}],
	[{"Text":"On the pulley on the wall \nin the \"Water-Powered Lift\" hall."}],
	[{"Text":"Right eye of the jumbo face."}],
	[{"Text":"\"Water-Powered Lift\" hall."}],
	[{"Text":"Upper half of the wall of the room \nwith the water level switch."}],
	[{"Text":"Passageway to the\n\"Water-Powered Lift.\""}],
	[{"Text":"On a steel platform."}],
	[{"Text":"On the cliff in the middle area\nof the \"Water-Powered Lift\" hall."}],
	[{"Text":"Above the skull."}],
	[{"Text":"The \"Ghost Room.\""}],
	[{"Text":"A room behind the \"CAUTION\" sign\nthat warns about the ghosts."}],
	[{"Text":"Under the tilted pillar."}],
	[{"Text":"The \"Ghost Room.\""}],
	[{"Text":"A room behind the \"CAUTION\" sign\nthat warns about the ghosts."}],
	[{"Text":"On the steel ghost beam."}],
	[{"Text":"The \"Ghost Room.\""}],
	[{"Text":"A room behind the \"CAUTION\" sign\nthat warns about the ghosts."}],
	[{"Text":"Behind two heads."}],
	[{"Text":"The \"Ghost Room.\""}],
	[{"Text":"A room behind the \"CAUTION\" sign\nthat warns about the ghosts."}],
	[{"Text":"On the mine cart tracks."}],
	[{"Text":"Narrow path."}],
	[{"Text":"Upper area of the narrow path\nwhere there is a floating platform."}],
	[{"Text":"On the mine cart tracks."}],
	[{"Text":"Narrow path."}],
	[{"Text":"Lower area of the narrow path\nwhere there is a floating platform"}],
	[{"Text":"Skulls looking at each other in a cave."}],
	[{"Text":"Narrow path."}],
	[{"Text":"Upper area of the narrow path\nwhere there is a floating platform."}],
	[{"Text":"The corner of the tracks."}],
	[{"Text":"Narrow path."}],
	[{"Text":"Lower area of the narrow path\nwhere there is a floating platform."}],
	[{"Text":"Three fans."}],
	[{"Text":"\"Water-Powered Lift\" hall."}],
	[{"Text":"The center of three propellers \nin the upper area of the hall."}],
	[{"Text":"At the bottom of the skull fence."}],
	[{"Text":"\"Water-Powered Lift\" hall."}],
	[{"Text":"Near a steel box containing a floating\nplatform at the bottom of the hall."}],
	[{"Text":"A brick room that's\nalways underwater."}],
	[{"Text":"Switch No.3."}],
	[{"Text":"A hole behind the \"CAUTION\" sign\nthat warns about the ghosts."}],
	[{"Text":"Down below."}],
	[{"Text":"Underwater."}],
	[{"Text":"Very narrow path."}],
	[{"Text":"Inside of the overturned mine cart."}],
	[{"Text":"Switch No.1."}],
	[{"Text":"Inside the mine cart\nin the highest room."}],
	[{"Text":"Broken mine cart."}],
	[{"Text":"Switch No.1."}],
	[{"Text":"Inside of the mine cart\nin the highest room."}],
	[{"Text":"Metal barrel where ghosts live."}],
	[{"Text":"Switch No.1."}],
	[{"Text":"Inside of the mine cart\nin the highest room."}],
	[{"Text":"The container next to the jumbo skull."}],
	[{"Text":"Switch No.3 on the narrow path."}],
	[{"Text":"In a wooden box on the narrow\npath with a floating platform."}],
	[{"Text":"The container next to the jumbo skull."}],
	[{"Text":"Switch No.3 on the narrow path."}],
	[{"Text":"In a wooden box on the narrow\npath with a floating platform."}],
	[{"Text":"A wooden box on the steel beam."}],
	[{"Text":"The \"Ghost Room.\""}],
	[{"Text":"A room behind the \"CAUTION\" sign\nthat warns about the ghosts."}],
	[{"Text":"A wooden box on the steel beam."}],
	[{"Text":"The \"Ghost Room.\""}],
	[{"Text":"A room behind the \"CAUTION\" sign\nthat warns about the ghosts."}],
	[{"Text":"A container on the shelf."}],
	[{"Text":"\"Water-Powered Lift\" hall."}],
	[{"Text":"A container on the pulley in\nthe upper area of the hall."}],
	[{"Text":"Skull pair wearing a tie\nnear a metal barrel."}],
	[{"Text":"\"Water-Powered Lift\" hall."}],
	[{"Text":"In the metal barrels that are\nnext to each other in the hall."}],
	[{"Text":"In an oven."}],
	[{"Text":"\"Water-Powered Lift\" hall."}],
	[{"Text":"Punch the lid of the oven\nin the lower area of the hall."}],
	[{"Text":"In an oven."}],
	[{"Text":"\"Water-Powered Lift\" hall."}],
	[{"Text":"Punch the lid of the oven\nin the lower area of the hall."}],
	[{"Text":"In an oven."}],
	[{"Text":"\"Water-Powered Lift\" hall."}],
	[{"Text":"Punch the lid of the oven\nin the lower area of the hall."}],
	[{"Text":"Metal barrel in the luggage area."}],
	[{"Text":"\"Water-Powered Lift\" hall."}],
	[{"Text":"In a metal barrel in the corner\nof the \"Water-Powered Lift\" hall."}],
	[{"Text":"Overturned mine cart."}],
	[{"Text":"Switch No.2 or No.3\non the narrow path."}],
	[{"Text":"In a mine cart on the narrow path\nwith a floating platform."}],
	[{"Text":"Entrance to the mine cart\ndumping area."}],
	[{"Text":"Switch No.3 on the narrow path."}],
	[{"Text":"In a metal barrel on the narrow path\nwith a floating platform."}],
	[{"Text":"In three metal barrels."}],
	[{"Text":"The \"Ghost Room.\""}],
	[{"Text":"A room behind the \"CAUTION\" sign\nthat warns about the ghosts."}],
	[{"Text":"A place where the fourth person\nof the group is buried."}],
	[{"Text":"A room behind the \"CAUTION\" sign\nthat warns about the ghosts."}],
	[{"Text":"How do you make a square out\nskulls that form a triangle?"}],
	[{"Text":"In front of a mysterious door."}],
	[{"Text":"High up."}],
	[{"Text":"Try digging in front of the\ndoor of the \"Lantern Room.\""}],
	[{"Text":"In front of a mysterious door."}],
	[{"Text":"High up."}],
	[{"Text":"Try digging in front of the\ndoor of the \"Lantern Room.\""}],
	[{"Text":"Behind a square tree."}],
	[{"Text":"High up."}],
	[{"Text":"Try digging next to the lumber\nin the \"Lantern Room.\""}],
	[{"Text":""}],
	[{"Text":""}],
	[{"Text":"Try digging next to the lumber\nin the \"Lantern Room.\""}],
	[{"Text":"In front of the bathing mini-skull."}],
	[{"Text":"A room behind the \"CAUTION\" sign\nthat warns about the ghosts."}],
	[{"Text":"Try digging in in front of the\nfirst skull you saw in the room."}],
	[{"Text":"Under the flattened ground."}],
	[{"Text":"A room behind the \"CAUTION\" sign\nthat warns about the ghosts."}],
	[{"Text":"Try digging under\nthe moving weight."}],
	[{"Text":"Under the flattened ground."}],
	[{"Text":"A room behind the \"CAUTION\" sign\nthat warns about the ghosts."}],
	[{"Text":"Try digging under\nthe moving weight."}],
	[{"Text":"Dangerous place."}],
	[{"Text":"A room behind the \"CAUTION\" sign\nthat warns about the ghosts."}],
	[{"Text":"Try digging under\nthe moving weight."}],
	[{"Text":"Next to a skull that\nseems out of place."}],
	[{"Text":"A room behind the \"CAUTION\" sign\nthat warns about the ghosts."}],
	[{"Text":"Try digging to the left of the skull\nwhich is the fourth from the top."}],
	[{"Text":"Above the vertical line of skulls."}],
	[{"Text":"A room behind the \"CAUTION\" sign\nthat warns about the ghosts."}],
	[{"Text":"Try digging above the top skull."}],
	[{"Text":"Dig under the triangle skull!"}],
	[{"Text":"Narrow path."}],
	[{"Text":"Upper area of the narrow path\nwhere there is a floating platform."}],
	[{"Text":"How do you make a \"X\" with skulls?"}],
	[{"Text":"\"Water-Powered Lift\" hall."}],
	[{"Text":"Try digging between four skulls."}],
	[{"Text":"The skull that is\nfacing the other way."}],
	[{"Text":"\"Water-Powered Lift\" hall."}],
	[{"Text":"Try digging in front of the only skull\nfacing the opposite way among four."}],
	[{"Text":"Dig on the slope."}],
	[{"Text":"On the narrow path, switch No.3."}],
	[{"Text":"Upper area of the narrow path\nwhere there is a floating platform."}],
	[{"Text":"Dig at the bottom of the slope!"}],
	[{"Text":"On the narrow path, switch No.3."}],
	[{"Text":"Upper area of the narrow path\nwhere there is a floating platform."}],
	[{"Text":"Above a pair of skulls wearing ties."}],
	[{"Text":"The largest room."}],
	[{"Text":"Try digging into the wooden frame\nthat looks like a window."}],
	[{"Text":"Red flowers for a skull couple."}],
	[{"Text":"\"Water-Powered Lift\" hall."}],
	[{"Text":"It's buried under the\nspring on the wall."}],
	[{"Text":"Red flowers for a skull couple."}],
	[{"Text":"\"Water-Powered Lift\" hall."}],
	[{"Text":"It's buried under the\nspring on the wall."}],
	[{"Text":"Talking skulls near the window."}],
	[{"Text":"The largest room."}],
	[{"Text":"Try digging into the wooden\nframe that looks like a window."}],
	[{"Text":"Ghost window."}],
	[{"Text":"The largest room."}],
	[{"Text":"Try digging inside of the\nwooden window on the roof."}],
	[{"Text":"Jail window."}],
	[{"Text":"\"Water-Powered Lift\" hall."}],
	[{"Text":"Try digging inside the wooden frame\nthat looks like a window with a fence."}],
	[{"Text":"Left eye on the jumbo face."}],
	[{"Text":"The largest room."}],
	[{"Text":"Try digging inside the ring that is\nover the room with two switches."}],
	[{"Text":"In front of a family of skulls."}],
	[{"Text":"\"Water-Powered Lift\" hall."}],
	[{"Text":"Try digging in front of the skull with\na mini-skull at the bottom of the hall."}],
	[{"Text":"Sealed window."}],
	[{"Text":"The largest room."}],
	[{"Text":"Try digging inside a wooden frame\nlooking like a window with tilted bars."}],
	[{"Text":"In the triangle skull."}],
	[{"Text":"On the narrow path,\nswitch No.2 or No.3."}],
	[{"Text":"Upper area of the narrow path\nwhere there is a floating platform."}],
	[{"Text":"Between the skulls facing each other."}],
	[{"Text":"On the narrow path,\nswitch No.2 or No.3."}],
	[{"Text":"Upper area of the narrow path\nwhere there is a floating platform."}],
	[{"Text":"Near the blue flame."}],
	[{"Text":"High up."}],
	[{"Text":"Try digging under the blue lantern."}],
	[{"Text":"Near the blue flame."}],
	[{"Text":"High up."}],
	[{"Text":"Try digging under the blue lantern."}],
	[{"Text":"Switch No.1.5?"}],
	[{"Text":"Narrow path."}],
	[{"Text":"Try digging between two switches."}],
	[{"Text":"Three skulls arguing."}],
	[{"Text":"A room behind the \"CAUTION\" sign\nthat warns about the ghosts."}],
	[{"Text":"Try digging in the area where\nthe three skulls are looking at...?"}],
	[{"Text":"Under the vertical line of skulls."}],
	[{"Text":"A room behind the \"CAUTION\" sign\nthat warns about the ghosts."}],
	[{"Text":"Try digging in the area under the\nskulls lined up near the wall."}],
	[{"Text":""}],
	[{"Text":""}],
	[{"Text":""}],
	[{"Text":""}],
	[{"Text":""}],
	[{"Text":""}],
	[{"Text":""}],
	[{"Text":""}],
	[{"Text":""}],
	[{"Text":""}],
	[{"Text":""}],
	[{"Text":""}],
	[{"Text":""}],
	[{"Text":""}],
	[{"Text":""}],
	[{"Text":""}],
	[{"Text":""}],
	[{"Text":""}],
	[{"Text":""}],
	[{"Text":""}],
	[{"Text":""}],
	[{"Text":""}],
	[{"Text":""}],
	[{"Text":""}],
	[{"Text":"The main pillar."}],
	[{"Text":"\"Water-Powered Lift\" hall."}],
	[{"Text":"Go around the pillar in\nthe center of the hall."}],
	[{"Text":"It's moving and it's\nsurrounded by blue lights."}],
	[{"Text":"High up."}],
	[{"Text":"The \"Lantern Room.\""}],
	[{"Text":"Go back and forth on the tracks."}],
	[{"Text":"The largest room."}],
	[{"Text":"On the tracks in the middle area\nof the \"Water-Powered Lift\" hall."}],
	[{"Text":"Ghost path."}],
	[{"Text":"Small place."}],
	[{"Text":"Wander behind the \"CAUTION\"\nsign that warns about the ghosts."}],
	[{"Text":"Red flowers for a skull couple."}],
	[{"Text":"\"Water-Powered Lift\" hall."}],
	[{"Text":"Circle around the spring on the wall."}],
	[{"Text":"Path to the abyss."}],
	[{"Text":"On the narrow path, switch No.1."}],
	[{"Text":"Go up and down under\nthe floating platform."}],
	[{"Text":"Underwater brick room."}],
	[{"Text":"Down below."}],
	[{"Text":"Underwater path behind \"CAUTION\"\nsign that warns about the ghosts."}],
	[{"Text":"Floating with ghosts."}],
	[{"Text":"Under a lot of pillars."}],
	[{"Text":"A room behind the \"CAUTION\" sign\nthat warns about the ghosts."}],
	[{"Text":"Three fans."}],
	[{"Text":"\"Water-Powered Lift\" hall."}],
	[{"Text":"In front of three propellers\nin the upper area of the hall."}],
	[{"Text":"Three fans."}],
	[{"Text":"\"Water-Powered Lift\" hall."}],
	[{"Text":"In front of three propellers\nin the upper area of the hall."}],
	[{"Text":"Near the wall."}],
	[{"Text":"Do you feel a breeze?"}],
	[{"Text":"In front of the middle fan."}],
	[{"Text":"Dented ceiling."}],
	[{"Text":"Narrow path, enter from the top."}],
	[{"Text":"Press switch No.2 and jump on the\nfloating platform. Try Spiral Upper! "}],
	[{"Text":"Dented ceiling."}],
	[{"Text":"Narrow path, enter from the bottom."}],
	[{"Text":"Press switch No.2 and jump on the\nfloating platform. Try Spiral Upper! "}],
	[{"Text":"Stair-shaped brick room."}],
	[{"Text":"Down below."}],
	[{"Text":"Underwater path behind \"CAUTION\"\nsign that warns about the ghosts."}],
	[{"Text":"Stair-shaped brick room."}],
	[{"Text":"Down below."}],
	[{"Text":"Underwater path behind \"CAUTION\"\nsign that warns about the ghosts."}],
	[{"Text":"Chase the skull!"}],
	[{"Text":"The \"Ghost Room.\""}],
	[{"Text":"A room behind the \"CAUTION\" sign\nthat warns about the ghosts."}],
	[{"Text":"Skull dead end."}],
	[{"Text":"Behind the mysterious door."}],
	[{"Text":"Open the door with that melody."}],
	[{"Text":"The deep end of the ghost tunnel."}],
	[{"Text":"Switch No.1."}],
	[{"Text":"The bottom of the hole to the abyss."}],
	[{"Text":"Almost reaching the ceiling."}],
	[{"Text":"\"Water-Powered Lift\" hall."}],
	[{"Text":"Put them on the pulley."}],
	[{"Text":"Water level 2 height."}],
	[{"Text":"A room filled with skulls and ghosts."}],
	[{"Text":"Ghosts are waiting for you!"}],
	[{"Text":"Water level 2 height."}],
	[{"Text":"A room filled with skulls and ghosts."}],
	[{"Text":"Ghosts are waiting for you!"}],
	[{"Text":"Guardian of the switch."}],
	[{"Text":"High up."}],
	[{"Text":"The GUN's machine near\nthe switch in the \"Lantern Room.\""}],
	[{"Text":"Something other than a mine cart?"}],
	[{"Text":"Narrow path."}],
	[{"Text":"GUN's car with spikes."}],
	[{"Text":"Something other than a mine cart?"}],
	[{"Text":"Narrow path."}],
	[{"Text":"GUN's car with spikes."}],
	[{"Text":""}],
	[{"Text":""}],
	[{"Text":""}],
	[{"Text":""}],
	[{"Text":""}],
	[{"Text":""}],
	[{"Text":""}],
	[{"Text":""}],
	[{"Text":""}],
	[{"Text":""}],
	[{"Text":""}],
	[{"Text":""}],
	[{"Text":""}],
	[{"Text":""}],
	[{"Text":""}],
	[{"Text":""}],
	[{"Text":""}],
	[{"Text":""}],
	[{"Text":""}],
	[{"Text":""}],
	[{"Text":""}],
	[{"Text":""}],
	[{"Text":""}],
	[{"Text":""}],
	[{"Text":""}],
	[{"Text":""}],
	[{"Text":""}],
	[{"Text":""}],
	[{"Text":""}],
	[{"Text":""}],
	[{"Text":""}],
	[{"Text":""}],
	[{"Text":""}],
	[{"Text":""}],
	[{"Text":""}],
	[{"Text":""}],
	[{"Text":""}],
	[{"Text":""}],
	[{"Text":""}],
	[{"Text":""}],
	[{"Text":""}],
	[{"Text":""}],
	[{"Text":""}],
	[{"Text":""}],
	[{"Text":""}],
	[{"Text":""}],
	[{"Text":""}],
	[{"Text":""}],
	[{"Text":""}],
	[{"Text":""}],
	[{"Text":""}],
	[{"Text":""}],
	[{"Text":""}],
	[{"Text":""}],
	[{"Text":""}],
	[{"Text":""}],
	[{"Text":""}],
	[{"Text":""}],
	[{"Text":""}],
	[{"Text":""}],
	[{"Text":""}],
	[{"Text":""}],
	[{"Text":""}],
	[{"Text":""}],
	[{"Text":""}],
	[{"Text":""}],
	[{"Text":""}],
	[{"Text":""}],
	[{"Text":""}],
	[{"Text":""}],
	[{"Text":""}],
	[{"Text":""}],
	[{"Text":""}],
	[{"Text":""}],
	[{"Text":""}],
	[{"Text":""}],
	[{"Text":""}],
	[{"Text":""}],
	[{"Text":""}],
	[{"Text":""}],
	[{"Text":""}],
	[{"Text":""}],
	[{"Text":""}],
	[{"Text":""}],
	[{"Text":""}],
	[{"Text":""}],
	[{"Text":""}],
	[{"Text":""}],
	[{"Text":""}],
	[{"Text":""}],
	[{"Text":""}],
	[{"Text":""}],
	[{"Text":""}],
	[{"Text":""}],
	[{"Text":""}],
	[{"Text":""}],
	[{"Text":""}],
	[{"Text":""}],
	[{"Text":""}],
	[{"Text":""}],
	[{"Text":""}],
	[{"Text":""}],
	[{"Text":""}],
	[{"Text":""}],
	[{"Text":""}],
	[{"Text":""}],
	[{"Text":""}],
	[{"Text":""}]
  ]
}