{
  "language": "English",
  "texts": [
    [{"Text":"Calabaza con ojos tristes."}],
    [{"Text":"Desde la montaña del tren\nGhost, se puede ver..."}],
    [{"Text":"Sobre la montaña en forma\nde fantasma calabaza."}],
    [{"Text":"Debajo de las vías."}],
    [{"Text":"Montaña del tren fantasma."}],
    [{"Text":"Muro de roca debajo \nde la plataforma rotatoria."}],
    [{"Text":"Calaveras gemelas."}],
    [{"Text":"Montaña Church."}],
    [{"Text":"A los pies de la montaña."}],
    [{"Text":"La calabaza que ríe."}],
    [{"Text":"Entre la montaña Church y \nla montaña Pumpkin."}],
    [{"Text":"Sobre la montaña en forma\nde calabaza tenebrosa."}],
    [{"Text":"¡Lucha por las Emeralds!"}],
    [{"Text":"Montaña Pumpkin."}],
    [{"Text":"Entre los árboles, \nen medio de la montaña."}],
    [{"Text":"Calabaza con ojos tristes."}],
    [{"Text":"Desde la montaña del tren\nfantasma, se puede ver..."}],
    [{"Text":"Sobre la montaña en forma\nde calabaza tenebrosa."}],
    [{"Text":"Está a punto de caerse."}],
    [{"Text":"Muñeco de nieve calabaza."}],
    [{"Text":"Altar Calabaza \nen la falda de la montaña."}],
    [{"Text":"La trayectoria del cohete."}],
    [{"Text":"Montaña Pumpkin."}],
    [{"Text":"En el cohete que está\ndetrás de la montaña."}],
    [{"Text":"Bajo la chimenea."}],
    [{"Text":"Montaña del tren fantasma."}],
    [{"Text":"Muro de roca con vías ovaladas."}],
    [{"Text":"¿Es suelo, pero \ntambién es techo?"}],
    [{"Text":"Montaña del tren fantasma."}],
    [{"Text":"Debajo de la plataforma \nde acero que sobresale."}],
    [{"Text":"¡Lucha por las Emeralds!"}],
    [{"Text":"Montaña del tren fantasma."}],
    [{"Text":"Entre los árboles que están\nuno enfrente del otro."}],
    [{"Text":"Calaveras a la derecha y \na la izquierda."}],
    [{"Text":"Montaña del tren fantasma."}],
    [{"Text":"Viga de acero cerca \nde las vías ovaladas."}],
    [{"Text":"Un camino alineado \ncon Rings."}],
    [{"Text":"Montaña del tren fantasma."}],
    [{"Text":"Viga de acero cerca \nde las vías ovaladas."}],
    [{"Text":"Fantasma con tres caras."}],
    [{"Text":"Cerca de la montaña \ndel tren fantasma."}],
    [{"Text":"En el camino cerca de \nla falda de la montaña."}],
    [{"Text":"La segunda calavera desde\narriba, la quinta desde abajo."}],
    [{"Text":"Montaña del tren fantasma."}],
    [{"Text":"Viga de acero cerca \nde las vías ovaladas."}],
    [{"Text":"Bajo la chimenea."}],
    [{"Text":"Montaña del tren fantasma."}],
    [{"Text":"Muro de roca bajo la \nplataforma rotatoria."}],
    [{"Text":"Gira pero no gira."}],
    [{"Text":"En la plataforma rotatoria\noxidada."}],
    [{"Text":"Plataforma rotatoria \ndel tren fantasma."}],
    [{"Text":"La segunda calavera desde\narriba, la quinta desde abajo."}],
    [{"Text":"Montaña del tren fantasma."}],
    [{"Text":"Viga de acero cerca \nde las vías ovaladas."}],
    [{"Text":"El tiempo lo dirá..."}],
    [{"Text":"Montaña Church."}],
    [{"Text":"Lugar donde estaba la\ncampana de la iglesia."}],
    [{"Text":"Una lápida en el césped."}],
    [{"Text":"Sobre la montaña."}],
    [{"Text":"Cementerio de la iglesia."}],
    [{"Text":"Lugar tenebroso."}],
    [{"Text":"Tras un muro de roca grueso."}],
    [{"Text":"Montaña Church."}],
    [{"Text":"Está a punto de caerse."}],
    [{"Text":"Montaña Church."}],
    [{"Text":"Tejado de la iglesia."}],
    [{"Text":"Muy en lo alto."}],
    [{"Text":"Montaña Church."}],
    [{"Text":"En el tejado de la iglesia."}],
    [{"Text":"Camino del tren fantasma."}],
    [{"Text":"En las vías."}],
    [{"Text":"Montaña Church."}],
    [{"Text":"La calavera indica el lugar."}],
    [{"Text":"Montaña Church."}],
    [{"Text":"El tren fantasma atraviesa \nel muro de roca."}],
    [{"Text":"¿Un fantasma \ncon tres cabezas?"}],
    [{"Text":"Montaña Church."}],
    [{"Text":"Encima del árbol fantasma."}],
    [{"Text":"La lápida que velan \ncuatro calaveras."}],
    [{"Text":"Cerca de la montaña Church."}],
    [{"Text":"Detrás de una lápida \nsobre un pasadizo en el aire."}],
    [{"Text":"Es suelo y también techo."}],
    [{"Text":"Montaña Church."}],
    [{"Text":"Bajo la plataforma de acero\nque sobresale."}],
    [{"Text":"Familia de calabazas."}],
    [{"Text":"Montaña Pumpkin."}],
    [{"Text":"Detrás de la calabaza que \nestá sobre la montaña."}],
    [{"Text":"Tres calaveras hermanas."}],
    [{"Text":"Montaña Pumpkin."}],
    [{"Text":"Detrás de la estatua de calavera\nen la ladera de la montaña."}],
    [{"Text":"Llorando de risa."}],
    [{"Text":"Montaña Pumpkin."}],
    [{"Text":"Enfrente de una calabaza grande,\nen lo alto de la montaña."}],
    [{"Text":"Un hueco de tres pies."}],
    [{"Text":"Montaña Pumpkin."}],
    [{"Text":"Cerca de los pies de las escaleras,\nen lo alto de la montaña."}],
    [{"Text":"Tres barriles de metal."}],
    [{"Text":"En el barril de metal \nsobre el acantilado."}],
    [{"Text":"Montaña del tren fantasma."}],
    [{"Text":"Casa insomne."}],
    [{"Text":"Montaña del tren fantasma."}],
    [{"Text":"En el centro de las vías circulares."}],
    [{"Text":"Lo puedes ver, pero \nno te lo puedes llevar..."}],
    [{"Text":"Montaña Church."}],
    [{"Text":"En una jaula sobre la ladera \nde la montaña."}],
    [{"Text":"Solo hay uno sobre el acantilado."}],
    [{"Text":"Montaña Church."}],
    [{"Text":"En el barril de metal."}],
    [{"Text":"Estación del tren fantasma."}],
    [{"Text":"Montaña Pumpkin."}],
    [{"Text":"Estación Pumpkin en la ladera\nde la montaña."}],
    [{"Text":"La persona que estabas esperando\nfinalmente ha llegado."}],
    [{"Text":"Montaña Pumpkin."}],
    [{"Text":"Estación Pumpkin en la ladera\nde la montaña."}],
    [{"Text":"Casa del espantapájaros."}],
    [{"Text":"Montaña Pumpkin."}],
    [{"Text":"En una cabaña sobre la ladera\nde la montaña."}],
    [{"Text":"Barras de hierro frías..."}],
    [{"Text":"Pasadizo que lleva a las montañas. "}],
    [{"Text":"Una jaula entre la montaña del tren fantasma y la montaña Pumpkin."}],
    [{"Text":"Cabaña abandonada."}],
    [{"Text":"Montaña del tren fantasma."}],
    [{"Text":"En la cabaña sobre el acantilado."}],
    [{"Text":"Cabaña gemelas."}],
    [{"Text":"Montaña del tren fantasma."}],
    [{"Text":"Cerca de las vías ovaladas."}],
    [{"Text":"Contenedores dobles."}],
    [{"Text":"Montaña del tren fantasma."}],
    [{"Text":"El acantilado en la montaña \nque tiene vías en círculo."}],
    [{"Text":"Cabaña abandonada."}],
    [{"Text":"Montaña Church."}],
    [{"Text":"En una cabaña sobre la ladera\nde la montaña."}],
    [{"Text":"Tres barriles de metal."}],
    [{"Text":"Montaña Church."}],
    [{"Text":"En el barril de metal \nsobre el acantilado."}],
    [{"Text":"Contenedores dobles."}],
    [{"Text":"Montaña Church."}],
    [{"Text":"El acantilado cerca de la falda \nde la montaña."}],
    [{"Text":"Contenedores dobles."}],
    [{"Text":"Montaña Pumpkin."}],
    [{"Text":"Un contenedor en lo alto \nde la montaña."}],
    [{"Text":"Una granja."}],
    [{"Text":"Montaña Pumpkin."}],
    [{"Text":"Una cabaña en lo alto \nde la montaña."}],
    [{"Text":"Rey de la colina."}],
    [{"Text":"Bajo el coche que \nenciende un cañón."}],
    [{"Text":"¡Deslízate hasta el globo\ndesde la montaña del tren fantasma!"}],
    [{"Text":"Esto puede pasar\nsi haces algo malo..."}],
    [{"Text":"Cerca de la montaña \ndel tren fantasma."}],
    [{"Text":"Bajo una lápida muy lejana."}],
    [{"Text":"Calabaza con ojos tristes."}],
    [{"Text":"Una montaña con cara de fantasma."}],
    [{"Text":"El ojo derecho de la montaña con \nforma de un calabaza tenebrosa."}],
    [{"Text":"¿Tres frente a tres?"}],
    [{"Text":"Montaña del tren fantasma."}],
    [{"Text":"Entre los árboles fantasmas \nque están uno frente al otro."}],
    [{"Text":"Un lugar donde se puede oír \nla bocina."}],
    [{"Text":"Montaña del tren fantasma."}],
    [{"Text":"Intenta poner el tren fantasma en el\nfondo, usando la palanca rotatoria..."}],
    [{"Text":"Esto puede pasar\nsi haces algo malo..."}],
    [{"Text":"Montaña Church."}],
    [{"Text":"Una lápida solitaria en la falda \nde la montaña."}],
    [{"Text":"Calabaza perdida."}],
    [{"Text":"En el suelo."}],
    [{"Text":"En una ladera de la montaña Church."}],
    [{"Text":"Lápida de tres hermanos."}],
    [{"Text":"En el centro de un triángulo."}],
    [{"Text":"Un cementerio en la falda \nde la montaña Church."}],
    [{"Text":"En el centro de un triángulo."}],
    [{"Text":"Montaña Church."}],
    [{"Text":"Entre tres árboles fantasmas \nen la falda de la montaña."}],
    [{"Text":"Un lugar donde se puede oír \nla bocina."}],
    [{"Text":"Montaña Church."}],
    [{"Text":"Bajo las vías en la ladera \nde la montaña."}],
    [{"Text":"¿Una montaña barbuda...?"}],
    [{"Text":"Montaña Church."}],
    [{"Text":"En medio de un césped que crece\nen la ladera de una montaña grande."}],
    [{"Text":"Un lugar donde se cruzan las llamas."}],
    [{"Text":"Montaña Pumpkin."}],
    [{"Text":"Entre tres estatuas de calavera \nen la ladera de la montaña."}],
    [{"Text":"Un lugar donde se puede oír \nla bocina."}],
    [{"Text":"Montaña Pumpkin."}],
    [{"Text":"Bajo las vías en la ladera \nde la montaña."}],
    [{"Text":"Tres hermanos espantapájaros."}],
    [{"Text":"Montaña Pumpkin."}],
    [{"Text":"Entre tres espantapájaros \nen la ladera de la montaña."}],
    [{"Text":"¿Estás congestionado?"}],
    [{"Text":"Una montaña con cara de fantasma."}],
    [{"Text":"La nariz de una montaña con \nforma de un calabaza tenebrosa."}],
    [{"Text":"¡Horroroso! ¡Una calavera enterrada\nen el muro de roca!"}],
    [{"Text":"Montaña Pumpkin."}],
    [{"Text":"¡Intenta escalar una montaña \nde frente sin usar un cohete!"}],
    [{"Text":"Lápida de tres hermanos."}],
    [{"Text":"Montaña del tren fantasma."}],
    [{"Text":"Bajo la lápida detrás de un túnel."}],
    [{"Text":"Bajo la chimenea."}],
    [{"Text":"Montaña del tren fantasma."}],
    [{"Text":"Acantilado rocoso bajo \nla plataforma rotatoria."}],
    [{"Text":"Una lápida cerca del césped."}],
    [{"Text":"Montaña del tren fantasma."}],
    [{"Text":"Debajo del césped cerca de \nuna lápida detrás de un túnel."}],
    [{"Text":"Chimenea cerca del césped."}],
    [{"Text":"Montaña del tren fantasma."}],
    [{"Text":"Por la raíz del césped en la chimenea \ncerca de la plataforma rotatoria."}],
    [{"Text":"Dormir con los muertos..."}],
    [{"Text":"En lo alto de la montaña."}],
    [{"Text":"Cementerio de la iglesia."}],
    [{"Text":"Dormir con los muertos..."}],
    [{"Text":"En lo alto de la montaña."}],
    [{"Text":"Cementerio de la iglesia."}],
    [{"Text":"Dormir con los muertos..."}],
    [{"Text":"Cerca de la montaña Church."}],
    [{"Text":"Detrás de una lápida \nsobre un pasadizo en el aire."}],
    [{"Text":"Lápida solitaria."}],
    [{"Text":"Montaña Church."}],
    [{"Text":"En una lápida en la ladera \nde la montaña."}],
    [{"Text":"Calabazas que no se llevan bien."}],
    [{"Text":"Campo de calabazas."}],
    [{"Text":"Entre calabazas que se dan \nla espalda."}],
    [{"Text":"Un lugar donde no puedes saltar..."}],
    [{"Text":"Campo de calabazas."}],
    [{"Text":"Lugar donde puedes excavar, pero no \npuedes saltar. Y: ventana de acción."}],
    [{"Text":"Muñeco de nieve calabaza."}],
    [{"Text":"En el muro de roca."}],
    [{"Text":"Muro de roca por el altar Calabaza\nen la falda de la montaña."}],
    [{"Text":"Familia de calabazas."}],
    [{"Text":"En la espalda de Papá."}],
    [{"Text":"Detrás de una calabaza grande \nen un campo de calabazas."}],
    [{"Text":"Triángulo de calabazas."}],
    [{"Text":"Montaña Pumpkin."}],
    [{"Text":"Entre tres calabazas que puedes\nencontrar usando un cohete."}],
    [{"Text":"Bajo una chimenea."}],
    [{"Text":"Montaña Pumpkin."}],
    [{"Text":"Por los pies de la única chimenea\ndel campo de calabazas."}],
    [{"Text":"Un espantapájaros que protege \nun contenedor."}],
    [{"Text":"Montaña Pumpkin."}],
    [{"Text":"Cerca de un espantapájaros\nen la ladera de la montaña."}],
    [{"Text":"Dormir detrás de una calabaza."}],
    [{"Text":"Montaña Pumpkin."}],
    [{"Text":"¡Detrás de una calabaza que puedes\nencontrar con la ayuda de un cohete!"}],
    [{"Text":"Rey de la colina."}],
    [{"Text":"Montaña del tren fantasma."}],
    [{"Text":"En el suelo protegido por un cañón."}],
    [{"Text":"En el suelo donde están las vías."}],
    [{"Text":"Montaña del tren fantasma."}],
    [{"Text":"Cerca de las vías ovaladas\nen la falda de la montaña."}],
    [{"Text":"En el suelo donde están las vías."}],
    [{"Text":"Montaña del tren fantasma."}],
    [{"Text":"Cerca del final de las vías que \nllevan a la plataforma rotatoria."}],
    [{"Text":"Seis calaveras nos están observando..."}],
    [{"Text":"En el suelo."}],
    [{"Text":"Un lugar rodeado de una valla de \ncalaveras en un pasadizo por el aire."}],
    [{"Text":"Lápida de tres hermanos."}],
    [{"Text":"Montaña Church."}],
    [{"Text":"En el suelo rodeado por tres lápidas."}],
    [{"Text":"Dormir con los muertos..."}],
    [{"Text":"En lo alto de la montaña."}],
    [{"Text":"En algún sitio del cementerio \ncerca de la iglesia."}],
    [{"Text":"Un lugar cerca del cielo."}],
    [{"Text":"Montaña Pumpkin."}],
    [{"Text":"Está enterrado en lo alto \nde una montaña."}],
    [{"Text":"Cuatro héroes."}],
    [{"Text":"Campo de calabazas."}],
    [{"Text":"Zona rodeada de espantapájaros."}],
    [{"Text":"Caminar en círculo..."}],
    [{"Text":"Montaña del tren fantasma."}],
    [{"Text":"Lleva el tren fantasma a lo alto de la\nmontaña con la palanca rotatoria."}],
    [{"Text":"Apártate de la plataforma y \nespera la siguiente llegada."}],
    [{"Text":"Montaña Pumpkin."}],
    [{"Text":"Muévete en círculo con un tren."}],
    [{"Text":"Viaje interminable."}],
    [{"Text":"Montaña Church."}],
    [{"Text":"Muévete en círculo con un tren."}],
    [{"Text":"Camina en círculo..."}],
    [{"Text":"Montaña del tren fantasma."}],
    [{"Text":"Intenta poner el tren fantasma en el\nfondo, usando la palanca rotatoria..."}],
    [{"Text":"¿De patrulla?"}],
    [{"Text":"Montaña Pumpkin."}],
    [{"Text":"Camina despacio por fuera \ndel campo de calabazas."}],
    [{"Text":"Anillo de Ángel."}],
    [{"Text":"Una montaña con cara de fantasma."}],
    [{"Text":"Rodea la montaña \ncon cara de enfado."}],
    [{"Text":"¡Collar de la calabaza fantasma!"}],
    [{"Text":"Una montaña con cara de fantasma."}],
    [{"Text":"Rodea la montaña \ncon cara triste."}],
    [{"Text":"Una trayectoria de misiles."}],
    [{"Text":"Montaña Church."}],
    [{"Text":"Una rampa de lanzamiento de  \ncohetes en la falda de la montaña."}],
    [{"Text":"¡Ruido arriba y abajo!"}],
    [{"Text":"Montaña del tren fantasma."}],
    [{"Text":"Más abajo de la plataforma rotatoria."}],
    [{"Text":"Césped aplastado."}],
    [{"Text":"Montaña del tren fantasma."}],
    [{"Text":"Bajo el césped del camino \nde la bola de hierro."}],
    [{"Text":"En el material peligroso."}],
    [{"Text":"Cerca de la montaña \ndel tren fantasma."}],
    [{"Text":"En el camino que lleva \na la montaña Pumpkin."}],
    [{"Text":"¡Puedes verlo, pero \nno puedes llevártelo!"}],
    [{"Text":"Montaña Church."}],
    [{"Text":"En una jaula en la falda \nde la montaña."}],
    [{"Text":"Poste indicador del tren fantasma."}],
    [{"Text":"En el aire."}],
    [{"Text":"Montaña Church."}],
    [{"Text":"Reza para que haya una buena \ncosecha en un sitio sagrado."}],
    [{"Text":"En el aire."}],
    [{"Text":"Cuando veas la montaña Pumpkin \nen la campana de la iglesia..."}],
    [{"Text":"¿Una calabaza con una sonrisa \nescalofriante está mirando a...?"}],
    [{"Text":"Cerca de una montaña \ncon cara de fantasma."}],
    [{"Text":"Mira a tu alrededor desde la\nmontaña con la sonrisa escalofriante."}],
    [{"Text":"Emeralds en llamas."}],
    [{"Text":"Tres calaveras hermanas."}],
    [{"Text":"En la falda de la montaña Pumpkin."}],
    [{"Text":"¿Bajo la montaña?"}],
    [{"Text":"Una plataforma de hierro oxidada,\npor encima."}],
    [{"Text":"Bajo la montaña que \ntiene vías circulares."}],
    [{"Text":"Aplausos de entusiasmo \nde las calaveras."}],
    [{"Text":"En el muro de roca."}],
    [{"Text":"Un lugar donde se cruzan las llamas."}],
    [{"Text":"¡Hay un secreto en esa iglesia!"}],
    [{"Text":"¿Tienes tus gafas de sol?"}],
    [{"Text":"Ponte las gafas de sol \nen lo alto de la iglesia..."}],
    [{"Text":"Rey de la colina."}],
    [{"Text":"Montaña del tren fantasma."}],
    [{"Text":"En un coche que enciende un cañón."}],
    [{"Text":"Lápida de tres hermanos."}],
    [{"Text":"Montaña Church."}],
    [{"Text":"¿Un fantasma en la falda de la\nmontaña está sosteniendo...?"}],
    [{"Text":""}],
    [{"Text":""}],
    [{"Text":""}],
    [{"Text":""}],
    [{"Text":""}],
    [{"Text":""}],
    [{"Text":""}],
    [{"Text":""}],
    [{"Text":""}],
    [{"Text":""}],
    [{"Text":""}],
    [{"Text":""}],
    [{"Text":""}],
    [{"Text":""}],
    [{"Text":""}],
    [{"Text":""}],
    [{"Text":""}],
    [{"Text":""}],
    [{"Text":""}],
    [{"Text":""}],
    [{"Text":""}],
    [{"Text":""}],
    [{"Text":""}],
    [{"Text":""}],
    [{"Text":""}],
    [{"Text":""}],
    [{"Text":""}],
    [{"Text":""}],
    [{"Text":""}],
    [{"Text":""}],
    [{"Text":""}],
    [{"Text":""}],
    [{"Text":""}],
    [{"Text":""}],
    [{"Text":""}],
    [{"Text":""}],
    [{"Text":""}],
    [{"Text":""}],
    [{"Text":""}],
    [{"Text":""}],
    [{"Text":""}],
    [{"Text":""}],
    [{"Text":""}],
    [{"Text":""}],
    [{"Text":""}],
    [{"Text":""}],
    [{"Text":""}],
    [{"Text":""}],
    [{"Text":""}],
    [{"Text":""}],
    [{"Text":""}],
    [{"Text":""}],
    [{"Text":""}],
    [{"Text":""}],
    [{"Text":""}],
    [{"Text":""}],
    [{"Text":""}],
    [{"Text":""}],
    [{"Text":""}],
    [{"Text":""}],
    [{"Text":""}],
    [{"Text":""}],
    [{"Text":""}],
    [{"Text":""}],
    [{"Text":""}],
    [{"Text":""}],
    [{"Text":""}],
    [{"Text":""}],
    [{"Text":""}],
    [{"Text":""}],
    [{"Text":""}],
    [{"Text":""}],
    [{"Text":""}],
    [{"Text":""}],
    [{"Text":""}],
    [{"Text":""}],
    [{"Text":""}],
    [{"Text":""}],
    [{"Text":""}],
    [{"Text":""}],
    [{"Text":""}],
    [{"Text":""}],
    [{"Text":""}],
    [{"Text":""}],
    [{"Text":""}],
    [{"Text":""}],
    [{"Text":""}],
    [{"Text":""}],
    [{"Text":""}],
    [{"Text":""}],
    [{"Text":""}],
    [{"Text":""}],
    [{"Text":""}],
    [{"Text":""}],
    [{"Text":""}],
    [{"Text":""}],
    [{"Text":""}],
    [{"Text":""}],
    [{"Text":""}],
    [{"Text":""}],
    [{"Text":""}],
    [{"Text":""}],
    [{"Text":""}],
    [{"Text":""}],
    [{"Text":""}],
    [{"Text":""}],
    [{"Text":""}],
    [{"Text":""}],
    [{"Text":""}],
    [{"Text":""}],
    [{"Text":""}],
    [{"Text":""}],
    [{"Text":""}],
    [{"Text":""}],
    [{"Text":""}],
    [{"Text":""}],
    [{"Text":""}]
  ]
}