{
  "language": "English",
  "texts": [
	["D",{"Text":"On the head."}],
	["D",{"Text":"A high place."}],
	["D",{"Text":"On a wall with three stone faces."}],
	["D",{"Text":"On the head."}],
	["D",{"Text":"A high place"}],
	["D",{"Text":"On a wall with three stone faces."}],
	["D",{"Text":"Tears of a giant."}],
	["D",{"Text":"A high place."}],
	["D",{"Text":"Under the left eye of one\nof the three stone faces."}],
	["D",{"Text":"Stone monument of the sun."}],
	["D",{"Text":"A high place."}],
	["D",{"Text":"Above the stone pillar with\na red circle by the water."}],
	["D",{"Text":"Turtle's path."}],
	["D",{"Text":"In the water."}],
	["D",{"Text":"In front of the red pillar\nat the bottom of the big oasis."}],
	["D",{"Text":"Turtle's path."}],
	["D",{"Text":"In the water."}],
	["D",{"Text":"In front of the red pillar at\nthe bottom of the big oasis."}],
	["D",{"Text":"Behind the water plant."}],
	["D",{"Text":"In the water."}],
	["D",{"Text":"Near the large leaf at the\nbottom of the big oasis."}],
	["D",{"Text":"Enchanted pillar."}],
	["D",{"Text":"A high place."}],
	["D",{"Text":"On the pillar near\nthe three stone faces."}],
	["D",{"Text":"On the ledge with three red circles."}],
	["D",{"Text":"A high place."}],
	["D",{"Text":"On the ledge above the big oasis."}],
	["D",{"Text":"Offering."}],
	["D",{"Text":"Big oasis."}],
	["D",{"Text":"At the base of a high pillar."}],
	["D",{"Text":"On a hexagon pillar."}],
	["D",{"Text":"Big oasis."}],
	["D",{"Text":"On top of the red pillar."}],
	["D",{"Text":"On a hexagon pillar."}],
	["D",{"Text":"Big oasis."}],
	["D",{"Text":"On top of the red pillar."}],
	["D",{"Text":"In between the mini pillars."}],
	["D",{"Text":"Big oasis."}],
	["D",{"Text":"In the middle of the circle of\nstakes in the big oasis."}],
	[{"Text":"Red flowers and red pillar."}],
	[{"Text":"Where there are some butterflies."}],
	[{"Text":"Under two red pillars on the path\nto the three stone faces."}],
	["D",{"Text":"Forgotten little boat."}],
	["D",{"Text":"The three stone faces."}],
	["D",{"Text":"On the little boat by\nthe three stone faces."}],
	[{"Text":"By the far away pond."}],
	[{"Text":"Where there are some butterflies."}],
	[{"Text":"Path to the three stone faces."}],
	["D",{"Text":"By the foot of a shell."}],
	["D",{"Text":"In the water."}],
	["D",{"Text":"Behind a floating turtle."}],
	["D",{"Text":"Outside a jail cell."}],
	["D",{"Text":"In the water."}],
	["D",{"Text":"Near the fence by the oasis jail."}],
	["D",{"Text":"Underwater balcony."}],
	["D",{"Text":"In the water."}],
	["D",{"Text":"On the underwater shelf\nin the big oasis."}],
	["D",{"Text":"Underwater balcony."}],
	["D",{"Text":"In the water."}],
	["D",{"Text":"On the underwater shelf\nin the big oasis."}],
	[{"Text":"A lot of square faces."}],
	[{"Text":"On the grass."}],
	[{"Text":"On a path with many\nsquare blocks with eyes."}],
	[{"Text":"A lot of square faces."}],
	[{"Text":"On the grass."}],
	[{"Text":"On a path with many\nsquare blocks with eyes."}],
	[{"Text":"Blue and white \"V\"."}],
	[{"Text":"On a stone."}],
	[{"Text":"On the blue pillar in\nfront of the pool statue."}],
	["D",{"Text":"Stone statue's treasure."}],
	["D",{"Text":"Near the water."}],
	["D",{"Text":"On a square box that the\npool statue is holding."}],
	["D",{"Text":"Blue striped head."}],
	["D",{"Text":"On the stone."}],
	["D",{"Text":"On the head of the pool statue."}],
	[{"Text":"Blue striped head."}],
	[{"Text":"On the stone."}],
	[{"Text":"On the head of a sitting\nstatue in the small oasis."}],
	[{"Text":"Green pool."}],
	[{"Text":"A high place."}],
	[{"Text":"In a square pond above\nthe small oasis."}],
	[{"Text":"The pool in front of the wall."}],
	[{"Text":"Down below."}],
	[{"Text":"Above the small pool in\nfront of the wall painting."}],
	[{"Text":"GUN's storage area."}],
	[{"Text":"A high place."}],
	[{"Text":"On many containers."}],
	[{"Text":"GUN's storage area."}],
	[{"Text":"A high place."}],
	[{"Text":"On many containers."}],
	[{"Text":"Huge screen."}],
	[{"Text":"Down below."}],
	[{"Text":"In front of the huge wall painting\nnear the small oasis."}],
	[{"Text":"Huge screen."}],
	[{"Text":"Down below."}],
	[{"Text":"In front of the huge wall painting\nnear the small oasis."}],
	[{"Text":"Behind the pillar plants."}],
	[{"Text":"Big oasis."}],
	[{"Text":"In the grass on the ledge\nsticking out over water."}],
	["D",{"Text":"Blue box."}],
	["D",{"Text":"Big oasis."}],
	["D",{"Text":"In a blue box near the tall pillar."}],
	[{"Text":"Emerald leaf."}],
	[{"Text":"A high place."}],
	[{"Text":"On the grassy ledge\nabove the big oasis."}],
	["D",{"Text":"Blue and white \"V\"."}],
	["D",{"Text":"In the water."}],
	["D",{"Text":"Behind the blue pillar\nin front of the pool statue."}],
	["D",{"Text":"Second floor of the\nstone face apartments."}],
	["D",{"Text":"A narrow place."}],
	["D",{"Text":"In a blue box near\nthe front of the pool."}],
	["D",{"Text":"Behind the rubble."}],
	["D",{"Text":"In the water."}],
	["D",{"Text":"Near the big leafy water plant\nat the bottom of the big oasis."}],
	["D",{"Text":"Underwater balcony."}],
	["D",{"Text":"Big oasis."}],
	["D",{"Text":"Under the platform sticking out of \nthe wall at the bottom of the pond."}],
	["D",{"Text":"Blue and white striped pillar."}],
	["D",{"Text":"In the water."}],
	["D",{"Text":"Behind the buried pillar at\nthe bottom of the big oasis."}],
	["D",{"Text":"On the ledge with three red circles."}],
	["D",{"Text":"A high place."}],
	["D",{"Text":"In a jar on the ledge\nabove the big oasis."}],
	["D",{"Text":"Blue box surrounded by four stakes."}],
	["D",{"Text":"Big oasis."}],
	["D",{"Text":"In the box on the platform\nsticking out above the water."}],
	["D",{"Text":"Second floor rooftop of the\nstone face apartments."}],
	["D",{"Text":"On the stone."}],
	["D",{"Text":"In a square block with eyes\nnear the pool statue."}],
	["D",{"Text":"First floor of the\nstone face apartments."}],
	["D",{"Text":"In the stone."}],
	["D",{"Text":"In a square block with eyes\nnear the pool statue."}],
	["D",{"Text":"Second floor of the\nstone face apartments."}],
	["D",{"Text":"In the stone."}],
	["D",{"Text":"In a square block with eyes\nnear the pool statue."}],
	["D",{"Text":"Blue box surrounded by four stakes."}],
	["D",{"Text":"Big oasis."}],
	["D",{"Text":"In the box on the platform\nsticking out above the water."}],
	[{"Text":"Plants in the shade."}],
	[{"Text":"Small oasis."}],
	[{"Text":"In the plants by the foot\nof the sitting statue."}],
	[{"Text":"Under the star in the\nGUN's storage area."}],
	[{"Text":"In a jar."}],
	[{"Text":"A jar under the spring\nabove the small oasis."}],
	["D",{"Text":"Under a chin."}],
	["D",{"Text":"A high place."}],
	["D",{"Text":"Under the three stone faces."}],
	["D",{"Text":"Under a chin."}],
	["D",{"Text":"A high place."}],
	["D",{"Text":"Under the three stone faces."}],
	[{"Text":"On the tilted pillar."}],
	[{"Text":"In the water."}],
	[{"Text":"Grab the turtle in the water.\nIt may take you somewhere."}],
	["D",{"Text":"Oasis jail."}],
	["D",{"Text":"In the water."}],
	["D",{"Text":"Grab the turtle in the water.\nIt may take you somewhere."}],
	["D",{"Text":"Oasis jail."}],
	["D",{"Text":"In the water."}],
	["D",{"Text":"Grab the turtle in the water.\nIt may take you somewhere."}],
	[{"Text":"On the biggest turtle shell."}],
	[{"Text":"Near the water."}],
	[{"Text":"On the roof of the pond\nwhere turtles swim."}],
	[{"Text":"Bull's eye!"}],
	[{"Text":"Red circle."}],
	[{"Text":"In front of a red circle on\na tall pillar in the small oasis."}],
	[{"Text":"Plants in the shade."}],
	[{"Text":"Down below."}],
	[{"Text":"Near the foot of the sitting\nstatue in the small oasis."}],
	[{"Text":"Between the suns facing each other."}],
	[{"Text":"A high place."}],
	[{"Text":"Between the tall pillar and ledge\nin the big oasis."}],
	[{"Text":"Between the suns facing each other."}],
	[{"Text":"A high place."}],
	[{"Text":"Between the tall pillar and ledge \nin the big oasis."}],
	[{"Text":"Fish food."}],
	[{"Text":"A dark place."}],
	[{"Text":"On the water near the oasis jail."}],
	[{"Text":"A red flower in the water?"}],
	[{"Text":"Oasis jail."}],
	[{"Text":"Behind the spring."}],
	[{"Text":"A red flower in the water?"}],
	[{"Text":"In the water."}],
	[{"Text":"Between two springs by\nthe pool statue."}],
	["D",{"Text":"Beneath the stone face apartments."}],
	["D",{"Text":"A shady place."}],
	["D",{"Text":"Under the moving weight\nnear the pool statue."}],
	["D",{"Text":"Enchanted pillar."}],
	["D",{"Text":"A high place."}],
	["D",{"Text":"Above a pillar that the three\nstone faces are looking at."}],
	["D",{"Text":"On top of a palm tree."}],
	["D",{"Text":"A high place."}],
	["D",{"Text":"On the palm tree by\nthe three stone faces."}],
	["D",{"Text":"A coconut?"}],
	["D",{"Text":"A high place."}],
	["D",{"Text":"On the palm tree by\nthe three stone faces."}],
	["D",{"Text":"Two huge pillars."}],
	["D",{"Text":"A high place."}],
	["D",{"Text":"On the huge red pillar on the path to\nthe three stone faces."}],
	["D",{"Text":"Blue and white striped tunnel."}],
	["D",{"Text":"A narrow place."}],
	["D",{"Text":"In a jar inside the tunnel\nin the oasis jail."}],
	[{"Text":"In the corner of the room\ncovered with hieroglyphics."}],
	[{"Text":"In the water."}],
	[{"Text":"In the oasis jail."}],
	[{"Text":"A jar surrounded by three stakes."}],
	[{"Text":"Down below."}],
	[{"Text":"In a jar by the wall\nnear the small oasis."}],
	[{"Text":"Stone statue's treasure."}],
	[{"Text":"Small oasis."}],
	[{"Text":"In the box held by\nthe sitting statue."}],
	[{"Text":"By the giant's chair."}],
	[{"Text":"Down below."}],
	[{"Text":"Next to the chair of the\nsitting statue in the small oasis."}],
	[{"Text":"A coconut?."}],
	[{"Text":"Near a leaf."}],
	[{"Text":"On the palm tree near\nthe small oasis."}],
	["D",{"Text":"Underneath the platform\nwith four stakes."}],
	["D",{"Text":"Big oasis."}],
	["D",{"Text":"Between the ledge sticking out\nof the wall and the water's edge."}],
	["D",{"Text":"Blue and white striped tunnel."}],
	["D",{"Text":"A narrow place."}],
	["D",{"Text":"In the tunnel in the oasis jail."}],
	[{"Text":"Razor plant."}],
	[{"Text":"A high place."}],
	[{"Text":"In the plants on the path above\nthe small oasis."}],
	[{"Text":"GUN's mini storage area."}],
	[{"Text":"A high place."}],
	[{"Text":"In a square block with eyes\nnear containers in the small oasis."}],
	[{"Text":"GUN's mini storage area."}],
	[{"Text":"A high place."}],
	[{"Text":"In a square block with eyes\nnear containers in the small oasis."}],
	[{"Text":"GUN's jar?"}],
	[{"Text":"Above the small oasis."}],
	[{"Text":"In a jar among \na lot of  containers."}],
	[{"Text":"Jar storage place."}],
	[{"Text":"A high place."}],
	[{"Text":"In a jar on the path\nabove the small oasis."}],
	[{"Text":"A coconut?"}],
	[{"Text":"Near a leaf."}],
	[{"Text":"On the palm tree near\nthe small oasis."}],
	[{"Text":""}],
	[{"Text":""}],
	[{"Text":""}],
	[{"Text":""}],
	[{"Text":""}],
	[{"Text":""}],
	[{"Text":""}],
	[{"Text":""}],
	[{"Text":""}],
	[{"Text":""}],
	[{"Text":""}],
	[{"Text":""}],
	[{"Text":""}],
	[{"Text":""}],
	[{"Text":""}],
	[{"Text":""}],
	[{"Text":""}],
	[{"Text":""}],
	[{"Text":""}],
	[{"Text":""}],
	[{"Text":""}],
	[{"Text":""}],
	[{"Text":""}],
	[{"Text":""}],
	[{"Text":"Dry Lagoon thermometer."}],
	[{"Text":"Small oasis."}],
	[{"Text":"Next to the tall pillar and moving."}],
	["D",{"Text":"Circle around the small sun."}],
	["D",{"Text":"Big oasis."}],
	["D",{"Text":"Near the red circle\non top of the tall pillar."}],
	[{"Text":"On the biggest turtle shell."}],
	[{"Text":"Near the water."}],
	[{"Text":"On the roof of the pond\nwhere turtles swim."}],
	[{"Text":"Floating with butterflies."}],
	[{"Text":"On a hexagonal pillar."}],
	[{"Text":"On the red pillar in front\nof the three stone faces."}],
	["D",{"Text":"Moving between the big\nand small pillars."}],
	["D",{"Text":"In a valley."}],
	["D",{"Text":"Floating on the path\nto the three stone faces."}],
	["D",{"Text":"Go up and down the stairs."}],
	["D",{"Text":"In a valley."}],
	["D",{"Text":"Floating on the path\nnear the pool statue."}],
	["D",{"Text":"Turtle's tunnel."}],
	["D",{"Text":"In the water."}],
	["D",{"Text":"Grab the turtle to take you there...\nYou may find it."}],
	["D",{"Text":"Circle around the tilted pillar."}],
	["D",{"Text":"In the water."}],
	["D",{"Text":"Grab the turtle to take you there... \nYou may find it."}],
	[{"Text":"On the ledge with three red circles."}],
	[{"Text":"Big oasis."}],
	[{"Text":"Screw Kick into the center of \nthe ledge with three stakes. "}],
	[{"Text":"On the ledge with three red circles."}],
	[{"Text":"Big oasis."}],
	[{"Text":"Screw Kick in front of the skull."}],
	[{"Text":"The place where water comes from."}],
	[{"Text":"In the water."}],
	[{"Text":"Above the hole at the bottom\nof the big oasis."}],
	[{"Text":"Turtle's tunnel."}],
	[{"Text":"Big oasis."}],
	[{"Text":"Tunnel entrance where water comes\nout of at the bottom of the oasis."}],
	[{"Text":"\"V\" shape."}],
	[{"Text":"Down below."}],
	[{"Text":"Between the two trunks\nof the palm tree."}],
	[{"Text":"Under the turtle's face."}],
	[{"Text":"Down below."}],
	[{"Text":"Deep down under the roof of\nthe pond where turtles swim."}],
	[{"Text":"In front of the white bricks."}],
	[{"Text":"Small oasis."}],
	[{"Text":"Between the tall pillar\nand the white bricks."}],
	[{"Text":"Butterfly's treasure."}],
	[{"Text":"A high place."}],
	[{"Text":"In the center of the ring in the\nsky above the small oasis."}],
	[{"Text":"The highest Emerald."}],
	[{"Text":"Above the small oasis."}],
	[{"Text":"Try breaking the wooden container on\nthe ledge in front of GUN's storage."}],
	[{"Text":"Dig for the Emerald to get it."}],
	[{"Text":"In the sky above the small oasis."}],
	[{"Text":"Dig a hole in front of the Emerald\nby the huge wall painting."}],
	[{"Text":"Bottomless pit."}],
	[{"Text":"Big oasis."}],
	[{"Text":"Put it on underwater."}],
	["D",{"Text":""}],
	["D",{"Text":""}],
	["D",{"Text":""}],
	["D",{"Text":""}],
	["D",{"Text":""}],
	["D",{"Text":""}],
	["D",{"Text":""}],
	["D",{"Text":""}],
	["D",{"Text":""}],
	["D",{"Text":""}],
	["D",{"Text":""}],
	["D",{"Text":""}],
	["D",{"Text":""}],
	["D",{"Text":""}],
	["D",{"Text":""}],
	["D",{"Text":"GUN's guard for the storage area."}],
	["D",{"Text":"A high place."}],
	["D",{"Text":"The GUN's machine near\nmany containers has it."}],
	["D",{"Text":"Protector of the pond."}],
	["D",{"Text":"A high place."}],
	["D",{"Text":"The GUN's machine on the path \nabove the small oasis."}],
	["D",{"Text":"Protector of the jar."}],
	["D",{"Text":"A high place."}],
	["D",{"Text":"The GUN's machine on the path."}],
	["D",{"Text":"Protector of the jar."}],
	["D",{"Text":"A high place."}],
	["D",{"Text":"The GUN's machine on the path."}],
	["D",{"Text":"GUN's guard of the storage area."}],
	["D",{"Text":"A high place."}],
	["D",{"Text":"GUN's machine on the path."}],
	["D",{"Text":""}],
	["D",{"Text":""}],
	["D",{"Text":""}],
	["D",{"Text":""}],
	["D",{"Text":""}],
	["D",{"Text":""}],
	["D",{"Text":""}],
	["D",{"Text":""}],
	["D",{"Text":""}],
	["D",{"Text":""}],
	["D",{"Text":""}],
	["D",{"Text":""}],
	["D",{"Text":""}],
	["D",{"Text":""}],
	["D",{"Text":""}],
	["D",{"Text":""}],
	["D",{"Text":""}],
	["D",{"Text":""}],
	["D",{"Text":""}],
	["D",{"Text":""}],
	["D",{"Text":""}],
	["D",{"Text":""}],
	["D",{"Text":""}],
	["D",{"Text":""}],
	["D",{"Text":""}],
	["D",{"Text":""}],
	["D",{"Text":""}],
	["D",{"Text":""}],
	["D",{"Text":""}],
	["D",{"Text":""}],
	["D",{"Text":""}],
	["D",{"Text":""}],
	["D",{"Text":""}],
	["D",{"Text":""}],
	["D",{"Text":""}],
	["D",{"Text":""}],
	["D",{"Text":""}],
	["D",{"Text":""}],
	["D",{"Text":""}],
	["D",{"Text":""}],
	["D",{"Text":""}],
	["D",{"Text":""}],
	["D",{"Text":""}],
	["D",{"Text":""}],
	["D",{"Text":""}],
	["D",{"Text":""}],
	["D",{"Text":""}],
	["D",{"Text":""}],
	["D",{"Text":""}],
	["D",{"Text":""}],
	["D",{"Text":""}],
	["D",{"Text":""}],
	["D",{"Text":""}],
	["D",{"Text":""}],
	["D",{"Text":""}],
	["D",{"Text":""}],
	["D",{"Text":""}],
	["D",{"Text":""}],
	["D",{"Text":""}],
	["D",{"Text":""}],
	["D",{"Text":""}],
	["D",{"Text":""}],
	["D",{"Text":""}],
	["D",{"Text":""}],
	["D",{"Text":""}],
	["D",{"Text":""}],
	["D",{"Text":""}],
	["D",{"Text":""}],
	["D",{"Text":""}],
	["D",{"Text":""}],
	["D",{"Text":""}],
	["D",{"Text":""}],
	["D",{"Text":""}],
	["D",{"Text":""}],
	["D",{"Text":""}],
	["D",{"Text":""}],
	["D",{"Text":""}],
	["D",{"Text":""}],
	["D",{"Text":""}],
	["D",{"Text":""}],
	["D",{"Text":""}],
	["D",{"Text":""}],
	["D",{"Text":""}],
	["D",{"Text":""}],
	["D",{"Text":""}],
	["D",{"Text":""}],
	["D",{"Text":""}],
	["D",{"Text":""}],
	["D",{"Text":""}],
	["D",{"Text":""}],
	["D",{"Text":""}],
	["D",{"Text":""}],
	["D",{"Text":""}]
  ]
}