{
  "language": "English",
  "texts": [
    ["D",{"Text":"noklaB retethcueleb tor"}],
    ["D",{"Text":"Der tiefste Ort"}],
    ["D",{"Text":"Nicht unter der Plattform mit dem roten \nLicht auf dem umgekehrten Turm"}],
    ["D",{"Text":"lewuJ sedneshcaw nesleF menie fua nie"}],
    ["D",{"Text":"Der kleinste Meteorit"}],
    ["D",{"Text":"Weit entfernt von einem grünen Felsen \nüber einem schwebenden Meteoriten"}],
    ["D",{"Text":"lewuJ sedneshcaw nesleF menie fua nie"}],
    ["D",{"Text":"Der kleinste Meteorit"}],
    ["D",{"Text":"Weit entfernt von einem grünen Felsen \nüber einem schwebenden Meteoriten"}],
    ["D",{"Text":"lespaK red ednE eretnu saD"}],
    ["D",{"Text":"Meteorit ohne Gras"}],
    ["D",{"Text":"Nicht an der unteren Spitze \ndes Kapselmeteoriten."}],
    ["D",{"Text":"lespaK red eztipS eid"}],
    ["D",{"Text":"Meteorit ohne Gras"}],
    ["D",{"Text":"Nicht die Spitze der Kapsel \nunter dem Kapselmeteoriten"}],
    ["D",{"Text":"netiroetemsnoitativarG \nsed mrofttalP ednebewhcs"}],
    ["D",{"Text":"Der größte Meteorit"}],
    ["D",{"Text":"Nicht auf dem glühenden \nquadratischen Stein, der schwebt"}],
    ["D",{"Text":"netiroetemsnoitativarG \nsed mrofttalp ednebewhcs"}],
    ["D",{"Text":"Der größte Meteorit"}],
    ["D",{"Text":"Nicht auf dem glühenden \nquadratischen Stein, der schwebt"}],
    ["D",{"Text":"nehes thcin nemuäB retual rov dlaW ned"}],
    ["D",{"Text":"Ein sehr hochgelegener Ort"}],
    ["D",{"Text":"Nicht unter dem Startpunkt"}],
    ["D",{"Text":"noklaB retethcueleb tor"}],
    ["D",{"Text":"Der tiefste Ort"}],
    ["D",{"Text":"Nicht auf der Plattform mit dem roten \nLicht auf dem umgekehrten Turm"}],
    ["D",{"Text":"noklaB retethcueleb ualb"}],
    ["D",{"Text":"Der tiefste Ort"}],
    ["D",{"Text":"Nicht auf der Plattform mit dem blauen \nLicht auf dem umgekehrten Turm"}],
    ["D",{"Text":"noklaB retethcueleb ebleg"}],
    ["D",{"Text":"Der tiefste Ort"}],
    ["D",{"Text":"Nicht auf der Plattform mit dem gelben \nLicht auf dem umgekehrten Turm"}],
    ["D",{"Text":"reniatnoC mezrawhcs tim noklaB"}],
    ["D",{"Text":"Der tiefste Ort"}],
    ["D",{"Text":"Nicht auf der Plattform mit dem schwarzen \nContainer auf dem umgekehrten Turm"}],
    [{"Text":"mrofttalpssuhcsbanetekaR egikcethca"}],
    [{"Text":"Ein Ort, an dem es nicht flach ist"}],
    [{"Text":"Auf keiner Plattform, die mit einer Rakete  \nvon einem Kratermeteoriten erreichbar ist "}],
    [{"Text":"mrofttalpssuhcsbanetekaR egikcethca"}],
    [{"Text":"Ein Ort, an dem es nicht flach ist"}],
    [{"Text":"Auf keiner Plattform, die mit einer Rakete  \nvon einem Kratermeteoriten erreichbar ist "}],
    ["D",{"Text":"reniatnoC regibrafierd"}],
    ["D",{"Text":"Ein Ort, der nicht eng ist"}],
    ["D",{"Text":"Nicht im Lagercontainer mit blauem Licht"}],
    ["D",{"Text":"reniatnoC regibrafierd"}],
    ["D",{"Text":"Ein Ort, der nicht eng ist"}],
    ["D",{"Text":"Nicht auf dem Lagercontainer \nmit gelbem Licht"}],
    ["D",{"Text":"gnunffÖ enho reniatnoC"}],
    ["D",{"Text":"Kein enger und langer Ort"}],
    ["D",{"Text":"Nicht auf den verbundenen Containern \nunter dem umgekehrten Turm"}],
    ["D",{"Text":"sierk retethcueleb ualb"}],
    ["D",{"Text":"Nicht das eingedellte Gebiet"}],
    ["D",{"Text":"Nicht das Gebiet nahe dem entferntesten \nblauen Licht auf dem größten Meteoriten"}],
    ["D",{"Text":" elahcS renie ni nürG"}],
    ["D",{"Text":"Der Ort, an dem du nicht graben kannst"}],
    ["D",{"Text":"Weit entfernt vom grünen Stein \nüber dem schwebenden Meteoriten"}],
    ["D",{"Text":"suaH semasnie"}],
    ["D",{"Text":"Der kleinste Meteorit"}],
    ["D",{"Text":"Nicht neben dem grünen Stein bei der \nHütte auf dem schwebenden Meteoriten"}],
    ["D",{"Text":"thciL setppikeg"}],
    ["D",{"Text":"Der kleinste Meteorit"}],
    ["D",{"Text":"Am Fuß eines langen gekippten \nLichts auf dem schwebenden Meteoriten"}],
    ["D",{"Text":"suaH semasnie"}],
    ["D",{"Text":"Ein flacher Ort"}],
    ["D",{"Text":"Nicht vor dem Gebäude \nauf dem größten Planeten"}],
    ["D",{"Text":"enihcsaM neginiebierd red relleporP"}],
    ["D",{"Text":"Kurzer Meteorit"}],
    ["D",{"Text":"Nicht auf der Maschine mit drei \nBeinen auf dem Kapselmeteoriten"}],
    ["D",{"Text":"1 .rN enihcsaM eginiebierd"}],
    ["D",{"Text":"Meteorit ohne Gras"}],
    ["D",{"Text":"Nicht auf der Maschine mit \nBeinen auf dem Kapselmeteoriten "}],
    ["D",{"Text":"3 .rN enihcsaM eginiebierd"}],
    ["D",{"Text":"Meteorit ohne Gras"}],
    ["D",{"Text":"Nicht auf der Maschine mit \nBeinen auf dem Kapselmeteoriten "}],
    ["D",{"Text":"legaN retor"}],
    ["D",{"Text":"Kurzer Meteorit"}],
    ["D",{"Text":"Nicht das glühende Gebiet \nauf dem Kapselmeteoriten"}],
    ["D",{"Text":"2 .rN nieB"}],
    ["D",{"Text":"Wo es kein Grün gibt"}],
    ["D",{"Text":"Nicht auf der Maschine mit \nBeinen auf dem Kapselmeteoriten "}],
    ["D",{"Text":"sierK retethcueleb bleg"}],
    ["D",{"Text":"Der Meteorit ohne Schwerkraft"}],
    ["D",{"Text":"Nicht nahe dem gelben Licht \nauf dem runden Meteoriten"}],
    ["D",{"Text":"sierK retethcueleb bleg"}],
    ["D",{"Text":"Der Meteorit ohne Schwerkraft"}],
    ["D",{"Text":"Nicht nahe dem gelben Licht \nauf dem runden Meteoriten"}],
    ["D",{"Text":"sreztisebnetiroeteM sed suaH sad"}],
    ["D",{"Text":"Der Ort, an dem du nicht graben kannst"}],
    ["D",{"Text":"Nicht unter dem Gebäude \nauf dem runden Meteoriten"}],
    ["D",{"Text":"thciL sehcslaf"}],
    ["D",{"Text":"Ein flacher Ort"}],
    ["D",{"Text":"Nicht nahe dem einsamen \nblauen Licht auf dem runden Licht"}],
    ["D",{"Text":"thciL sedüm"}],
    ["D",{"Text":"Ein flacher Ort"}],
    ["D",{"Text":"Nicht das gefallene gelbe Licht \nauf dem runden Meteoriten"}],
    ["D",{"Text":"reniatnoC rednegeilf"}],
    ["D",{"Text":"Der tiefste Ort"}],
    ["D",{"Text":"Keine Kiste auf einer Plattform mit \nrotem Licht auf dem umgekehrten Turm"}],
    ["D",{"Text":"reniatnoC rednegeilf"}],
    ["D",{"Text":"Der tiefste Ort"}],
    ["D",{"Text":"Nicht in der schwebenden Kiste über \nder Plattform auf dem umgekehrten Turm"}],
    ["D",{"Text":"regaL sehciltnedronu"}],
    ["D",{"Text":"Ein tiefer Ort"}],
    ["D",{"Text":"Nicht in den beiden schwebenden \nverbundenen Lagercontainern "}],
    ["D",{"Text":"reniatnoC menie ni reniatnoC nie"}],
    ["D",{"Text":"Ein tiefer Ort"}],
    ["D",{"Text":"Nicht in den beiden schwebenden \nverbundenen Lagercontainern "}],
    ["D",{"Text":"netiroeteM med rebü \netsiK edneherd hcis eid"}],
    ["D",{"Text":"Der kleinste Meteorit"}],
    ["D",{"Text":"In der schwebenden weißen Kiste \nüber dem schwebenden Meteoriten"}],
    ["D",{"Text":"nlegäN netor ned nehcsiwz"}],
    ["D",{"Text":"Kurzer Meteorit"}],
    ["D",{"Text":"Zerschmettere nicht die Holzbox zwischen \nden Plattformen auf dem Kapselmeteoriten"}],
    ["D",{"Text":"dnoM med ehan etsiK ednebewhcs eid"}],
    ["D",{"Text":"Der größte Meteorit"}],
    ["D",{"Text":"Nicht in einer schwebenden weißen \nKiste hinter dem Mondsymbol"}],
    ["D",{"Text":"mrofttalP red ßuF red"}],
    ["D",{"Text":"Der höchste Ort"}],
    ["D",{"Text":"Nicht in der weißen Kiste, \nauf welcher der Käfig steht"}],
    ["D",{"Text":"tbewhcs thcin red, reniatnoC red"}],
    ["D",{"Text":"Der tiefste Ort"}],
    ["D",{"Text":"Keine Kiste auf einer Plattform mit \nrotem Licht auf dem umgekehrten Turm"}],
    ["D",{"Text":"reniatnoC regibrafierd"}],
    ["D",{"Text":"Der Ort, der nicht klein ist"}],
    ["D",{"Text":"Nicht in der Kiste in dem \nLagercontainer mit rotem Licht"}],
    ["D",{"Text":"reniatnoC menie ni reniatnoC nie"}],
    ["D",{"Text":"Der Ort, der nicht klein ist"}],
    ["D",{"Text":"Nicht in der Kiste in dem \nLagercontainer mit gelben Licht"}],
    ["D",{"Text":"etsiK enebegmu nrethciL netor nov enie"}],
    ["D",{"Text":"Ein tiefer Ort"}],
    ["D",{"Text":"Nicht in einer Kiste auf einer Plattform \nunter dem umgekehrten Turm"}],
    ["D",{"Text":"nrennI mi ßieh tsi se"}],
    ["D",{"Text":"Ein flacher Ort"}],
    ["D",{"Text":"Nicht im brennenden Felsen \nüber dem schwebenden Meteoriten"}],
    ["D",{"Text":"sierK retethcueleb ualb"}],
    ["D",{"Text":"Der kleinste Kreis"}],
    ["D",{"Text":"Nicht im brennenden Felsen \nüber dem schwebenden Meteoriten"}],
    ["D",{"Text":"sarG med fua etsikzloH edneznat"}],
    ["D",{"Text":"Kurzer Meteorit"}],
    ["D",{"Text":"Nicht in einer schwebenden \nHolzkiste über dem Kapselmeteoriten"}],
    ["D",{"Text":"nelreK neßorg ned nehcsiwz"}],
    ["D",{"Text":"Meteorit ohne Gras"}],
    ["D",{"Text":"Nicht zwischen zwei Lichtern \nauf dem Kapselmeteoriten"}],
    [{"Text":"neffert rethciL ella hcis ow"}],
    [{"Text":"Weit entfernt von einem \numgekehrten Turm"}],
    [{"Text":"Nicht in der Wand unter dem Sternensym-\nbol auf der gelben Plattform mit Lichtern"}],
    ["D",{"Text":"nretS rednebelk"}],
    ["D",{"Text":"Weit entfernt von einem \numgekehrten Turm"}],
    ["D",{"Text":"Grabe nicht im Sternensymbol auf der \nWand einer Plattform mit sechs Kreisen"}],
    ["D",{"Text":"sawte nehcsiwz dnoM red"}],
    ["D",{"Text":"Weit entfernt von einem \numgekehrten Turm"}],
    ["D",{"Text":"Grabe nicht im Mondsymbol auf einer \nPlattform mit vielen roten Lichtern"}],
    [{"Text":"dnoM remastles"}],
    [{"Text":"Weit entfernt von einem \numgekehrten Turm"}],
    [{"Text":"Grabe nicht in verschiedenen Monden auf \neiner Plattformwand mit roten Lichtern"}],
    ["D",{"Text":"tniehcs thciL etor sad ned fua, nretS red"}],
    ["D",{"Text":"Weit entfernt von einem \numgekehrten Turm"}],
    ["D",{"Text":"Grabe nicht in verschiedenen Sternen auf \neiner Plattformwand mit blauen Lichtern"}],
    ["D",{"Text":"dnoM rehcilrhäfeg"}],
    ["D",{"Text":"Weit entfernt von einem \numgekehrten Turm"}],
    ["D",{"Text":"Grabe nicht in einem Mondsymbol nahe \neiner Stahlkugel mit blauen Lichtern"}],
    ["D",{"Text":"dnoM rehcilrhäfeg"}],
    ["D",{"Text":"Weit entfernt von einem \numgekehrten Turm"}],
    ["D",{"Text":"Grabe nicht in einem Mondsymbol nahe \neiner Stahlkugel mit blauen Lichtern"}],
    ["D",{"Text":"nrehcöL tim retarK"}],
    ["D",{"Text":"Der kleinste Meteorit"}],
    ["D",{"Text":"Nicht der Fuß eines wachsenden Steins \nüber dem eingedellten Meteoriten"}],
    ["D",{"Text":"sthciL netppikeg sed ßuF ma"}],
    ["D",{"Text":"Der kleinste Meteorit"}],
    ["D",{"Text":"Grabe nicht am Fuß des langen \nLichts nahe dem grünen Felsen!"}],
    ["D",{"Text":"nleknuD mi thciL semasnie"}],
    ["D",{"Text":"Der kleinste Meteorit"}],
    ["D",{"Text":"Grabe nicht unter dem einsamen \nLicht auf dem schwebenden Meteoriten"}],
    [{"Text":"ekceD red na dnoM nie"}],
    [{"Text":"Kurzer Meteorit"}],
    [{"Text":"Grabe nicht unter einem Mondsymbol \nunter dem Kapselmeteoriten"}],
    ["D",{"Text":"dnoM rehcilrhäfeg"}],
    ["D",{"Text":"Weit offenes Gebiet"}],
    ["D",{"Text":"Grabe nicht unter einem Mondsymbol \nnahe der Falle auf dem Kapselmeteoriten!"}],
    [{"Text":"nretS rehcilrhäfeg"}],
    [{"Text":"Offene Fläche"}],
    [{"Text":"Grabe nicht beim Stern nahe den Kugeln\nauf der Plattform beim Kapselmeteoriten"}],
    [{"Text":"nettahcS mi nesleF enürg red"}],
    [{"Text":"Ein Meteorit ohne Schwerkraft"}],
    [{"Text":"Grabe nicht über dem grünen Fels\nim Schatten des fliegenden Zugs"}],
    ["D",{"Text":"rerewhcsebfeirB regiseir"}],
    ["D",{"Text":"Der höchste Ort"}],
    ["D",{"Text":"Grabe nicht im Zentrum der tiefsten \nPlattform mit dem beweglichen Gewicht"}],
    [{"Text":"rethcäW nednennerb menie ieb nretS"}],
    [{"Text":"Der höchste Ort"}],
    [{"Text":"Grabe nicht beim Stern auf der \ntiefsten Plattform mit Feuermeteoriten"}],
    [{"Text":"bleG ni ualB"}],
    [{"Text":"Ein tiefer Ort"}],
    [{"Text":"Nicht unter Mond auf der gelben Platt-\nform bei hängendem blauen Konstrukt"}],
    ["D",{"Text":"thciL med retnu nretS red"}],
    ["D",{"Text":"Ein tiefer Ort"}],
    ["D",{"Text":"Nicht unter einem Mond auf einer gelben \nPlattform nahe einem umgekehrten Turm"}],
    ["D",{"Text":"nrets rednebelk"}],
    ["D",{"Text":"Weit entfernt von einem \numgekehrten Turm"}],
    ["D",{"Text":"Grabe nicht unter einem Stern auf einer \nPlattform mit vielen blauen Lichtern"}],
    ["D",{"Text":"nrets rednebelk"}],
    ["D",{"Text":"Weit entfernt von einem \numgekehrten Turm"}],
    ["D",{"Text":"Grabe nicht unter einem Stern auf einer \nPlattform mit vielen blauen Lichtern"}],
    ["D",{"Text":"nrets rednebelk"}],
    ["D",{"Text":"Weit entfernt von einem \numgekehrten Turm"}],
    ["D",{"Text":"Grabe nicht unter einem Stern auf einer \nPlattform mit vielen blauen Lichtern"}],
    ["D",{"Text":"edruw neshcawre thcin sad, thciL sad"}],
    ["D",{"Text":"Ein flacher Ort"}],
    ["D",{"Text":"Grabe nicht unter dem einzigen kurzen \nLicht hoch auf dem schwebenden Meteoriten"}],
    ["D",{"Text":"thciL segiruart dnu semasnie"}],
    ["D",{"Text":"Ein flacher Ort"}],
    ["D",{"Text":"Grabe nicht unter dem einzigen kurzen \nLicht hoch auf dem schwebenden Meteoriten"}],
    ["D",{"Text":"etsiK nezrawhcs red retnu"}],
    ["D",{"Text":"Der kleinste Meteorit"}],
    ["D",{"Text":"Grabe nicht unter dem Container \nhoch auf dem schwebenden Meteoriten"}],
    ["D",{"Text":"1 .rn enihcsaM nov snieB sed eztipS eid"}],
    ["D",{"Text":"Wo es nicht schief ist"}],
    ["D",{"Text":"Grabe nicht unter der \"1\" der Maschine \nmit Beinen auf dem Kapselmeteoriten!"}],
    ["D",{"Text":"3 .rn enihcsaM nov snieB sed eztipS eid"}],
    ["D",{"Text":"Wo es nicht schief ist"}],
    ["D",{"Text":"Grabe nicht unter der \"3\" der Maschine \nmit Beinen auf dem Kapselmeteoriten!"}],
    ["D",{"Text":"eirärP red ni nretS remasnie"}],
    ["D",{"Text":"Kurzer Meteorit"}],
    ["D",{"Text":"Grabe nicht unter dem Sternensymbol \nauf dem grasbewachsenen Meteoriten"}],
    ["D",{"Text":"hcaD menie retnu nretS red"}],
    ["D",{"Text":"Großer Meteorit"}],
    ["D",{"Text":"Grabe nicht unter einem Stern unter \ndem Gebäude auf dem runden Meteoriten!"}],
    ["D",{"Text":"thciL sehcslaf"}],
    ["D",{"Text":"Ein flacher Ort"}],
    ["D",{"Text":"Grabe nicht unter dem blauen \nLicht auf dem runden Meteoriten!"}],
    [{"Text":"nretS etshcändre red"}],
    [{"Text":"Der höchste Ort"}],
    [{"Text":"Grabe nicht im Sternensymbol \nauf der tiefsten Plattform!"}],
    ["D",{"Text":"?...dnomblah reneshcaweb nürg"}],
    ["D",{"Text":"Der höchste Ort"}],
    ["D",{"Text":"Grabe nicht hinter dem Mondsymbol auf \nder tiefsten Plattform mit grünen Felsen"}],
    [{"Text":"nednoM iewz nehcsiwz"}],
    [{"Text":"Der höchste Ort"}],
    [{"Text":"Grabe nicht zwischen den beiden \nMonden über der tiefsten Plattform!"}],
    [{"Text":""}],
    [{"Text":""}],
    [{"Text":""}],
    [{"Text":""}],
    [{"Text":""}],
    [{"Text":""}],
    [{"Text":""}],
    [{"Text":""}],
    [{"Text":""}],
    [{"Text":""}],
    [{"Text":""}],
    [{"Text":""}],
    [{"Text":""}],
    [{"Text":""}],
    [{"Text":""}],
    [{"Text":""}],
    [{"Text":""}],
    [{"Text":""}],
    [{"Text":""}],
    [{"Text":""}],
    [{"Text":""}],
    [{"Text":""}],
    [{"Text":""}],
    [{"Text":""}],
    [{"Text":"nerrakretarK"}],
    [{"Text":"tsierkmu netiroeteM ned red, guZ red"}],
    [{"Text":"tsierkmu netiroeteM ned red, guZ red"}],
    [{"Text":"reniatnoC mezrawhcs tim noklaB"}],
    [{"Text":"reniatnoC meualb tim noklaB"}],
    [{"Text":"reniatnoC regibrafierd"}],
    [{"Text":"reniatnoC regibrafierd"}],
    [{"Text":"nemrofttalpssuhcsbanetekar ierd"}],
    [{"Text":"reniatnoC ezrawhcs enellafeg \nthciL netor med tim noklaB mov red"}],
    ["D",{"Text":"noklab retethcueleb ualb"}],
    ["D",{"Text":"gnunffÖ enho reniatnoC red"}],
    ["D",{"Text":"tardauQ setor"}],
    ["D",{"Text":"sisaB red na reniatnoC ezrawhcs eginie"}],
    ["D",{"Text":"taasnesleF ednennerb"}],
    ["D",{"Text":"nenihcsaM neginiebierd ned nehcsiwz"}],
    ["D",{"Text":"mrofttalP ebleg rhes"}],
    ["D",{"Text":"netiroeteM sed nedoB red"}],
    ["D",{"Text":"teibeG nenetareg ellortnoK \nreßua mi mrofttalP eid"}],
    ["D",{"Text":"kciknebuarhcS rellenhcs"}],
    ["D",{"Text":"rethcäwnetekaR"}],
    ["D",{"Text":"snoklaB nebleg sed rethcäW"}],
    ["D",{"Text":"tiekgissülF esöb"}],
    ["D",{"Text":"retarK mi rutaerK egissülf"}],
    ["D",{"Text":"mrofttalP neualb red fua dnieF eualb red"}],
    [{"Text":"thcaweb reniatnocregaL \nned eid, enihcsaM eid"}],
    [{"Text":"Ein tiefer Ort"}],
    [{"Text":"Nicht unter dem schwarzen Container über \nder Plattform mit dem roten Lichtturm "}],
    [{"Text":"noklab retethcueleb ebleg"}],
    [{"Text":"Der tiefste Ort"}],
    [{"Text":"Mit einer Rakete von einer Plattform mit \neinem gelben Turm wirst du nichts sehen"}],
    ["D",{"Text":"gnunffÖ enho reniatnoC red"}],
    ["D",{"Text":"Auf dem Boden"}],
    ["D",{"Text":"Nicht zwischen einem Lagercontainer \nunten auf dem umgekehrten Turm"}],
    ["D",{"Text":"tardauQ setor"}],
    ["D",{"Text":"Ein tiefer Ort"}],
    ["D",{"Text":"Unter einem blinkenden roten Licht auf \nder Spitze eines umgekehrten Turms"}],
    ["D",{"Text":"sisaB red na reniatnoC ezrawhcs eginie"}],
    ["D",{"Text":"Der höchste Ort"}],
    ["D",{"Text":"Nicht zwischen den schwebenden \nschwarzen Containern unten"}],
    [{"Text":"taasnesleF ednennerb"}],
    [{"Text":"Ein flacher Ort"}],
    [{"Text":"Im brennenden roten Felsen \nauf dem schwebenden Meteoriten"}],
    [{"Text":"nenihcsaM neginiebierd ned nehcsiwz"}],
    [{"Text":"Kurzer Meteorit"}],
    [{"Text":"Nicht zwischen den Maschinen Nr. 1 \nund Nr. 2 auf dem Kapselmeteoriten"}],
    [{"Text":"mrofttalP ebleg rhes"}],
    [{"Text":"Der Meteorit ohne Schwerkraft"}],
    [{"Text":"Nicht auf einer Plattform mit gelben \nLichtern auf dem runden Meteoriten"}],
    [{"Text":"netiroeteM sed nedoB red"}],
    [{"Text":"Auf dem Boden"}],
    [{"Text":"Nicht direkt unter dem \nrunden Meteoriten"}],
    [{"Text":"teibeG nenetareg ellortnoK\nreßua mi mrofttalP eid"}],
    [{"Text":"Der größte Meteorit"}],
    [{"Text":"Nicht die einzige schwebende Plattform \ndirekt unter dem runden Meteoriten"}],
    [{"Text":"kciknebuarhcS rellenhcs"}],
    [{"Text":"Der tiefste Ort"}],
    [{"Text":"Benutz diese Technik nicht über einem \nStern auf einer Plattform mit Drehfalle!"}],
    ["D",{"Text":"rethcäwnetekaR"}],
    ["D",{"Text":"Ein Ort, der nicht flach ist"}],
    ["D",{"Text":"Kein Gegner, den du mit einer Rakete von \neinem Kratermeteoriten erreichen kannst"}],
    ["D",{"Text":"noklaB nebleg med fua rethcäW"}],
    ["D",{"Text":"Ein tiefer Ort"}],
    ["D",{"Text":"Keine GUN-Maschine auf einer Plattform \nmit gelbem Licht bei einem blauen Turm"}],
    ["D",{"Text":"tiekgissülF esöb"}],
    ["D",{"Text":"Ein tiefer Ort"}],
    ["D",{"Text":"Der Gegner auf einer großen Plattform \nnahe einem blauen Turm hat es nicht"}],
    ["D",{"Text":"retarK mi rutaerK egissülf"}],
    ["D",{"Text":"Ein flacher Ort"}],
    ["D",{"Text":"Besiege nicht den Wassergegner auf \ndem Meteoriten mit dem Krater!"}],
    ["D",{"Text":"mrofttalP neualb red fua\nrengeG eualb red"}],
    ["D",{"Text":"Der höchste Ort"}],
    ["D",{"Text":"Belästige nicht den Wassergegner auf der \nPlattform unten mit dem blauen Licht "}],
    ["D",{"Text":"thcaweb reniatnocregaL \nned eid, enihcsaM eid"}],
    ["D",{"Text":"Weit entfernt von einem \numgekehrten Turm"}],
    ["D",{"Text":"Besiege nicht die GUN-Maschine auf \nden verbundenen Lagercontainern!"}],
    ["D",{"Text":""}],
    ["D",{"Text":""}],
    ["D",{"Text":""}],
    ["D",{"Text":""}],
    ["D",{"Text":""}],
    ["D",{"Text":""}],
    ["D",{"Text":""}],
    ["D",{"Text":""}],
    ["D",{"Text":""}],
    ["D",{"Text":""}],
    ["D",{"Text":""}],
    ["D",{"Text":""}],
    ["D",{"Text":""}],
    ["D",{"Text":""}],
    ["D",{"Text":""}],
    ["D",{"Text":""}],
    ["D",{"Text":""}],
    ["D",{"Text":""}],
    ["D",{"Text":""}],
    ["D",{"Text":""}],
    ["D",{"Text":""}],
    ["D",{"Text":""}],
    ["D",{"Text":""}],
    ["D",{"Text":""}],
    ["D",{"Text":""}],
    ["D",{"Text":""}],
    ["D",{"Text":""}],
    ["D",{"Text":""}],
    ["D",{"Text":""}],
    ["D",{"Text":""}],
    ["D",{"Text":""}],
    ["D",{"Text":""}],
    ["D",{"Text":""}],
    ["D",{"Text":""}],
    ["D",{"Text":""}],
    ["D",{"Text":""}],
    ["D",{"Text":""}],
    ["D",{"Text":""}],
    ["D",{"Text":""}],
    ["D",{"Text":""}],
    ["D",{"Text":""}],
    ["D",{"Text":""}],
    ["D",{"Text":""}],
    ["D",{"Text":""}],
    ["D",{"Text":""}],
    ["D",{"Text":""}],
    ["D",{"Text":""}],
    ["D",{"Text":""}],
    ["D",{"Text":""}],
    ["D",{"Text":""}],
    ["D",{"Text":""}],
    ["D",{"Text":""}],
    ["D",{"Text":""}],
    ["D",{"Text":""}],
    ["D",{"Text":""}],
    ["D",{"Text":""}],
    ["D",{"Text":""}],
    ["D",{"Text":""}],
    ["D",{"Text":""}],
    ["D",{"Text":""}],
    ["D",{"Text":""}],
    ["D",{"Text":""}],
    ["D",{"Text":""}],
    ["D",{"Text":""}],
    ["D",{"Text":""}],
    ["D",{"Text":""}],
    ["D",{"Text":""}],
    ["D",{"Text":""}],
    ["D",{"Text":""}],
    ["D",{"Text":""}],
    ["D",{"Text":""}],
    ["D",{"Text":""}],
    ["D",{"Text":""}],
    ["D",{"Text":""}],
    ["D",{"Text":""}],
    ["D",{"Text":""}],
    ["D",{"Text":""}],
    ["D",{"Text":""}],
    ["D",{"Text":""}],
    ["D",{"Text":""}],
    ["D",{"Text":""}],
    ["D",{"Text":""}],
    ["D",{"Text":""}],
    ["D",{"Text":""}],
    ["D",{"Text":""}],
    ["D",{"Text":""}],
    ["D",{"Text":""}],
    ["D",{"Text":""}],
    ["D",{"Text":""}],
    ["D",{"Text":""}],
    ["D",{"Text":""}],
    ["D",{"Text":""}],
    ["D",{"Text":""}],
    ["D",{"Text":""}],
    ["D",{"Text":""}],
    ["D",{"Text":""}],
    ["D",{"Text":""}],
    ["D",{"Text":""}],
    ["D",{"Text":""}],
    ["D",{"Text":""}],
    ["D",{"Text":""}],
    ["D",{"Text":""}],
    ["D",{"Text":""}],
    ["D",{"Text":""}],
    ["D",{"Text":""}]
  ]
}