{
  "language": "English",
  "texts": [
    [{"Text":"Panzerwagenfuhrpark"}],
    [{"Text":"Ein hochgelegener Ort"}],
    [{"Text":"Quadratische Sandgrube, \nblockiert von einer roten Säule"}],
    [{"Text":"Panzerwagenfuhrpark"}],
    [{"Text":"Ein hochgelegener Ort"}],
    [{"Text":"Quadratische Sandgrube, \nblockiert von einer roten Säule"}],
    [{"Text":"Am Fuß einer Säule"}],
    [{"Text":"Ein hochgelegener Ort"}],
    [{"Text":"Ein Versteck vor \neiner einsamen Statue"}],
    [{"Text":"Eine Spiralenpyramide"}],
    [{"Text":"Ein hochgelegener Ort"}],
    [{"Text":"Folg den Spiralkacheln an der Wand"}],
    [{"Text":"Eine Plattform mit zwei Beinen"}],
    [{"Text":"Rollende Felsen"}],
    [{"Text":"Unter dem Gewicht, das sich bei \neiner Wand auf und ab bewegt"}],
    [{"Text":"Eine Plattform mit zwei Beinen"}],
    [{"Text":"Rollende Felsen"}],
    [{"Text":"Unter dem Gewicht, das sich bei\neiner Wand auf und ab bewegt"}],
    [{"Text":"In der Nähe eines Stuhls"}],
    [{"Text":"Tanzende Felsen"}],
    [{"Text":"Am Fuß der Statue \nmit einer Spiralkachel"}],
    [{"Text":"Auf einem Sandpfad, der zu \neinem Steinstatuenkopf führt"}],
    [{"Text":"Ein schattiger Ort"}],
    [{"Text":"Unter dem Gewicht, das sich bei\neiner Wand auf und ab bewegt"}],
    [{"Text":"Vor den doppelten Containern"}],
    [{"Text":"Ein hochgelegener Ort"}],
    [{"Text":"Auf der Klippe, die \naus der Mitte ragt"}],
    [{"Text":"Vor den doppelten Containern"}],
    [{"Text":"Ein hochgelegener Ort"}],
    [{"Text":"Auf der Klippe, die \naus der Mitte ragt"}],
    [{"Text":"Vor einem Vogel \nunter vier Federn"}],
    [{"Text":"Ein hochgelegener Ort"}],
    [{"Text":"Eine Klippe mit zwei Kapseln"}],
    [{"Text":"An der Seite eines Vogels \nunter vier Federn"}],
    [{"Text":"Ein hochgelegener Ort"}],
    [{"Text":"Eine Klippe mit zwei Kapseln"}],
    [{"Text":"Eine freischwebende Decke"}],
    [{"Text":"Ein hochgelegener Ort"}],
    [{"Text":"Auf einem Statuenkopf \ntief im Tal"}],
    [{"Text":"Goldener Kreis auf rotem Kreis"}],
    [{"Text":"Ein heller Ort"}],
    [{"Text":"Auf dem quadratischen \nGebäude im oberen Tal"}],
    [{"Text":"Er hält einen Kasten"}],
    [{"Text":"Ein hochgelegener Ort"}],
    [{"Text":"Auf dem Schoß einer \neinsamen Steinstatue"}],
    [{"Text":"Ein Sittich auf der linken Schulter"}],
    [{"Text":"Im Tal"}],
    [{"Text":"Auf der linken Schulter \neiner einsamen Steinstatue"}],
    [{"Text":"Am Fuß einer Spiralkachelpyramide"}],
    [{"Text":"In einem hellen Tal"}],
    [{"Text":"Ein Tal mit vielen quadratischen \nGebäuden, nahe der Spiralkacheln"}],
    [{"Text":"Bei einem Windsprungbrett"}],
    [{"Text":"Rollende Felsen"}],
    [{"Text":"Von wo der Wind weht"}],
    [{"Text":"Von zwei Priestern bezeichneter Ort"}],
    [{"Text":"Tanzende Felsen"}],
    [{"Text":"Vor Wandgemälde bei Öffnung, \ndie man hinuntergehen kann"}],
    [{"Text":"Der Kopf der vierten Steinstatue"}],
    [{"Text":"Tanzende Felsen"}],
    [{"Text":"Auf einer Statue, die \nvier Spiralkacheln hält"}],
    [{"Text":"Zwischen den Zwillingssternen"}],
    [{"Text":"Rollende Felsen"}],
    [{"Text":"Zwischen zwei roten Federn"}],
    [{"Text":"Ein Paar Ohrringe"}],
    [{"Text":"Ein hochgelegener Ort"}],
    [{"Text":"Beim Gesicht der Steinstatue"}],
    [{"Text":"Auf der Säule"}],
    [{"Text":"Ein hochgelegener Ort"}],
    [{"Text":"Auf der roten Säule bei dem \nGewicht, das auf und ab geht"}],
    [{"Text":"Am Fuß einer Säule"}],
    [{"Text":"Im Tal"}],
    [{"Text":"Am Fuß der schiefen Säule bei dem \nGewicht, das auf und ab geht"}],
    [{"Text":"Auf der Spiralkachel"}],
    [{"Text":"Ein hochgelegener Ort"}],
    [{"Text":"Unter drei Spiralkacheln nahe \ndes riesigen Statuenkopfs"}],
    [{"Text":"Über dem Kopf"}],
    [{"Text":"Im Tal"}],
    [{"Text":"Auf dem Kopf der Statue"}],
    [{"Text":"Der Altar mit sechs Säulen"}],
    [{"Text":"Ein dunkler Ort"}],
    [{"Text":"Die kürzere von sechs Säulen"}],
    [{"Text":"Zwischen vier Vögeln"}],
    [{"Text":"Ein dunkler Ort"}],
    [{"Text":"Am Fuß eines riesigen Spiralpfeils"}],
    [{"Text":"Zwischen den rot und \ngrün gestreiften Säulen"}],
    [{"Text":"Ein dunkler Ort"}],
    [{"Text":"Zwischen zwei Säulen bei einem \nWeg bei einer Wand unten"}],
    [{"Text":"\"Wild Canyon Track\""}],
    [{"Text":"Ein dunkler Ort"}],
    [{"Text":"Vor einem Zwillingskopf"}],
    [{"Text":"Am Fuß eines Wandgemäldes"}],
    [{"Text":"Nahe eines windigen Orts"}],
    [{"Text":"Auf der rotgrün gestreiften Plattform"}],
    [{"Text":"Auf zehn Fingern"}],
    [{"Text":"Unten"}],
    [{"Text":"Auf Schoß einer sitzenden Statue"}],
    [{"Text":"Vier wirbelnde Augen"}],
    [{"Text":"Ein Kopf einer großen Statue"}],
    [{"Text":"In einem Holzcontainer \nunter der Augen-Windmühle"}],
    [{"Text":"Vier kreisende Augen"}],
    [{"Text":"Ein Kopf einer großen Statue"}],
    [{"Text":"In einem Holzcontainer \nunter der Augen-Windmühle"}],
    [{"Text":"In einem Statuenlager"}],
    [{"Text":"Ein hochgelegener Ort"}],
    [{"Text":"In einer Statue in einem Container"}],
    [{"Text":"Ein einsamer Container"}],
    [{"Text":"Ein hochgelegener Ort"}],
    [{"Text":"In einem Holzcontainer \nam Fuß einer roten Säule"}],
    [{"Text":"Ein Vogelkasten im Schatten"}],
    [{"Text":"Ein hochgelegener Ort"}],
    [{"Text":"In einer Schatzkiste bei einer roten\nSäule nahe einer einsamen Statue"}],
    [{"Text":"Am Fuß einer Säule"}],
    [{"Text":"Ein dunkler Ort"}],
    [{"Text":"Ein Versteck vor einer \neinsamen Statue"}],
    [{"Text":"Ein Vogelkasten "}],
    [{"Text":"Rollende Felsen"}],
    [{"Text":"In einer Schatzkiste nahe einer \nÖffnung, die man hinabsteigen kann"}],
    [{"Text":"Unter dem Ellbogen"}],
    [{"Text":"Rollende Felsen"}],
    [{"Text":"Unter dem Ellbogen einer Statue, \ndie auf einem Stuhl sitzt"}],
    [{"Text":"Doppelte Container"}],
    [{"Text":"Ein hochgelegener Ort"}],
    [{"Text":"Zwei Holzcontainer nebeneinander"}],
    [{"Text":"Doppelte Container"}],
    [{"Text":"Ein hochgelegener Ort"}],
    [{"Text":"Zwei Holzcontainer nebeneinander"}],
    [{"Text":"In einem Statuenlager"}],
    [{"Text":"Ein hochgelegener Ort"}],
    [{"Text":"In einer Statue in einem Container"}],
    [{"Text":"Eine Statue mit furchtbaren Augen"}],
    [{"Text":"Ein hochgelegener Ort"}],
    [{"Text":"In einer Statue in einem Container"}],
    [{"Text":"In einem Statuenlager"}],
    [{"Text":"Ein hochgelegener Ort"}],
    [{"Text":"In einer Statue in einem Container"}],
    [{"Text":"Ein Schatz von vier Steinstatuen"}],
    [{"Text":"Tanzende Felsen"}],
    [{"Text":"In einer Schatzkiste, \noben wo der Wind weht"}],
    [{"Text":"Ein Vogelkasten"}],
    [{"Text":"Tanzende Felsen"}],
    [{"Text":"Die linke Schatzkiste von drei \nnebeneinanderstehenden"}],
    [{"Text":"Ein wirbelnder Container"}],
    [{"Text":"Ein dunkler Ort"}],
    [{"Text":"In einem von Spiralkacheln \numgebenen Holzcontainer unten"}],
    [{"Text":"Ein Sandpfad zum Kopf \neiner Steinstatue"}],
    [{"Text":"Im Schatten"}],
    [{"Text":"Unter dem Gewicht, das sich bei \nder Wand auf und ab bewegt"}],
    [{"Text":"Zwischen den roten Säulen"}],
    [{"Text":"Ein hochgelegener Ort"}],
    [{"Text":"Unter dem Gewicht, das sich bei \nder Wand auf und ab bewegt"}],
    [{"Text":"Gewirbel"}],
    [{"Text":"Ein hochgelegener Ort"}],
    [{"Text":"Auf den drei Spiralkacheln nahe \ndem Kopf einer Steinstatue"}],
    [{"Text":"Auf einem roten Kreis"}],
    [{"Text":"\"Wild Canyon Track\""}],
    [{"Text":"Auf einem quadratischen Gebäude"}],
    [{"Text":"Auf den furchtbaren Augen auf \ndem \"Wild Canyon Track\""}],
    [{"Text":"Eine windige Halle"}],
    [{"Text":"Auf dem quadratischen Gebäude"}],
    [{"Text":"Eine Säule ohne Schatz"}],
    [{"Text":"Nahe einem windigen Ort"}],
    [{"Text":"Die höchste von den sechs \nSäulen unter der Erde"}],
    [{"Text":"Auf einem Wandgemälde"}],
    [{"Text":"Ein dunkler Ort"}],
    [{"Text":"Folge dem Pfeil zwischen \nzwei Schatzkisten"}],
    [{"Text":"Der nach rechts deutende Pfeil"}],
    [{"Text":"Ein dunkler Ort"}],
    [{"Text":"Der nach rechts deutende \nPfeil aus Spiralkacheln"}],
    [{"Text":"Vier wirbelnde Augen"}],
    [{"Text":"Ein hochgelegener Ort"}],
    [{"Text":"Unter der Augen-Windmühle"}],
    [{"Text":"Vier wirbelnde Augen"}],
    [{"Text":"Ein hochgelegener Ort"}],
    [{"Text":"Unter der Augen-Windmühle"}],
    [{"Text":"Vor einem Berg mit roten \nund grünen Streifen"}],
    [{"Text":"Nahe eines starken Winds"}],
    [{"Text":"Eine Klippe unter einer Windmühle \nin der Mitte des oberen Gebiets"}],
    [{"Text":"Wo der Wind entsteht"}],
    [{"Text":"Rollende Felsen"}],
    [{"Text":"Nahe einem Gebiet, wo der \nWind nach oben gerichtet wird"}],
    [{"Text":"Bei einer hohen Säule"}],
    [{"Text":"Die windige Halle"}],
    [{"Text":"Bei der höchsten \nvon sechs Säulen"}],
    [{"Text":"Im Zentrum der achten Säule"}],
    [{"Text":"Ein hochgelegener Ort"}],
    [{"Text":"Zwischen zwei Windmühlen \nauf dem Kopf einer Steinstatue"}],
    [{"Text":"Zwischen den roten Säulen"}],
    [{"Text":"Ein hochgelegener Ort"}],
    [{"Text":"Unter dem Gewicht, das sich bei \neiner Wand auf und ab bewegt"}],
    [{"Text":"Über der schiefen Säule"}],
    [{"Text":"Ein hochgelegener Ort"}],
    [{"Text":"Der Pfad zum Kopf einer \nSteinstatue, auf der schiefen Säule"}],
    [{"Text":"Unter den Flügeln zweier Vögel"}],
    [{"Text":"Ein hochgelegener Ort"}],
    [{"Text":"Hinter dem Kopf \neiner Steinstatue"}],
    [{"Text":"Ein rotes Tor"}],
    [{"Text":"Auf dem Sand"}],
    [{"Text":"In der Schatzkiste beim \nKopf einer Steinstatue"}],
    [{"Text":"Ein rotes Tor"}],
    [{"Text":"Bei einem Ring "}],
    [{"Text":"In einem Holzcontainer \nbei einem Steincontainer"}],
    [{"Text":"Ein Vogelkasten"}],
    [{"Text":"Unten"}],
    [{"Text":"Die mittlere von drei nebenein-\nanderstehenden Schatzkisten"}],
    [{"Text":"Wo der Wind weht"}],
    [{"Text":"Unten"}],
    [{"Text":"In einer Schatzkiste \nam Fuß einer Säule"}],
    [{"Text":"Ein wirbelnder Container"}],
    [{"Text":"Ein dunkler Ort"}],
    [{"Text":"In einem von Spiralkacheln \numgebenen Holzcontainer unten"}],
    [{"Text":"Ein Vogelkasten"}],
    [{"Text":"Unten"}],
    [{"Text":"Die rechte von drei nebeneinan-\nderstehenden Schatzkisten"}],
    [{"Text":"\"Wild Canyon Track\""}],
    [{"Text":"Ein kleiner Ort"}],
    [{"Text":"In einer quadratischen Statue in \neinem Gang bei der Wand unten"}],
    [{"Text":"Unter dem Ellbogen"}],
    [{"Text":"Tanzende Felsen"}],
    [{"Text":"Unter dem Ellbogen einer Statue, \ndie auf einem Stuhl sitzt"}],
    [{"Text":"Hinter einem Gesicht"}],
    [{"Text":"Ein dunkler Ort"}],
    [{"Text":"Eine Schatzkiste hinter einem \nverschiebbaren Felsen"}],
    [{"Text":"Hinter einem Gesicht"}],
    [{"Text":"Ein dunkler Ort"}],
    [{"Text":"Eine Schatzkiste hinter einem \nverschiebbaren Felsen"}],
    [{"Text":"Auf einer Bahnlinie"}],
    [{"Text":"Eine windige Halle"}],
    [{"Text":"Beweg Felsen mit eckigem Gesicht"}],
    [{"Text":"Auf einer Bahnlinie"}],
    [{"Text":"Eine windige Halle"}],
    [{"Text":"Beweg Felsen mit eckigem Gesicht"}],
    [{"Text":"Auf einer Bahnlinie"}],
    [{"Text":"Eine windige Halle"}],
    [{"Text":"Beweg Felsen mit eckigem Gesicht"}],
    [{"Text":"Ein wirbelnder Pfeil"}],
    [{"Text":"Ein dunkler Ort"}],
    [{"Text":"In einer Schatzkiste unter einem \nPfeil in einer windigen Halle"}],
    [{"Text":"\"Wild Canyon Track\""}],
    [{"Text":"Ein kleiner Ort"}],
    [{"Text":"In einer quadratischen Statue in \neinem Gang bei der Wand unten"}],
    [{"Text":""}],
    [{"Text":""}],
    [{"Text":""}],
    [{"Text":""}],
    [{"Text":""}],
    [{"Text":""}],
    [{"Text":""}],
    [{"Text":""}],
    [{"Text":""}],
    [{"Text":""}],
    [{"Text":""}],
    [{"Text":""}],
    [{"Text":""}],
    [{"Text":""}],
    [{"Text":""}],
    [{"Text":""}],
    [{"Text":""}],
    [{"Text":""}],
    [{"Text":""}],
    [{"Text":""}],
    [{"Text":""}],
    [{"Text":""}],
    [{"Text":""}],
    [{"Text":""}],
    [{"Text":"Sandpfad zu einem Statuenkopf"}],
    [{"Text":"Im Tal"}],
    [{"Text":"Geh zwischen roten Säulen durch"}],
    [{"Text":"Über dem Gesicht kreisend"}],
    [{"Text":"Ein heller Ort"}],
    [{"Text":"Um einen Steinstatuenkopf herum"}],
    [{"Text":"\"Wild Canyon Track\""}],
    [{"Text":"Nahe der Decke"}],
    [{"Text":"Geh den Rundpfad um die Wand"}],
    [{"Text":"Wo der Wind weht"}],
    [{"Text":"Tanzende Felsen"}],
    [{"Text":"Umkreise ein windiges Gebiet"}],
    [{"Text":"Eine Sandgrube"}],
    [{"Text":"Ein heller Ort"}],
    [{"Text":"Beweg dich im Fuhrpark herum"}],
    [{"Text":"Rote und grüne Streifen"}],
    [{"Text":"Rollende Felsen"}],
    [{"Text":"Zwei Säulen auf der Klippe mit \nzwei roten Federn"}],
    [{"Text":"Der Altar mit sechs Säulen"}],
    [{"Text":"Nahe einem windigen Ort"}],
    [{"Text":"Geh zwischen sechs Säulen durch"}],
    [{"Text":"Zwischen zwei Steinstatuen"}],
    [{"Text":"Ein dunkler Ort"}],
    [{"Text":"Stehen sich die Steinstatuen \ngegenüber und spielen Fangen?"}],
    [{"Text":"Vor einem Berg mit \nroten und rünen Streifen"}],
    [{"Text":"Nahe dem starken Wind"}],
    [{"Text":"Eine Klippe unter einer Windmühle \nin der Mitte des oberen Bereichs"}],
    [{"Text":"Vor einem Berg mit \nroten und grünen Streifen"}],
    [{"Text":"Nahe dem starken Wind"}],
    [{"Text":"Eine Klippe unter einer Windmühle \nin der Mitte des oberen Bereichs"}],
    [{"Text":"In einer Sturmzone"}],
    [{"Text":"Tanzende Felsen"}],
    [{"Text":"Das niedrige Gebiet, in  \ndem Wind erzeugt wird"}],
    [{"Text":"In einer Sturmzone"}],
    [{"Text":"Rollende Felsen"}],
    [{"Text":"Das niedrige Gebiet, in  \ndem Wind erzeugt wird"}],
    [{"Text":"Eine Plattform mit zwei Beinen"}],
    [{"Text":"Rollende Felsen"}],
    [{"Text":"Zwischen zwei Säulen nahe einem \nGebiet, wo der Wind weht"}],
    [{"Text":"Der goldene Pfad"}],
    [{"Text":"Nahe dem starken Wind"}],
    [{"Text":"Zwischen den hohen Säulen \nin einer Halle unten"}],
    [{"Text":"In einer Sturmzone"}],
    [{"Text":"Ein dunkler Ort"}],
    [{"Text":"Das niedrige Gebiet, in \ndem der Wind erzeugt wird"}],
    [{"Text":"Der Startraum"}],
    [{"Text":"Die windige Halle"}],
    [{"Text":"Zwischen den zwei Säulen \nmit den drei Schatzkisten"}],
    [{"Text":"\"X\" markiert die Stelle"}],
    [{"Text":"Hinter etwas"}],
    [{"Text":"Direkt unter der freischwebenden \nDecke vor einer einsamen Statue"}],
    [{"Text":"Ein geheimer Raum"}],
    [{"Text":"Andere Seite eines Wandgemäldes"}],
    [{"Text":"Gräbst du in ein Wandgemälde, \nfindest du einen neuen Pfad nach..."}],
    [{"Text":"Ein sehr windiges Gebiet"}],
    [{"Text":"Du kannst nicht deine Technik \neinsetzen, um es zu bekommen!"}],
    [{"Text":"Probier einmal, deine \"Sunglasses\" \nauf einer Säule aus "}],
    [{"Text":"Eine freischwebende Decke"}],
    [{"Text":"Ein hochgelegener Ort"}],
    [{"Text":"Erhalte es, wenn du die \nGUN-Maschinen besiegst"}],
    [{"Text":"Auf einem Sandpfad zu \neinem Steinstatuenkopf"}],
    [{"Text":"Ein hochgelegener Ort"}],
    [{"Text":"Erhalte es, wenn du die \nGUN-Maschinen besiegst"}],
    [{"Text":"Auf einem Sandpfad zu \neinem Steinstatuenkopf"}],
    [{"Text":"Ein hochgelegener Ort"}],
    [{"Text":"Erhalte es, wenn du die \nGUN-Maschinen besiegst"}],
    [{"Text":"Auf einem Sandpfad zu \neinem Steinstatuenkopf"}],
    [{"Text":"Ein hochgelegener Ort"}],
    [{"Text":"Erhalte es, wenn du die \nGUN-Maschinen besiegst"}],
    [{"Text":"Nahe der sechs Säulen"}],
    [{"Text":"Ein dunkler Ort"}],
    [{"Text":"Versuch, die schwebenden Felsen \nmit einem Gleitangriff zu zerschmettern"}],
    [{"Text":"Nahe der sechs Säulen"}],
    [{"Text":"Ein dunkler Ort"}],
    [{"Text":"Versuch, die schwebenden Felsen \nmit einem Gleitangriff zu zerschmettern"}],
    [{"Text":"Nahe der sechs Säulen"}],
    [{"Text":"Ein dunkler Ort"}],
    [{"Text":"Versuch, die schwebenden Felsen \nmit einem Gleitangriff zu zerschmettern"}],
    [{"Text":"Nahe der sechs Säulen"}],
    [{"Text":"Ein dunkler Ort"}],
    [{"Text":"Versuch, die schwebenden Felsen \nmit einem Gleitangriff zu zerschmettern"}],
    [{"Text":"Steinstatuenquartett"}],
    [{"Text":"Ein stein tanzende"}],
    [{"Text":"Versuch, die schwebenden Felsen \nmit einem Gleitangriff zu zerschmettern"}],
    [{"Text":"Steinstatuenquartett"}],
    [{"Text":"Ein heller Ort"}],
    [{"Text":"Versuch, die schwebenden Felsen \nmit einem Gleitangriff zu zerschmettern"}],
    [{"Text":"Steinstatuenquartett"}],
    [{"Text":"Ein windiger Ort"}],
    [{"Text":"Versuch, die schwebenden Felsen \nmit einem Gleitangriff zu zerschmettern"}],
    [{"Text":"Steinstatuenquartett"}],
    [{"Text":"Ein heller Ort"}],
    [{"Text":"Versuch, die schwebenden Felsen \nmit einem Gleitangriff zu zerschmettern"}],
    [{"Text":"Steinstatuenquartett"}],
    [{"Text":"Ein windiger Ort"}],
    [{"Text":"Versuch, die schwebenden Felsen \nmit einem Gleitangriff zu zerschmettern"}],
    [{"Text":""}],
    [{"Text":""}],
    [{"Text":""}],
    [{"Text":""}],
    [{"Text":""}],
    [{"Text":""}],
    [{"Text":""}],
    [{"Text":""}],
    [{"Text":""}],
    [{"Text":""}],
    [{"Text":""}],
    [{"Text":""}],
    [{"Text":""}],
    [{"Text":""}],
    [{"Text":""}],
    [{"Text":""}],
    [{"Text":""}],
    [{"Text":""}],
    [{"Text":""}],
    [{"Text":""}],
    [{"Text":""}],
    [{"Text":""}],
    [{"Text":""}],
    [{"Text":""}],
    [{"Text":""}],
    [{"Text":""}],
    [{"Text":""}],
    [{"Text":""}],
    [{"Text":""}],
    [{"Text":""}],
    [{"Text":""}],
    [{"Text":""}],
    [{"Text":""}],
    [{"Text":""}],
    [{"Text":""}],
    [{"Text":""}],
    [{"Text":""}],
    [{"Text":""}],
    [{"Text":""}],
    [{"Text":""}],
    [{"Text":""}],
    [{"Text":""}],
    [{"Text":""}],
    [{"Text":""}],
    [{"Text":""}],
    [{"Text":""}],
    [{"Text":""}],
    [{"Text":""}],
    [{"Text":""}],
    [{"Text":""}],
    [{"Text":""}],
    [{"Text":""}],
    [{"Text":""}],
    [{"Text":""}],
    [{"Text":""}],
    [{"Text":""}],
    [{"Text":""}],
    [{"Text":""}],
    [{"Text":""}],
    [{"Text":""}],
    [{"Text":""}],
    [{"Text":""}],
    [{"Text":""}],
    [{"Text":""}],
    [{"Text":""}],
    [{"Text":""}],
    [{"Text":""}],
    [{"Text":""}],
    [{"Text":""}],
    [{"Text":""}],
    [{"Text":""}],
    [{"Text":""}],
    [{"Text":""}],
    [{"Text":""}],
    [{"Text":""}],
    [{"Text":""}],
    [{"Text":""}],
    [{"Text":""}],
    [{"Text":""}],
    [{"Text":""}],
    [{"Text":""}],
    [{"Text":""}],
    [{"Text":""}],
    [{"Text":""}]
  ]
}