{
  "language": "Spanish",
  "texts": [
    ["D",{"Text":"ajor zul noc nóclab"}],
    ["D",{"Text":"El sitio más bajo."}],
    ["D",{"Text":"No está debajo de la plataforma con \nuna luz roja en la torre inclinada."}],
    ["D",{"Text":"acor anu ne ecerc euq ayoj anu"}],
    ["D",{"Text":"El meteorito más pequeño."}],
    ["D",{"Text":"Lejos de una roca verde\ncerca de un meteorito que flota."}],
    ["D",{"Text":"acor anu ne ecerc euq ayoj anu"}],
    ["D",{"Text":"El meteorito más pequeño."}],
    ["D",{"Text":"Lejos de una roca verde\ncerca de un meteorito que flota."}],
    ["D",{"Text":"aluspác al ed roirepus etrap al"}],
    ["D",{"Text":"Meteorito sin césped."}],
    ["D",{"Text":"No es encima de la cápsula\nbajo el meteorito cápsula."}],
    ["D",{"Text":"aluspác al ed roirepus etrap al"}],
    ["D",{"Text":"Meteorito sin césped."}],
    ["D",{"Text":"No es encima de la cápsula\nbajo el meteorito cápsula."}],
    ["D",{"Text":"dadevarg ed otiroetem\nled etnatolf amrofatalp"}],
    ["D",{"Text":"El meteorito más grande."}],
    ["D",{"Text":"No está en la piedra cuadrada \nbrillante que flota."}],
    ["D",{"Text":"dadevarg ed otiroetem\nled etnatolf amrofatalp"}],
    ["D",{"Text":"El meteorito más grande."}],
    ["D",{"Text":"No está en la piedra cuadrada\nbrillante que flota."}],
    ["D",{"Text":"selobrá sol rev arap\n euqsob la etacréca"}],
    ["D",{"Text":"Un sitio muy alto."}],
    ["D",{"Text":"No está debajo \ndel punto de partida."}],
    ["D",{"Text":"ajor zul noc nóclab"}],
    ["D",{"Text":"El sitio más bajo."}],
    ["D",{"Text":"No está sobre la plataforma con \nuna luz roja en una torre inclinada."}],
    ["D",{"Text":"luza zul noc nóclab"}],
    ["D",{"Text":"El sitio más bajo."}],
    ["D",{"Text":"No está sobre la plataforma con \nuna luz azul en una torre inclinada."}],
    ["D",{"Text":"luza zul noc nóclab"}],
    ["D",{"Text":"El sitio más bajo."}],
    ["D",{"Text":"No está sobre la plataforma con una \nluz amarilla en una torre inclinada."}],
    ["D",{"Text":"orgen rodenetnoc led nóclab"}],
    ["D",{"Text":"El sitio más bajo."}],
    ["D",{"Text":"No está sobre una plataforma con un\ncontenedor negro en una torre inclinada."}],
    [{"Text":"lanogatco lisim ed aredaznal"}],
    [{"Text":"Un sitio que no es plano."}],
    [{"Text":"No está sobre una plataforma a la que \nllegas con un cohete en un meteorito."}],
    [{"Text":"lanogatco lisim ed aredaznal"}],
    [{"Text":"Un sitio que no es plano."}],
    [{"Text":"No está sobre una plataforma a la que\nllegas con un cohete en un meteorito."}],
    ["D",{"Text":"seroloc sert ed rodenetnoc"}],
    ["D",{"Text":"Un sitio que no es estrecho."}],
    ["D",{"Text":"No está en el contenedor \ndel almacén con luces azules."}],
    ["D",{"Text":"seroloc sert ed rodenetnoc"}],
    ["D",{"Text":"Un sitio que no es estrecho."}],
    ["D",{"Text":"No está en el contenedor \ndel almacén con luces amarillas."}],
    ["D",{"Text":"arutreba nis rodenetnoc"}],
    ["D",{"Text":"No está en un sitio \nestrecho y largo."}],
    ["D",{"Text":"No está sobre los contenedores\nconectados bajo la torre inclinada."}],
    ["D",{"Text":"luza zul ed olucríc"}],
    ["D",{"Text":"No está en la zona \ncon agujeros."}],
    ["D",{"Text":"No es la zona cerca de la luz azul\nmás alejada en el meteorito más grande."}],
    ["D",{"Text":"lob nu ne edrev"}],
    ["D",{"Text":"El sitio donde \nno puedes excavar."}],
    ["D",{"Text":"Está lejos de la piedra verde \nsobre el meteorito que flota."}],
    ["D",{"Text":"airatilos asac"}],
    ["D",{"Text":"El meteorito más pequeño."}],
    ["D",{"Text":"No está cerca de la piedra verde junto \nal cobertizo en el meteorito que flota."}],
    ["D",{"Text":"adanilcni zul  "}],
    ["D",{"Text":"El meteorito más pequeño."}],
    ["D",{"Text":"En la base de una gran luz inclinada\nen el meteorito que flota."}],
    ["D",{"Text":"airatilos asac"}],
    ["D",{"Text":"Un sitio plano."}],
    ["D",{"Text":"No está en frente del edificio \nen el planeta más grande."}],
    ["D",{"Text":"satap sert\nnoc aniuqám al ed eciléh"}],
    ["D",{"Text":"Meteorito pequeño."}],
    ["D",{"Text":"No está en la máquina con tres\ntubos en el meteorito cápsula."}],
    ["D",{"Text":"satap sert noc 1 ºN aniuqám"}],
    ["D",{"Text":"Meteorito sin césped."}],
    ["D",{"Text":"No está encima de la máquina \ncon tubos en el meteorito cápsula."}],
    ["D",{"Text":"satap sert noc 3 ºN aniuqám"}],
    ["D",{"Text":"Meteorito sin césped."}],
    ["D",{"Text":"No está encima de la máquina \ncon tubos en el meteorito cápsula."}],
    ["D",{"Text":"ajor añu"}],
    ["D",{"Text":"Meteorito pequeño."}],
    ["D",{"Text":"No es la zona que brilla \nen el meteorito cápsula."}],
    ["D",{"Text":"2 ºN atap"}],
    ["D",{"Text":"Donde no hay verde."}],
    ["D",{"Text":"No está encima de la máquina \ncon tubos en el meteorito cápsula."}],
    ["D",{"Text":"allirama zul ed olucríc"}],
    ["D",{"Text":"El meteorito sin gravedad."}],
    ["D",{"Text":"No está cerca de la luz amarilla\nen el meteorito redondo."}],
    ["D",{"Text":"allirama zul ed olucríc"}],
    ["D",{"Text":"El meteorito sin gravedad."}],
    ["D",{"Text":"No está cerca de la luz amarilla\nen el meteorito redondo."}],
    ["D",{"Text":"otiroetem led oñeud led asac al"}],
    ["D",{"Text":"El lugar donde no puedes excavar."}],
    ["D",{"Text":"No está debajo del edificio \nen el meteorito redondo."}],
    ["D",{"Text":"etneicerc zul"}],
    ["D",{"Text":"Un sitio plano."}],
    ["D",{"Text":"No está cerca de la luz azul \nsolitaria en la luz redonda."}],
    ["D",{"Text":"etneicerced zul"}],
    ["D",{"Text":"Un sitio plano."}],
    ["D",{"Text":"No es la luz azul perdida \nen el meteorito redondo."}],
    ["D",{"Text":"rodalov rodenetnoc"}],
    ["D",{"Text":"El sitio más bajo."}],
    ["D",{"Text":"No es una caja sobre una plataforma\ncon una luz roja en una torre inclinada."}],
    ["D",{"Text":"rodalov rodenetnoc"}],
    ["D",{"Text":"El sitio más bajo."}],
    ["D",{"Text":"No está en la caja que flota sobre \nuna plataforma en una torre inclinada."}],
    ["D",{"Text":"odanedrosed nécamla"}],
    ["D",{"Text":"Un sitio bajo."}],
    ["D",{"Text":"No está en los dos contenedores \nde almacén conectados que flotan."}],
    ["D",{"Text":"rodenetnoc nu ne rodenetnoc un"}],
    ["D",{"Text":"Un sitio bajo."}],
    ["D",{"Text":"No está en los dos contenedores \nde almacén conectados que flotan."}],
    ["D",{"Text":"otiroetem le erbos\n satleuv ad euq ajac al"}],
    ["D",{"Text":"El meteorito más pequeño."}],
    ["D",{"Text":"En la caja blanca flotante \nsobre el meteorito flotante."}],
    ["D",{"Text":"sajor sañu sal ertne"}],
    ["D",{"Text":"Meteorito pequeño."}],
    ["D",{"Text":"No rompas la caja de madera entre\nplataformas en el meteorito cápsula."}],
    ["D",{"Text":"anul al ed acrec\n etnatolf ajac al"}],
    ["D",{"Text":"El meteorito más grande."}],
    ["D",{"Text":"No está en una caja blanca flotante\ndetrás del símbolo de la luna."}],
    ["D",{"Text":"amrofatalp al ed esab al"}],
    ["D",{"Text":"El sitio más alto."}],
    ["D",{"Text":"No está en la caja blanca \ndonde se encuentra la jaula."}],
    ["D",{"Text":"atolf on euq rodenetnoc le"}],
    ["D",{"Text":"El sitio más bajo."}],
    ["D",{"Text":"No es una caja sobre una plataforma\ncon una luz roja en una torre inclinada."}],
    ["D",{"Text":"seroloc sert ed rodenetnoc"}],
    ["D",{"Text":"Un sitio que no es pequeño."}],
    ["D",{"Text":"No está en la caja en el contenedor\nde almacén con una luz roja."}],
    ["D",{"Text":"rodenetnoc nu ne rodenetnoc un"}],
    ["D",{"Text":"El sitio que no es pequeño."}],
    ["D",{"Text":"No está en la caja en el contenedor\nde almacenamiento con luz amarilla."}],
    ["D",{"Text":"sajor secul ed adaedor ajac anu"}],
    ["D",{"Text":"Un sitio bajo."}],
    ["D",{"Text":"No está en una caja en una plataforma\nbajo la torre inclinada."}],
    ["D",{"Text":"ortned etneilac átse"}],
    ["D",{"Text":"Un sitio plano."}],
    ["D",{"Text":"No está en la roca que arde \nsobre el meteorito flotante."}],
    ["D",{"Text":"luza zul ed olucríc"}],
    ["D",{"Text":"El meteorito más pequeño."}],
    ["D",{"Text":"No está en la roca que arde\nsobre el meteorito que flota."}],
    ["D",{"Text":"depséc le ne\naliab euq aredam ed ajac"}],
    ["D",{"Text":"Meteorito pequeño."}],
    ["D",{"Text":"No está en una caja de madera\nque flota sobre el meteorito cápsula."}],
    ["D",{"Text":"sotla sopit sol ertne"}],
    ["D",{"Text":"Meteorito sin césped."}],
    ["D",{"Text":"No está entre dos luces \nen el meteorito cápsula."}],
    [{"Text":"secul sal sadot nenúer es ednod"}],
    [{"Text":"Lejos de una torre inclinada."}],
    [{"Text":"No está en un muro bajo una estrella\nen una plataforma amarilla con luces."}],
    ["D",{"Text":"asotsepa allertse"}],
    ["D",{"Text":"Lejos de una torre inclinada."}],
    ["D",{"Text":"No excaves en una estrella del muro\nen una plataforma con seis círculos."}],
    ["D",{"Text":"ogla ertne nóicatibah al"}],
    ["D",{"Text":"Lejos de una torre inclinada."}],
    ["D",{"Text":"No excaves en un símbolo de luna en\nuna plataforma con muchas luces rojas."}],
    [{"Text":"añartxe anul"}],
    [{"Text":"Lejos de una torre inclinada."}],
    [{"Text":"No excaves en diferentes símbolos de\nluna en una plataforma con luces rojas."}],
    ["D",{"Text":"ajor zul al\n animuli es ednod allertse al"}],
    ["D",{"Text":"Lejos de una torre inclinada."}],
    ["D",{"Text":"No excaves en estrellas diferentes\nen una plataforma con luces azules."}],
    ["D",{"Text":"asorgilep anul"}],
    ["D",{"Text":"Lejos de una torre inclinada."}],
    ["D",{"Text":"No excaves en un símbolo de luna cerca\nde una bola de acero con luces azules."}],
    ["D",{"Text":"asorgilep anul"}],
    ["D",{"Text":"Lejos de una torre inclinada."}],
    ["D",{"Text":"No excaves en un símbolo de luna cerca\nde una bola de acero con luces azules."}],
    ["D",{"Text":"sorejuga noc retárc"}],
    ["D",{"Text":"El meteorito más pequeño."}],
    ["D",{"Text":"No es la base de una piedra que \ncrece sobre el meteorito agujereado."}],
    ["D",{"Text":"adanilcni zul anu ed\n esab al ne"}],
    ["D",{"Text":"El meteorito más pequeño."}],
    ["D",{"Text":"¡No excaves en la base de la luz \nlarga cerca de la roca verde!"}],
    ["D",{"Text":"dadirucso al ne airatilos zul"}],
    ["D",{"Text":"El meteorito más pequeño."}],
    ["D",{"Text":"No excaves bajo la luz solitaria \nen el meteorito que flota."}],
    [{"Text":"ohcet le ne anul anu"}],
    [{"Text":"Meteorito pequeño."}],
    [{"Text":"No excaves bajo un símbolo de luna\nbajo el meteorito cápsula."}],
    ["D",{"Text":"asorgilep anul"}],
    ["D",{"Text":"Zona amplia."}],
    ["D",{"Text":"No excaves bajo un símbolo de luna cerca\nde una trampa en el meteorito cápsula."}],
    [{"Text":"asorgilep allertse"}],
    [{"Text":"Zona amplia\n "}],
    [{"Text":"No excaves por la estrella al lado de las esferas\nen la plataforma al lado  del meteorito  cápsula."}],
    [{"Text":"arbmos al ne edrev acor"}],
    [{"Text":"Un meteorito sin gravedad."}],
    [{"Text":"No excaves en la zona sobre la roca verde\nque está en la sombra del tren volador."}],
    ["D",{"Text":"emrone lepap ed osep"}],
    ["D",{"Text":"El sitio más alto."}],
    ["D",{"Text":"No excaves en el centro de la plataforma más\nbaja con el peso que se mueve."}],
    [{"Text":"odneidra etnaligiv nu ed\n acrec allertse"}],
    [{"Text":"El sitio más alto.\n"}],
    [{"Text":"No excaves cerca de la estrella en la\nplataforma más baja con meteoritos ardiendo."}],
    [{"Text":"ollirama ne luza"}],
    [{"Text":"Un sitio bajo."}],
    [{"Text":"No está bajo la luna en la plataforma amarilla\ncerca de la estructura azul que cuelga."}],
    ["D",{"Text":"zul al ojab allertse al"}],
    ["D",{"Text":"Un sitio bajo."}],
    ["D",{"Text":"No está bajo una luna en una plataforma\namarilla cerca de una torre inclinada."}],
    ["D",{"Text":"asotsepa allertse"}],
    ["D",{"Text":"Lejos de una torre inclinada."}],
    ["D",{"Text":"No excaves bajo una estrella en una\nplataforma con muchas luces azules."}],
    ["D",{"Text":"asotsepa allertse"}],
    ["D",{"Text":"Lejos de una torre inclinada."}],
    ["D",{"Text":"No excaves bajo una estrella en una\nplataforma con muchas luces azules."}],
    ["D",{"Text":"asotsepa allertse"}],
    ["D",{"Text":"Lejos de una torre inclinada."}],
    ["D",{"Text":"No excaves bajo una estrella en una\nplataforma con muchas luces azules."}],
    ["D",{"Text":"ecerc on euq zul al"}],
    ["D",{"Text":"Un sitio plano..."}],
    ["D",{"Text":"No excaves bajo la única luz corta \nen lo alto del meteorito flotante."}],
    ["D",{"Text":"airatilos y etsirt zul"}],
    ["D",{"Text":"Un sitio plano."}],
    ["D",{"Text":"No excaves bajo la única luz corta \nen lo alto del meteorito flotante."}],
    ["D",{"Text":"argen ajac al ojab"}],
    ["D",{"Text":"El meteorito más pequeño."}],
    ["D",{"Text":"No excaves bajo el contenedor \nen lo alto del meteorito flotante."}],
    ["D",{"Text":"1 ºN aniuqám al ed\n atap al ed abirra ed etrap al"}],
    ["D",{"Text":"Donde no está inclinado."}],
    ["D",{"Text":"No excaves bajo la señal \"1\" de la\nmáquina de tubos en el meteorito cápsula"}],
    ["D",{"Text":"3 ºN aniuqám al ed\natap al ed abirra ed etrap al"}],
    ["D",{"Text":"Donde no está inclinado."}],
    ["D",{"Text":"No excaves bajo la señal \"3\" de la \nmáquina de tubos en el meteorito cápsula"}],
    ["D",{"Text":"arunall al ne airatilos allertse"}],
    ["D",{"Text":"Meteorito pequeño."}],
    ["D",{"Text":"No excaves bajo el símbolo de estrella\nen el meteorito con césped."}],
    ["D",{"Text":"odajet nu ojab allertse"}],
    ["D",{"Text":"Gran meteorito."}],
    ["D",{"Text":"No excaves bajo un símbolo de estrella\nbajo un edificio en el meteorito redondo"}],
    ["D",{"Text":"adacoviuqe zul"}],
    ["D",{"Text":"Un sitio plano."}],
    ["D",{"Text":"No excaves bajo la luz azul \nen el meteorito redondo."}],
    [{"Text":"arreit al a\n anacrec sám allertse al"}],
    [{"Text":"El sitio más alto."}],
    [{"Text":"No excaves en el símbolo de estrella\nen la plataforma más baja."}],
    ["D",{"Text":"?...odneicerc edrev noc\n etneicerc anul¿"}],
    ["D",{"Text":"El sitio más alto."}],
    ["D",{"Text":"No excaves detrás de la luna en\nla plataforma más baja con rocas verdes."}],
    [{"Text":"sanul sod ertne"}],
    [{"Text":"El sitio más alto."}],
    [{"Text":"No excaves entre las dos lunas\nencima de la plataforma más baja."}],
    [{"Text":""}],
    [{"Text":""}],
    [{"Text":""}],
    [{"Text":""}],
    [{"Text":""}],
    [{"Text":""}],
    [{"Text":""}],
    [{"Text":""}],
    [{"Text":""}],
    [{"Text":""}],
    [{"Text":""}],
    [{"Text":""}],
    [{"Text":""}],
    [{"Text":""}],
    [{"Text":""}],
    [{"Text":""}],
    [{"Text":""}],
    [{"Text":""}],
    [{"Text":""}],
    [{"Text":""}],
    [{"Text":""}],
    [{"Text":""}],
    [{"Text":""}],
    [{"Text":""}],
    [{"Text":"retárc led orrac"}],
    [{"Text":"otiroetem led\n rodederla av euq nert le"}],
    [{"Text":"otiroetem led\n rodederla av euq nert le"}],
    [{"Text":"orgen rodenetnoc led nóclab"}],
    [{"Text":"luza rodenetnoc led nóclab"}],
    [{"Text":"roloc ed serodenetnoc sert"}],
    [{"Text":"roloc ed serodenetnoc sert"}],
    [{"Text":"selisim sert ed aredaznal"}],
    [{"Text":"ajor zul noc nóclab led\neac euq ocnalb rodenetnoc le"}],
    ["D",{"Text":"allirama zul noc nóclab"}],
    ["D",{"Text":"arutreba anu nis rodenetnoc le"}],
    ["D",{"Text":"ojor odardauc"}],
    ["D",{"Text":"esab al ne sorgen\n serodenetnoc ed odañup un"}],
    ["D",{"Text":"odneidra acor ed allimes"}],
    ["D",{"Text":"satap sert noc\n saniuqám sal ertne"}],
    ["D",{"Text":"allirama yum amrofatalp"}],
    ["D",{"Text":"otiroetem led\n roirefni etrap al"}],
    ["D",{"Text":"lortnoc ed areuf\n anoz al ne amrofatalp al"}],
    ["D",{"Text":"odipár laicram adatap"}],
    ["D",{"Text":"lisim led etnaligiv"}],
    ["D",{"Text":"ollirama nóclab led etnaligiv"}],
    ["D",{"Text":"ocifélam odiuqíl"}],
    ["D",{"Text":"retárc le ne\narutairc al ed odiuqíl"}],
    ["D",{"Text":"luza latsedep le ne\n luza ogimene le"}],
    [{"Text":"otneimanecamla ed rodenetnoc\nle egetorp euq aniuqám al"}],
    [{"Text":"Un sitio bajo."}],
    [{"Text":"No bajo un contenedor negro sobre una\nplataforma con una torre con luz roja."}],
    [{"Text":"allirama zul noc nóclab"}],
    [{"Text":"El sitio más bajo."}],
    [{"Text":"No ves con un cohete en una plataforma \ncon una torre con luz amarilla."}],
    ["D",{"Text":"arutreba nis rodenetnoc"}],
    ["D",{"Text":"En el suelo."}],
    ["D",{"Text":"No entre un contenedor de almacén\nbajo la torre inclinada."}],
    ["D",{"Text":"ojor odardauc"}],
    ["D",{"Text":"Un sitio bajo."}],
    ["D",{"Text":"Bajo una luz roja parpadeante \nencima de una torre inclinada."}],
    ["D",{"Text":"esab al ne sorgen serodenetnoc\ned odañup nu"}],
    ["D",{"Text":"El sitio más alto."}],
    ["D",{"Text":"No está entre los contenedores \nnegros flotantes de abajo."}],
    [{"Text":"odneidra acor ed allimes"}],
    [{"Text":"Un sitio plano."}],
    [{"Text":"En la roca roja que arde \nen el meteorito que flota."}],
    [{"Text":"sedrob sert noc saniuqám\nsal ed oidem ne"}],
    [{"Text":"Meteorito pequeño."}],
    [{"Text":"No entre la máquina Nº 1 y la Nº 2 \ncon tubos en el meteorito cápsula."}],
    [{"Text":"allirama yum amrofatalp"}],
    [{"Text":"El meteorito sin gravedad."}],
    [{"Text":"No está en la plataforma con luces\namarillas en el meteorito redondo."}],
    [{"Text":"otiroetem led roirefni etrap al"}],
    [{"Text":"En el suelo."}],
    [{"Text":"No está justo debajo \ndel meteorito redondo."}],
    [{"Text":"lortnoc ed areuf anoz\nal ne amrofatalp al"}],
    [{"Text":"El meteorito más grande."}],
    [{"Text":"No es la única plataforma flotante\njusto debajo del meteorito redondo."}],
    [{"Text":"odipár laicram adatap"}],
    [{"Text":"El sitio más bajo."}],
    [{"Text":"¡No uses esa técnica en una estrella\nen una plataforma con trampas que giran!"}],
    ["D",{"Text":"lisim led etnaligiv"}],
    ["D",{"Text":"Un sitio que no es plano."}],
    ["D",{"Text":"No es un enemigo al que puedes llegar\nusando un cohete en un meteorito."}],
    ["D",{"Text":"ollirama nóclab led etnaligiv"}],
    ["D",{"Text":"Un sitio bajo."}],
    ["D",{"Text":"No es una máquina GUN en una plataforma\ncon una luz amarilla por una torre azul."}],
    ["D",{"Text":"ocifélam odiuqíl"}],
    ["D",{"Text":"Un sitio bajo."}],
    ["D",{"Text":"Un enemigo en una gran plataforma \ncerca de una torre azul que no lo tiene."}],
    ["D",{"Text":"retárc le ne adiuqíl arutairc"}],
    ["D",{"Text":"Un sitio plano."}],
    ["D",{"Text":"¡No derrotes al enemigo de agua \nen el meteorito con cráter!"}],
    ["D",{"Text":"luza latsedep le ne\nluza ogimene le"}],
    ["D",{"Text":"El sitio más alto."}],
    ["D",{"Text":"¡No te molestes con el enemigo de\nagua en la plataforma con la luz azul!"}],
    ["D",{"Text":"otneimanecamla ed rodenetnoc\nle egetorp euq aniuqám al"}],
    ["D",{"Text":"Lejos de una torre inclinada."}],
    ["D",{"Text":"No derrotes la máquina GUN en \nlos contenedores de almacenamiento. "}],
    ["D",{"Text":""}],
    ["D",{"Text":""}],
    ["D",{"Text":""}],
    ["D",{"Text":""}],
    ["D",{"Text":""}],
    ["D",{"Text":""}],
    ["D",{"Text":""}],
    ["D",{"Text":""}],
    ["D",{"Text":""}],
    ["D",{"Text":""}],
    ["D",{"Text":""}],
    ["D",{"Text":""}],
    ["D",{"Text":""}],
    ["D",{"Text":""}],
    ["D",{"Text":""}],
    ["D",{"Text":""}],
    ["D",{"Text":""}],
    ["D",{"Text":""}],
    ["D",{"Text":""}],
    ["D",{"Text":""}],
    ["D",{"Text":""}],
    ["D",{"Text":""}],
    ["D",{"Text":""}],
    ["D",{"Text":""}],
    ["D",{"Text":""}],
    ["D",{"Text":""}],
    ["D",{"Text":""}],
    ["D",{"Text":""}],
    ["D",{"Text":""}],
    ["D",{"Text":""}],
    ["D",{"Text":""}],
    ["D",{"Text":""}],
    ["D",{"Text":""}],
    ["D",{"Text":""}],
    ["D",{"Text":""}],
    ["D",{"Text":""}],
    ["D",{"Text":""}],
    ["D",{"Text":""}],
    ["D",{"Text":""}],
    ["D",{"Text":""}],
    ["D",{"Text":""}],
    ["D",{"Text":""}],
    ["D",{"Text":""}],
    ["D",{"Text":""}],
    ["D",{"Text":""}],
    ["D",{"Text":""}],
    ["D",{"Text":""}],
    ["D",{"Text":""}],
    ["D",{"Text":""}],
    ["D",{"Text":""}],
    ["D",{"Text":""}],
    ["D",{"Text":""}],
    ["D",{"Text":""}],
    ["D",{"Text":""}],
    ["D",{"Text":""}],
    ["D",{"Text":""}],
    ["D",{"Text":""}],
    ["D",{"Text":""}],
    ["D",{"Text":""}],
    ["D",{"Text":""}],
    ["D",{"Text":""}],
    ["D",{"Text":""}],
    ["D",{"Text":""}],
    ["D",{"Text":""}],
    ["D",{"Text":""}],
    ["D",{"Text":""}],
    ["D",{"Text":""}],
    ["D",{"Text":""}],
    ["D",{"Text":""}],
    ["D",{"Text":""}],
    ["D",{"Text":""}],
    ["D",{"Text":""}],
    ["D",{"Text":""}],
    ["D",{"Text":""}],
    ["D",{"Text":""}],
    ["D",{"Text":""}],
    ["D",{"Text":""}],
    ["D",{"Text":""}],
    ["D",{"Text":""}],
    ["D",{"Text":""}],
    ["D",{"Text":""}],
    ["D",{"Text":""}],
    ["D",{"Text":""}],
    ["D",{"Text":""}],
    ["D",{"Text":""}],
    ["D",{"Text":""}],
    ["D",{"Text":""}],
    ["D",{"Text":""}],
    ["D",{"Text":""}],
    ["D",{"Text":""}],
    ["D",{"Text":""}],
    ["D",{"Text":""}],
    ["D",{"Text":""}],
    ["D",{"Text":""}],
    ["D",{"Text":""}],
    ["D",{"Text":""}],
    ["D",{"Text":""}],
    ["D",{"Text":""}],
    ["D",{"Text":""}],
    ["D",{"Text":""}],
    ["D",{"Text":""}],
    ["D",{"Text":""}],
    ["D",{"Text":""}],
    ["D",{"Text":""}],
    ["D",{"Text":""}]
  ]
}