{
  "language": "English",
  "texts": [
	[{"Text":"On a needle."}],
	[{"Text":"Where the red flame is."}],
	[{"Text":"On the Egg Scorpion statue."}],
	["D",{"Text":"A dark room."}],
	["D",{"Text":"Red path."}],
	["D",{"Text":"Near the ceiling in\na small room by a path."}],
	["D",{"Text":"Snake flame."}],
	["D",{"Text":"Red path."}],
	["D",{"Text":"U-shaped ledge on a narrow path."}],
	["D",{"Text":"Two pairs of different length legs."}],
	["D",{"Text":"Where the red flame is."}],
	["D",{"Text":"The area on top of the pillar\non a narrow path."}],
	["D",{"Text":"Above the entrance."}],
	["D",{"Text":"A shady place."}],
	["D",{"Text":"Underwater chamber in\nthe Egg Fish Chamber."}],
	[{"Text":"Hidden ancient wall painting."}],
	[{"Text":"A high place."}],
	[{"Text":"On the Egg Fish statue."}],
	["D",{"Text":"Under the hieroglyphics."}],
	["D",{"Text":"Where the green flame is."}],
	["D",{"Text":"Small room next to\nthe Egg Snake Chamber."}],
	["D",{"Text":"Two pairs of different length legs."}],
	["D",{"Text":"Where the green flame is."}],
	["D",{"Text":"The area on top of the pillar\non a narrow path."}],
	[{"Text":"In the shadow of the scurrying bug."}],
	[{"Text":"Egg Fish Chamber."}],
	[{"Text":"Climb the pillar."}],
	["D",{"Text":"Stone walls on the right, left and above."}],
	["D",{"Text":"Egg Fish Chamber."}],
	["D",{"Text":"In the corner of the room."}],
	["D",{"Text":"Wings but can't fly."}],
	["D",{"Text":"Where the blue flame is."}],
	["D",{"Text":"On the fin of the Egg Fish statue."}],
	[{"Text":"The hexagonal ceiling."}],
	[{"Text":"Where the blue flame is."}],
	[{"Text":"On the Egg Fish statue."}],
	[{"Text":"On the white Eggman mark."}],
	[{"Text":"Egg Fish Chamber."}],
	[{"Text":"By the wall in the small room."}],
	["D",{"Text":"A quiet place."}],
	["D",{"Text":"Egg Fish Chamber."}],
	["D",{"Text":"In the water."}],
	["D",{"Text":"Six Eggman marks?"}],
	["D",{"Text":"Machine's path."}],
	["D",{"Text":"A path next to the Egg Fish Chamber."}],
	["D",{"Text":"Red and silver moving back and forth."}],
	["D",{"Text":"Machine's path."}],
	["D",{"Text":"A path next to the\nEgg Fish Chamber."}],
	[{"Text":"A glowing red square."}],
	[{"Text":"Egg Fish Chamber."}],
	[{"Text":"In the middle of a\nroom with containers."}],
	["D",{"Text":"Full-scale eye...? "}],
	["D",{"Text":"Egg Fish Chamber."}],
	["D",{"Text":"Left eye of the Egg Fish statue."}],
	["D",{"Text":"Two faces."}],
	["D",{"Text":"Where the green flame is."}],
	["D",{"Text":"Chest of the Egg Snake statue."}],
	["D",{"Text":"A shadow that stretches\nfrom the bottom to the top."}],
	["D",{"Text":"Where the green flame is."}],
	["D",{"Text":"Behind the Egg Snake statue."}],
	[{"Text":"Upside down stairs."}],
	[{"Text":"Egg Snake Chamber."}],
	[{"Text":"A ceiling that looks like stairs."}],
	[{"Text":"In the shadow of the scurrying bug."}],
	[{"Text":"Egg Snake Chamber."}],
	[{"Text":"Climb the pillar."}],
	[{"Text":"The hexagonal ceiling."}],
	[{"Text":"Where the green flame is."}],
	[{"Text":"On the Egg Snake statue."}],
	["D",{"Text":"Under the hieroglyphics."}],
	["D",{"Text":"Where the green flame is."}],
	["D",{"Text":"A path next to the\nEgg Snake Chamber."}],
	["D",{"Text":"Four pillars."}],
	["D",{"Text":"Green path."}],
	["D",{"Text":"The area on top of the\npillar on a narrow path."}],
	["D",{"Text":"The skull is looking at\nyou through a crack."}],
	["D",{"Text":"Green path."}],
	["D",{"Text":"Next to a chest on a narrow path."}],
	["D",{"Text":"The head of a condor."}],
	["D",{"Text":"Where the green flame is."}],
	["D",{"Text":"Wall decoration in the\nEgg Snake Chamber. "}],
	["D",{"Text":"Three hands."}],
	["D",{"Text":"Green path."}],
	["D",{"Text":"Near the ceiling in a small\nroom by a path."}],
	[{"Text":"In the center of the \"X\"."}],
	[{"Text":"A room with eight flames."}],
	[{"Text":"A wall in the Snake Altar room."}],
	[{"Text":"On the scorpion."}],
	[{"Text":"A room with eight flames."}],
	[{"Text":"Around the Snake Altar."}],
	[{"Text":"Between the eyes."}],
	[{"Text":"A room with eight flames."}],
	[{"Text":"On a chest in the Snake Altar room."}],
	[{"Text":"The head of the condor."}],
	[{"Text":"A room with eight flames."}],
	[{"Text":"Wall decoration in the\nSnake Altar room."}],
	[{"Text":"Skull's room."}],
	[{"Text":"In a treasure chest."}],
	[{"Text":"Small room on the ceiling of\nthe Egg Scorpion Chamber."}],
	["D",{"Text":"White middle finger."}],
	["D",{"Text":"Where the red flame is."}],
	["D",{"Text":"A small room next to \nthe Egg Scorpion Chamber."}],
	["D",{"Text":"Snake flame."}],
	["D",{"Text":"Red path."}],
	["D",{"Text":"In the container on\nthe U-shaped ledge."}],
	[{"Text":"Gorilla's hideout."}],
	[{"Text":"Where the red flame is."}],
	[{"Text":"A coffin on the ceiling of \nthe Egg Scorpion Chamber."}],
	[{"Text":"A room with hieroglyphics."}],
	[{"Text":"Where the blue flame is."}],
	[{"Text":"Treasure chest on the ceiling \nof the Egg Fish Chamber."}],
	[{"Text":"King and the servant."}],
	[{"Text":"Where the blue flame is."}],
	[{"Text":"A coffin on the ceiling of \nthe Egg Fish Chamber."}],
	[{"Text":"The condor spreads its wings."}],
	[{"Text":"Something that the\nsnake is looking at."}],
	[{"Text":"A treasure chest on the ceiling \nin the Egg Snake Chamber."}],
	["D",{"Text":"A dark room."}],
	["D",{"Text":"Green path."}],
	["D",{"Text":"Near a ceiling in a\nsmall room by a path."}],
	[{"Text":"Invisible container."}],
	[{"Text":"Near the Egg Fish Chamber."}],
	[{"Text":"A container in a\nroom with bars. "}],
	[{"Text":"A red pillar triangle."}],
	[{"Text":"Near the Egg Fish Chamber."}],
	[{"Text":"A container in a room with bars. "}],
	[{"Text":"Brown between black."}],
	[{"Text":"Near the Egg Fish Chamber."}],
	[{"Text":"A container in a room with bars."}],
	["D",{"Text":"Golden condor."}],
	["D",{"Text":"Green path."}],
	["D",{"Text":"A coffin in a small room by a path."}],
	["D",{"Text":"Four pillars."}],
	["D",{"Text":"Green path."}],
	["D",{"Text":"In a container in the\ncorner of a room."}],
	["D",{"Text":"Holy altar."}],
	["D",{"Text":"Green path."}],
	["D",{"Text":"In a coffin on the U-shaped ledge."}],
	[{"Text":"A black container."}],
	[{"Text":"Snake Altar."}],
	[{"Text":"In a container by the side of \na small room with an altar."}],
	[{"Text":"Huge shadow room."}],
	[{"Text":"Snake Altar."}],
	[{"Text":"In a container by a wall of \na small room with an altar."}],
	[{"Text":"Semi-dark Eggman."}],
	[{"Text":"Iron wall."}],
	[{"Text":"Buried under the Eggman symbol."}],
	[{"Text":"Chao symbol on the wall."}],
	[{"Text":"Red path."}],
	[{"Text":"A dot-shaped hieroglyphic\nwritten on a narrow path."}],
	[{"Text":"Dark red and white stripes."}],
	[{"Text":"Shadow of the machine."}],
	[{"Text":"In a wall covered by shadows \nin the Egg Scorpion Chamber."}],
	[{"Text":"Condor's egg."}],
	[{"Text":"A room with four flames."}],
	[{"Text":"Dig under the wall decoration \nin the Egg Scorpion Chamber."}],
	[{"Text":"Dark Sonic."}],
	[{"Text":"Blue like Sonic."}],
	[{"Text":"Hieroglyphics written behind \na wall in the Egg Fish Chamber."}],
	[{"Text":"Chao sign on the floor."}],
	[{"Text":"Blue like Chao."}],
	[{"Text":"A dot mark on a floor\nof the Egg Fish Chamber."}],
	[{"Text":"Black bird in the shadow. "}],
	[{"Text":"Where the blue flame is."}],
	[{"Text":"Hieroglyphics written in the shadow \nof a pillar in the Egg Fish Chamber."}],
	[{"Text":"Second after next to the \nstone ring."}],
	[{"Text":"In the ground."}],
	[{"Text":"Under the container in back of \nthe Egg Fish Chamber."}],
	[{"Text":"Condor's egg."}],
	[{"Text":"A room with four flames."}],
	[{"Text":"Dig under the wall decoration \nin the Egg Snake Chamber."}],
	[{"Text":"Skulls facing each other."}],
	[{"Text":"Near the Egg Snake Chamber."}],
	[{"Text":"Buried in a wall of a small room\nby a path."}],
	[{"Text":"A hot wall."}],
	[{"Text":"Condor's room."}],
	[{"Text":"Buried above the green flame."}],
	[{"Text":"Chipped petal."}],
	[{"Text":"Shadow of the green flame."}],
	[{"Text":"Dig under the wall decoration\nabove the Egg Snake statue."}],
	[{"Text":"Dark Sonic."}],
	[{"Text":"Shadow of the longest pillar."}],
	[{"Text":"Shadow of a pillar in the Snake Altar\nreveals Sonic-like hieroglyphics."}],
	[{"Text":"Dark Chao."}],
	[{"Text":"Red pillar's shadow."}],
	[{"Text":"Dot-shaped hieroglyphics in\nthe shadows in the Snake Altar."}],
	[{"Text":"A skull."}],
	[{"Text":"A room with eight flames."}],
	[{"Text":"By the neck of a snake\nattached to the altar."}],
	[{"Text":"Hot Chao..."}],
	[{"Text":"A small room with four walls\ncovered with hieroglyphics."}],
	[{"Text":"By the small red flame\nnext to the Snake Altar."}],
	[{"Text":"Blue-eyed Eggman."}],
	[{"Text":"Egg Scorpion Chamber."}],
	[{"Text":"Dig into the wall painting\non an iron door."}],
	[{"Text":"First place you landed."}],
	[{"Text":"Egg Scorpion Chamber."}],
	[{"Text":"Buried between two pillars."}],
	["D",{"Text":"Omochao and Eggman."}],
	["D",{"Text":"Where the red flame is."}],
	["D",{"Text":"Dig into the Eggman under \nthe Egg Scorpion statue."}],
	[{"Text":"Under the tail."}],
	[{"Text":"Where the red flame is."}],
	[{"Text":"Buried between the back and the\ntail of the Egg Scorpion statue."}],
	[{"Text":"Center of the ring."}],
	[{"Text":"Egg Scorpion Chamber."}],
	[{"Text":"Under the Eggman mark on the floor."}],
	[{"Text":"Two pairs of different length legs."}],
	[{"Text":"Where the red flame is."}],
	[{"Text":"Under the shadow of the\nshort pillars among four pillars."}],
	["D",{"Text":"Sleeping under a coffin."}],
	["D",{"Text":"Where the red flame is."}],
	["D",{"Text":"Under the floor of a small room \nin the Egg Scorpion Chamber."}],
	["D",{"Text":"Two smelting furnaces."}],
	["D",{"Text":"Egg Scorpion Chamber."}],
	["D",{"Text":"Buried between two huge flames."}],
	[{"Text":"Six white eggs."}],
	[{"Text":"Near the Egg Fish Chamber."}],
	[{"Text":"Dig into the Eggman mark\non the machine's path."}],
	["D",{"Text":"Under the belly."}],
	["D",{"Text":"Poolside."}],
	["D",{"Text":"Dig near the entrance and pool \nin the Egg Fish Chamber."}],
	["D",{"Text":"Two beautiful women with fish faces."}],
	["D",{"Text":"Egg Fish Chamber."}],
	["D",{"Text":"Dig into the center of a wall painting."}],
	[{"Text":"Under the treasure."}],
	[{"Text":"Egg Fish Chamber."}],
	[{"Text":"Under the floor beneath a chest on\nthe ceiling in the Egg Fish Chamber."}],
	[{"Text":"Flames facing each other."}],
	[{"Text":"Green path."}],
	[{"Text":"Dig between two flames on the wall."}],
	[{"Text":"Three triangles."}],
	[{"Text":"Egg Snake Chamber."}],
	[{"Text":"Dig near the small step\nin the center of the room."}],
	["D",{"Text":"Hand in the center."}],
	["D",{"Text":"Green path."}],
	["D",{"Text":"Dig near the wall decoration\non the U-shaped ledge."}],
	["D",{"Text":"Under the low flame."}],
	["D",{"Text":"Green flame."}],
	["D",{"Text":"Buried under the light on the path\nwith four pillars."}],
	[{"Text":""}],
	[{"Text":""}],
	[{"Text":""}],
	[{"Text":""}],
	[{"Text":""}],
	[{"Text":""}],
	[{"Text":""}],
	[{"Text":""}],
	[{"Text":""}],
	[{"Text":""}],
	[{"Text":""}],
	[{"Text":""}],
	[{"Text":""}],
	[{"Text":""}],
	[{"Text":""}],
	[{"Text":""}],
	[{"Text":""}],
	[{"Text":""}],
	[{"Text":""}],
	[{"Text":""}],
	[{"Text":""}],
	[{"Text":""}],
	[{"Text":""}],
	[{"Text":""}],
	[{"Text":"Follow the line on the wall."}],
	[{"Text":"A high place."}],
	[{"Text":"On the Egg Scorpion statue."}],
	["D",{"Text":"Wandering ghost..."}],
	["D",{"Text":"Red path."}],
	["D",{"Text":"A path that looks like\nstairs near four pillars."}],
	[{"Text":"Slowly swimming..."}],
	[{"Text":"Where the blue flame is."}],
	[{"Text":"Inverted stairs in the\nEgg Fish Chamber."}],
	["D",{"Text":"Floating in the stream..."}],
	["D",{"Text":"Out of reach of the light."}],
	["D",{"Text":"Underwater room in the\nEgg Fish Chamber."}],
	["D",{"Text":"Holy sacrifice."}],
	["D",{"Text":"Moving back and forth\nbetween the flames."}],
	["D",{"Text":"Do a Screw Kick between two flames."}],
	[{"Text":"A skull message."}],
	[{"Text":"Where the green flame is."}],
	[{"Text":"Stair-shaped ceiling in the\nEgg Snake Chamber."}],
	[{"Text":"Follow the rings."}],
	[{"Text":"Room with glowing hieroglyphics."}],
	[{"Text":"On the eight pillars\nnear the Snake Altar. "}],
	[{"Text":"Play volleyball with a mouth???"}],
	[{"Text":"Room with glowing hieroglyphics."}],
	[{"Text":"A flame room near the Snake Altar."}],
	["D",{"Text":"Three snake brothers."}],
	["D",{"Text":"In the middle of three flames."}],
	["D",{"Text":"The U-shaped ledge on a narrow path."}],
	[{"Text":"In the big hand."}],
	[{"Text":"Above the flames."}],
	[{"Text":"The right claw of\nthe Egg Scorpion."}],
	[{"Text":"In the middle of a room."}],
	[{"Text":"A room with no flames."}],
	[{"Text":"Screw Kick from below."}],
	[{"Text":"A place surrounded\nby black and yellow."}],
	[{"Text":"A room with no flames."}],
	[{"Text":"A container in the back of\nthe Egg Fish Chamber."}],
	["D",{"Text":"Glowing hieroglyphics."}],
	["D",{"Text":"Machine's path."}],
	["D",{"Text":"Suspended above a curved path."}],
	[{"Text":"Riding the golden condor."}],
	[{"Text":"Near the ceiling."}],
	[{"Text":"A small room next to\nthe Egg Snake Chamber."}],
	[{"Text":"In the middle of the room."}],
	[{"Text":"A place surrounded by flames."}],
	[{"Text":"Suspended above the Snake Altar."}],
	[{"Text":"Under the scorpion."}],
	[{"Text":"A flattened stone plate."}],
	[{"Text":"Under a stone plate\nnear the Snake Altar."}],
	[{"Text":"A cage you can't open."}],
	[{"Text":"Machine's path."}],
	[{"Text":"Try breaking the cage\nwith something..."}],
	[{"Text":"The tail of the scorpion."}],
	[{"Text":"8 big snakes."}],
	[{"Text":"Rescue the scorpion from the cage!"}],
	[{"Text":"A small room with feathers."}],
	[{"Text":"Bug's path."}],
	[{"Text":"Find the secret in\nthe Egg Snake Chamber."}],
	["D",{"Text":"Yellow head."}],
	["D",{"Text":"Red path."}],
	["D",{"Text":"Inside Eggman's robot."}],
	["D",{"Text":"Red warrior."}],
	["D",{"Text":"A path with four pillars."}],
	["D",{"Text":"Inside Eggman's robot."}],
	["D",{"Text":"Red warrior."}],
	["D",{"Text":"Green path."}],
	["D",{"Text":"Inside Eggman's robot."}],
	["D",{"Text":"Yellow head."}],
	["D",{"Text":"A path with four pillars."}],
	["D",{"Text":"Inside Eggman's robot."}],
	["D",{"Text":"The Foreman???"}],
	["D",{"Text":"Machine's path."}],
	["D",{"Text":"The monkey robot next to\nthe Egg Fish Chamber."}],
	["D",{"Text":"Life sentence..."}],
	["D",{"Text":"Machine's path."}],
	["D",{"Text":"The monkey robot next to\nthe Egg Fish Chamber."}],
	[{"Text":"Fear of heights."}],
	[{"Text":"Snake Altar."}],
	[{"Text":"The monkey robot on the pillar."}],
	[{"Text":""}],
	[{"Text":""}],
	[{"Text":""}],
	[{"Text":""}],
	[{"Text":""}],
	[{"Text":""}],
	[{"Text":""}],
	[{"Text":""}],
	[{"Text":""}],
	[{"Text":""}],
	[{"Text":""}],
	[{"Text":""}],
	[{"Text":""}],
	[{"Text":""}],
	[{"Text":""}],
	[{"Text":""}],
	[{"Text":""}],
	[{"Text":""}],
	[{"Text":""}],
	[{"Text":""}],
	[{"Text":""}],
	[{"Text":""}],
	[{"Text":""}],
	[{"Text":""}],
	[{"Text":""}],
	[{"Text":""}],
	[{"Text":""}],
	[{"Text":""}],
	[{"Text":""}],
	[{"Text":""}],
	[{"Text":""}],
	[{"Text":""}],
	[{"Text":""}],
	[{"Text":""}],
	[{"Text":""}],
	[{"Text":""}],
	[{"Text":""}],
	[{"Text":""}],
	[{"Text":""}],
	[{"Text":""}],
	[{"Text":""}],
	[{"Text":""}],
	[{"Text":""}],
	[{"Text":""}],
	[{"Text":""}],
	[{"Text":""}],
	[{"Text":""}],
	[{"Text":""}],
	[{"Text":""}],
	[{"Text":""}],
	[{"Text":""}],
	[{"Text":""}],
	[{"Text":""}],
	[{"Text":""}],
	[{"Text":""}],
	[{"Text":""}],
	[{"Text":""}],
	[{"Text":""}],
	[{"Text":""}],
	[{"Text":""}],
	[{"Text":""}],
	[{"Text":""}],
	[{"Text":""}],
	[{"Text":""}],
	[{"Text":""}],
	[{"Text":""}],
	[{"Text":""}],
	[{"Text":""}],
	[{"Text":""}],
	[{"Text":""}],
	[{"Text":""}],
	[{"Text":""}],
	[{"Text":""}],
	[{"Text":""}],
	[{"Text":""}],
	[{"Text":""}],
	[{"Text":""}],
	[{"Text":""}],
	[{"Text":""}],
	[{"Text":""}],
	[{"Text":""}],
	[{"Text":""}],
	[{"Text":""}],
	[{"Text":""}],
	[{"Text":""}],
	[{"Text":""}],
	[{"Text":""}],
	[{"Text":""}],
	[{"Text":""}],
	[{"Text":""}],
	[{"Text":""}],
	[{"Text":""}],
	[{"Text":""}],
	[{"Text":""}],
	[{"Text":""}],
	[{"Text":""}],
	[{"Text":""}],
	[{"Text":""}],
	[{"Text":""}],
	[{"Text":""}],
	[{"Text":""}],
	[{"Text":""}]
  ]
}