{
  "language": "English",
  "texts": [
    [{"Text":"Detrás de un árbol caído."}],
    [{"Text":"En lo alto."}],
    [{"Text":"Al lado de las maderas en la\n\"Habitación de la Linterna\"."}],
    [{"Text":"En la valla de calaveras."}],
    [{"Text":"Salón del \"Ascensor \nimpulsado por agua\"."}],
    [{"Text":"En la caja de acero con una plata- \nforma flotante en la pared del salón."}],
    [{"Text":"En la valla de calaveras."}],
    [{"Text":"Salón del \"Ascensor \nimpulsado por agua\"."}],
    [{"Text":"En la caja de acero con una plata- \nforma flotante en la pared del salón."}],
    [{"Text":"Cerca de un fantasma \nque está al revés."}],
    [{"Text":"Camino estrecho."}],
    [{"Text":"Al lado de un carro de la mina \nen el camino estrecho con vías."}],
    [{"Text":"Bajo la calavera triangular."}],
    [{"Text":"Camino estrecho."}],
    [{"Text":"Zona superior del camino estrecho \ncon una plataforma flotante."}],
    [{"Text":"Entrada al abismo."}],
    [{"Text":"Palanca Nº 3."}],
    [{"Text":"Bajo la plataforma flotante \nal final del camino estrecho."}],
    [{"Text":"Zona de descarga \nde los carros de la mina."}],
    [{"Text":"¿Palanca Nº 1 ó Nº 2?"}],
    [{"Text":"Camino estrecho, abajo."}],
    [{"Text":"Una habitación de ladrillos \nque está siempre bajo el agua."}],
    [{"Text":"Palanca Nº 3."}],
    [{"Text":"Un agujero detrás de la señal \n\"CAUTION\" = ¡Fantasmas!"}],
    [{"Text":"Bajo la llama azul."}],
    [{"Text":"Palanca Nº 1."}],
    [{"Text":"Dentro del carro de la mina \nen la habitación más elevada."}],
    [{"Text":"En las vías del carro de la mina roto."}],
    [{"Text":"Palanca Nº 1."}],
    [{"Text":"La habitación más elevada."}],
    [{"Text":"Junto a la palanca de drenaje."}],
    [{"Text":"Palanca Nº 1."}],
    [{"Text":"Junto a la palanca de la habitación\nmás elevada."}],
    [{"Text":"En la viga de acero de calavera."}],
    [{"Text":"Salón del \"Ascensor \nimpulsado por agua\"."}],
    [{"Text":"En el pilar de la calavera que sostiene\nun acantilado cerca del muro."}],
    [{"Text":"Polea de calavera."}],
    [{"Text":"Salón del \"Ascensor \nimpulsado por agua\"."}],
    [{"Text":"En una polea giratoria."}],
    [{"Text":"Ventana de madera sobre un tejado."}],
    [{"Text":"Salón del \"Ascensor \nimpulsado por agua\"."}],
    [{"Text":"En un marco de madera que \nparece una ventana en el muro."}],
    [{"Text":"Detrás de dos cabezas."}],
    [{"Text":"Muy abajo."}],
    [{"Text":"La esquina en el fondo del salón \ndel \"Ascensor impulsado por agua\"."}],
    [{"Text":"En los pies del pilar principal."}],
    [{"Text":"Muy abajo."}],
    [{"Text":"Centro del fondo del salón del\n\"Ascensor impulsado por agua\"."}],
    [{"Text":"Enfrente de la señal Nº 2."}],
    [{"Text":"Salón del \"Ascensor \nimpulsado por agua\"."}],
    [{"Text":"Frente a la señal del nivel del agua en\nel \"Ascensor impulsado por agua\"."}],
    [{"Text":"Polea fantasma."}],
    [{"Text":"Salón del \"Ascensor \nimpulsado por agua\"."}],
    [{"Text":"En la polea del muro del salón\ndel \"Ascensor impulsado por agua\"."}],
    [{"Text":"Ojo derecho de la cara enorme."}],
    [{"Text":"Salón del \"Ascensor \nimpulsado por agua\"."}],
    [{"Text":"Mitad superior del muro de la habi-\ntación de palanca del nivel de agua."}],
    [{"Text":"Pasadizo al \"Ascensor \nimpulsado por agua\"."}],
    [{"Text":"En una plataforma de acero."}],
    [{"Text":"En un acantilado en medio del salón\ndel \"Ascensor impulsado por agua\"."}],
    [{"Text":"Sobre la calavera."}],
    [{"Text":"La \"Habitación Fantasma\"."}],
    [{"Text":"Habitación detrás de la señal de \n\"CAUTION\" = ¡Fantasmas!"}],
    [{"Text":"Bajo el pilar inclinado."}],
    [{"Text":"La \"Habitación Fantasma\"."}],
    [{"Text":"Habitación detrás de la señal de \n\"CAUTION\" = ¡Fantasmas!."}],
    [{"Text":"En la viga de acero fantasma."}],
    [{"Text":"La \"Habitación Fantasma\"."}],
    [{"Text":"Habitación detrás de la señal de \n\"CAUTION\" = ¡Fantasmas!"}],
    [{"Text":"Detrás de dos cabezas."}],
    [{"Text":"La \"Habitación Fantasma\"."}],
    [{"Text":"Una habitación detrás de la señal de \n\"CAUTION\" = ¡Fantasmas!"}],
    [{"Text":"En las vías del carro de la mina."}],
    [{"Text":"Camino estrecho."}],
    [{"Text":"Zona superior del camino estrecho \ndonde hay una plataforma flotante."}],
    [{"Text":"En las vías del carro de la mina."}],
    [{"Text":"Camino estrecho."}],
    [{"Text":"Zona inferior del camino estrecho \ndonde hay una plataforma flotante."}],
    [{"Text":"Calaveras que se miran en una cueva."}],
    [{"Text":"Camino estrecho."}],
    [{"Text":"Zona superior del camino estrecho \ndonde hay una plataforma flotante."}],
    [{"Text":"La esquina de las vías."}],
    [{"Text":"Camino estrecho."}],
    [{"Text":"Zona inferior del camino estrecho \ndonde hay una plataforma flotante."}],
    [{"Text":"Tres ventiladores."}],
    [{"Text":"Salón del \"Ascensor \nimpulsado por agua\"."}],
    [{"Text":"El centro de tres hélices \nen la zona superior del salón."}],
    [{"Text":"En los pies de la valla de calaveras."}],
    [{"Text":"Salón del \"Ascensor \nimpulsado por agua\"."}],
    [{"Text":"Cerca de una caja de acero con una \nplataforma flotante al final del salón."}],
    [{"Text":"Una habitación de ladrillos \nque está siempre bajo el agua."}],
    [{"Text":"Palanca Nº 3."}],
    [{"Text":"Un agujero detrás de la señal de \n\"CAUTION\" = ¡Fantasmas!"}],
    [{"Text":"Muy abajo."}],
    [{"Text":"Bajo el agua."}],
    [{"Text":"Camino muy estrecho."}],
    [{"Text":"Dentro del carro de mina volcado."}],
    [{"Text":"Palanca Nº 1."}],
    [{"Text":""}],
    [{"Text":"Carro de mina roto."}],
    [{"Text":"Palanca Nº 1."}],
    [{"Text":"Dentro del carro de la mina \nen la habitación más elevada."}],
    [{"Text":"Barril de metal donde \nviven los fantasmas."}],
    [{"Text":"Palanca Nº 1."}],
    [{"Text":"Dentro del carro de la mina \nen la habitación más elevada."}],
    [{"Text":"El contenedor junto \na la calavera enorme."}],
    [{"Text":"Palanca Nº 3 del camino estrecho."}],
    [{"Text":"En una caja de madera en el camino\nestrecho con una plataforma flotante."}],
    [{"Text":"El contenedor junto \na la calavera enorme."}],
    [{"Text":"Palanca Nº 3 del camino estrecho."}],
    [{"Text":"En una caja de madera en el camino\nestrecho con una plataforma flotante."}],
    [{"Text":"Una caja de madera \nen la viga de acero."}],
    [{"Text":"La \"Habitación Fantasma\"."}],
    [{"Text":"Una habitación detrás de la señal de \n\"CAUTION\" = ¡Fantasmas!"}],
    [{"Text":"Una caja de madera \nen la viga de acero."}],
    [{"Text":"La \"Habitación Fantasma\"."}],
    [{"Text":"Una habitación detrás de la señal de \n\"CAUTION\" = ¡Fantasmas!"}],
    [{"Text":"Un contenedor en la repisa."}],
    [{"Text":"Salón del \"Ascensor \nimpulsado por agua\"."}],
    [{"Text":"Un contenedor en la polea \nde la zona superior del salón."}],
    [{"Text":"Pareja de calaveras con una corbata\ncerca de un barril de metal."}],
    [{"Text":"Salón del \"Ascensor \nimpulsado por agua\"."}],
    [{"Text":"En los barriles de metal que están \nuno al lado del otro en el salón."}],
    [{"Text":"En un horno."}],
    [{"Text":"Salón del \"Ascensor \nimpulsado por agua\"."}],
    [{"Text":"Golpea la tapa del horno \nen la parte inferior del salón."}],
    [{"Text":"En un horno."}],
    [{"Text":"Salón del \"Ascensor \nimpulsado por agua\"."}],
    [{"Text":"Golpea la tapa del horno \nen la parte inferior del salón."}],
    [{"Text":"En un horno."}],
    [{"Text":"Salón del \"Ascensor \nimpulsado por agua\"."}],
    [{"Text":"Golpea la tapa del horno \nen la parte inferior del salón."}],
    [{"Text":"Barril de metal \nen la zona de equipaje."}],
    [{"Text":"Salón del \"Ascensor \nimpulsado por agua\"."}],
    [{"Text":"En un barril de metal en el salón\ndel \"Ascensor impulsado por agua\"."}],
    [{"Text":"Carro de mina al revés."}],
    [{"Text":"Palanca Nº 2 ó Nº 3 \ndel camino estrecho."}],
    [{"Text":"En un carro de mina en el camino\nestrecho con una plataforma flotante."}],
    [{"Text":"Entrada a la zona de descarga \ndel carro de la mina."}],
    [{"Text":"Palanca Nº 3 del camino estrecho."}],
    [{"Text":"En un barril de metal en el camino\nestrecho con una plataforma flotante."}],
    [{"Text":"En los tres barriles de metal."}],
    [{"Text":"La \"Habitación Fantasma\"."}],
    [{"Text":"Una habitación detrás de la señal de \n\"CAUTION\" = ¡Fantasmas!"}],
    [{"Text":"Lugar donde la cuarta persona \ndel grupo está enterrada."}],
    [{"Text":"Una habitación detrás de la señal de \n\"CAUTION\" = ¡Fantasmas!"}],
    [{"Text":"¿Cómo haces un cuadrado con \ncalaveras que forman un triángulo?"}],
    [{"Text":"Enfrente de una puerta misteriosa."}],
    [{"Text":"En lo alto."}],
    [{"Text":"Intenta excavar enfrente de  \nla \"Habitación de la Linterna\""}],
    [{"Text":"Enfrente de una puerta misteriosa."}],
    [{"Text":"En lo alto."}],
    [{"Text":"Intenta excavar enfrente de la \n\"Habitación de la Linterna\""}],
    [{"Text":"Detrás de un árbol cuadrado."}],
    [{"Text":"En lo alto."}],
    [{"Text":"Intenta excavar por las maderas\nde la \"Habitación de la Linterna\"."}],
    [{"Text":""}],
    [{"Text":""}],
    [{"Text":"Intenta excavar por maderas\nde la \"Habitación de la Linterna\"."}],
    [{"Text":"Enfrente de la mini-calavera \nque se está bañando."}],
    [{"Text":"Una habitación detrás de la señal de\n\"CAUTION\" = ¡Fantasmas!"}],
    [{"Text":"Excava enfrente de la primera\ncalavera que viste en la habitación."}],
    [{"Text":"Bajo el suelo plano."}],
    [{"Text":"Una habitación detrás de la señal de\n\"CAUTION\" = ¡Fantasmas!"}],
    [{"Text":"Intenta excavar bajo el peso \nque se mueve."}],
    [{"Text":"Bajo el suelo plano."}],
    [{"Text":"Una habitación detrás de la señal de\n\"CAUTION\"  = ¡Fantasmas!"}],
    [{"Text":"Intenta excavar bajo el peso \nque se mueve."}],
    [{"Text":"Sitio peligroso."}],
    [{"Text":"Una habitación detrás de la señal de\n\"CAUTION\" = ¡Fantasmas!"}],
    [{"Text":"Intenta excavar bajo el peso \nque se mueve."}],
    [{"Text":"Al lado de una calavera \nque parece fuera de lugar."}],
    [{"Text":"Una habitación detrás de la señal de\n\"CAUTION\" = ¡Fantasmas!"}],
    [{"Text":"Excava a la izquierda de la cuarta\ncalavera empezando por arriba."}],
    [{"Text":"Sobre la línea vertical de calaveras."}],
    [{"Text":"Una habitación detrás de la señal de\n\"CAUTION\" = ¡Fantasmas!"}],
    [{"Text":"Intenta excavar sobre la calavera\nde arriba."}],
    [{"Text":"¡Excava bajo la calavera triangular!"}],
    [{"Text":"Camino estrecho."}],
    [{"Text":"Zona superior del camino estrecho\ndonde hay una plataforma flotante."}],
    [{"Text":"¿Cómo haces una \"X\" \ncon calaveras?"}],
    [{"Text":"Salón del \"Ascensor \nimpulsado por agua\"."}],
    [{"Text":"Intenta excavar \nentre cuatro calaveras."}],
    [{"Text":"La calavera que mira \na otro lado."}],
    [{"Text":"Salón del \"Ascensor \nimpulsado por agua\"."}],
    [{"Text":"Excava enfrente de la calavera\nque, de cuatro, mira a otro lado."}],
    [{"Text":"Excava en la inclinación."}],
    [{"Text":"Palanca Nº 3 del camino estrecho."}],
    [{"Text":"Zona superior del camino estrecho\ndonde hay una plataforma flotante."}],
    [{"Text":"¡Excava donde acaba la inclinación!"}],
    [{"Text":"Palanca Nº 3 del camino estrecho."}],
    [{"Text":"Zona superior del camino estrecho\ndonde hay una plataforma flotante."}],
    [{"Text":"Sobre un par de calaveras \ncon corbata."}],
    [{"Text":"La habitación más grande."}],
    [{"Text":"Intenta excavar en el marco de\nmadera que parece una ventana."}],
    [{"Text":"Flores rojas para una pareja\nde calaveras."}],
    [{"Text":"Salón del \"Ascensor \nimpulsado por agua\"."}],
    [{"Text":"Está enterrado bajo \nel resorte del muro."}],
    [{"Text":"Flores rojas para una pareja\nde calaveras."}],
    [{"Text":"Salón del \"Ascensor \nimpulsado por agua\"."}],
    [{"Text":"Está enterrado bajo \nel resorte del muro."}],
    [{"Text":"Calaveras parlantes \ncerca de la ventana."}],
    [{"Text":"La habitación más grande."}],
    [{"Text":"Intenta excavar en el marco de\nmadera que parece una ventana."}],
    [{"Text":"Ventana fantasma."}],
    [{"Text":"La habitación más grande."}],
    [{"Text":"Intenta excavar en la ventana \nde madera del tejado."}],
    [{"Text":"Ventana de la cárcel."}],
    [{"Text":"Salón del \"Ascensor \nimpulsado por agua\"."}],
    [{"Text":"Excava en el marco de madera\nque parece una ventana con una valla."}],
    [{"Text":"Ojo izquierdo de la gran cara."}],
    [{"Text":"La habitación más grande."}],
    [{"Text":"Intenta excavar en el anillo \nde la habitación con dos palancas."}],
    [{"Text":"Enfrente de una familia \nde calaveras."}],
    [{"Text":"Salón del \"Ascensor \nimpulsado por agua\"."}],
    [{"Text":"Excava enfrente de la calavera con \nuna mini-calavera en el salón."}],
    [{"Text":"Ventana sellada."}],
    [{"Text":"La habitación más grande."}],
    [{"Text":"Excava en un marco de madera que \nparece ventana de barras inclinadas"}],
    [{"Text":"En la calavera triangular."}],
    [{"Text":"Palanca Nº 2 ó Nº 3 del \ncamino estrecho."}],
    [{"Text":"Zona superior del camino estrecho\ndonde hay una plataforma flotante."}],
    [{"Text":"Entre las calaveras que están \nuna enfrente de la otra."}],
    [{"Text":"Palanca Nº 2 ó Nº 3\ndel camino estrecho."}],
    [{"Text":"Zona superior del camino estrecho\ndonde hay una plataforma flotante."}],
    [{"Text":"Cerca de la llama azul."}],
    [{"Text":"En lo alto."}],
    [{"Text":"Intenta excavar \nbajo la linterna azul."}],
    [{"Text":"Cerca de la llama azul."}],
    [{"Text":"En lo alto."}],
    [{"Text":"Intenta excavar \nbajo la linterna azul."}],
    [{"Text":"¿Palanca Nº 1.5?"}],
    [{"Text":"Camino estrecho."}],
    [{"Text":"Intenta excavar \nentre dos palancas."}],
    [{"Text":"Tres calaveras discutiendo."}],
    [{"Text":"Una habitación detrás de la señal de\n\"CAUTION\"  = ¡Fantasmas!"}],
    [{"Text":"¿Excavar en la zona donde las\ntres calaveras miran hacia...?"}],
    [{"Text":"Bajo la línea vertical \nde calaveras."}],
    [{"Text":"Una habitación detrás de la señal de\n\"CAUTION\" = ¡Fantasmas!"}],
    [{"Text":"Intenta excavar bajo las calaveras \nalineadas cerca del muro."}],
    [{"Text":""}],
    [{"Text":""}],
    [{"Text":""}],
    [{"Text":""}],
    [{"Text":""}],
    [{"Text":""}],
    [{"Text":""}],
    [{"Text":""}],
    [{"Text":""}],
    [{"Text":""}],
    [{"Text":""}],
    [{"Text":""}],
    [{"Text":""}],
    [{"Text":""}],
    [{"Text":""}],
    [{"Text":""}],
    [{"Text":""}],
    [{"Text":""}],
    [{"Text":""}],
    [{"Text":""}],
    [{"Text":""}],
    [{"Text":""}],
    [{"Text":""}],
    [{"Text":""}],
    [{"Text":"Pilar principal."}],
    [{"Text":"Salón del \"Ascensor \nimpulsado por agua\"."}],
    [{"Text":"Rodea el pilar del centro \nde la habitación."}],
    [{"Text":"Se está moviendo y está \nrodeado de luces azules."}],
    [{"Text":"En lo alto."}],
    [{"Text":"La \"Habitación de la Linterna\""}],
    [{"Text":"Muévete hacia delante y \nhacia atrás sobre las vías."}],
    [{"Text":"La habitación más grande."}],
    [{"Text":"En las vías del medio del salón \ndel \"Ascensor impulsado por agua\"."}],
    [{"Text":"Camino Fantasma."}],
    [{"Text":"Lugar pequeño."}],
    [{"Text":"Ten cuidado si traspasas la señal de \n\"CAUTION\" = ¡Fantasmas!"}],
    [{"Text":"Flores rojas para \nuna pareja de calaveras."}],
    [{"Text":"Salón del \"Ascensor \nimpulsado por agua\"."}],
    [{"Text":"Muévete en círculos, \nrodeando el resorte del muro."}],
    [{"Text":"Camino al abismo."}],
    [{"Text":"En el camino estrecho,\npalanca Nº 1."}],
    [{"Text":"Ve de arriba y abajo \npor debajo de la plataforma flotante."}],
    [{"Text":"Habitación de ladrillos \nbajo el agua."}],
    [{"Text":"Muy abajo."}],
    [{"Text":"Camino bajo el agua tras la señal de\n\"CAUTION\" = ¡Fantasmas!"}],
    [{"Text":"Flotando con fantasmas."}],
    [{"Text":"Bajo un montón de pilares."}],
    [{"Text":"Una habitación detrás de la señal de \n\"CAUTION\" = ¡Fantasmas!"}],
    [{"Text":"Tres ventiladores."}],
    [{"Text":"Salón del \"Ascensor \nimpulsado por agua\"."}],
    [{"Text":"Enfrente de tres hélices \nen la zona superior del salón."}],
    [{"Text":"Tres ventiladores."}],
    [{"Text":"Salón del \"Ascensor \nimpulsado por agua\"."}],
    [{"Text":"Enfrente de tres hélices \nen la zona superior del salón."}],
    [{"Text":"Cerca del muro."}],
    [{"Text":"¿Sientes la brisa?"}],
    [{"Text":"Enfrente del ventilador \ndel medio."}],
    [{"Text":"Techo abollado."}],
    [{"Text":"Camino estrecho, \nentra por la parte superior."}],
    [{"Text":"Pulsa la palanca Nº 2 y salta a la\nplataforma flotante. ¡Gancho en espiral!"}],
    [{"Text":"Techo abollado."}],
    [{"Text":"Camino estrecho, \nentra por abajo."}],
    [{"Text":"Pulsa la palanca Nº 2 y salta a la\nplataforma flotante. ¡Gancho en espiral!"}],
    [{"Text":"Habitación de ladrillos \ncon forma de escalera."}],
    [{"Text":"Muy abajo."}],
    [{"Text":"Camino bajo el agua tras la señal de\n\"CAUTION\" = ¡Fantasmas!"}],
    [{"Text":"Habitación de ladrillos \ncon forma de escalera."}],
    [{"Text":"Muy abajo."}],
    [{"Text":"Camino bajo el agua tras la señal de\n\"CAUTION\" =  ¡Fantasmas!"}],
    [{"Text":"¡Persigue a la calavera!"}],
    [{"Text":"La \"Habitación Fantasma\"."}],
    [{"Text":"Una habitación detrás de la señal de \n\"CAUTION\" = ¡Fantasmas!"}],
    [{"Text":"Camino calavera sin salida."}],
    [{"Text":"Detrás de la puerta misteriosa."}],
    [{"Text":"Abre la puerta con esa melodía."}],
    [{"Text":"El final profundo del túnel fantasma."}],
    [{"Text":"Palanca Nº 1."}],
    [{"Text":"El fondo del agujero hacia el abismo."}],
    [{"Text":"Casi tocando el techo."}],
    [{"Text":"Salón del \"Ascensor \nimpulsado por agua\"."}],
    [{"Text":"Ponlos en la polea."}],
    [{"Text":"Altura del agua en nivel 2."}],
    [{"Text":"Una habitación llena \nde calaveras y fantasmas."}],
    [{"Text":"¡Te esperan los fantasmas!"}],
    [{"Text":"Altura del agua en nivel 2."}],
    [{"Text":"Una habitación llena de\ncalaveras y fantasmas."}],
    [{"Text":"¡Te esperan los fantasmas!"}],
    [{"Text":"Guardián de la palanca."}],
    [{"Text":"En lo alto."}],
    [{"Text":"Máquina GUN cerca de la palanca \nde la \"Habitación de la Linterna\"."}],
    [{"Text":"¿Algo que no sea \nun carro de la mina?"}],
    [{"Text":"Camino estrecho."}],
    [{"Text":"Coche de GUN con pinchos."}],
    [{"Text":"¿Algo que no sea \nun carro de la mina?"}],
    [{"Text":"Camino estrecho."}],
    [{"Text":"Coche de GUN con pinchos."}],
    [{"Text":""}],
    [{"Text":""}],
    [{"Text":""}],
    [{"Text":""}],
    [{"Text":""}],
    [{"Text":""}],
    [{"Text":""}],
    [{"Text":""}],
    [{"Text":""}],
    [{"Text":""}],
    [{"Text":""}],
    [{"Text":""}],
    [{"Text":""}],
    [{"Text":""}],
    [{"Text":""}],
    [{"Text":""}],
    [{"Text":""}],
    [{"Text":""}],
    [{"Text":""}],
    [{"Text":""}],
    [{"Text":""}],
    [{"Text":""}],
    [{"Text":""}],
    [{"Text":""}],
    [{"Text":""}],
    [{"Text":""}],
    [{"Text":""}],
    [{"Text":""}],
    [{"Text":""}],
    [{"Text":""}],
    [{"Text":""}],
    [{"Text":""}],
    [{"Text":""}],
    [{"Text":""}],
    [{"Text":""}],
    [{"Text":""}],
    [{"Text":""}],
    [{"Text":""}],
    [{"Text":""}],
    [{"Text":""}],
    [{"Text":""}],
    [{"Text":""}],
    [{"Text":""}],
    [{"Text":""}],
    [{"Text":""}],
    [{"Text":""}],
    [{"Text":""}],
    [{"Text":""}],
    [{"Text":""}],
    [{"Text":""}],
    [{"Text":""}],
    [{"Text":""}],
    [{"Text":""}],
    [{"Text":""}],
    [{"Text":""}],
    [{"Text":""}],
    [{"Text":""}],
    [{"Text":""}],
    [{"Text":""}],
    [{"Text":""}],
    [{"Text":""}],
    [{"Text":""}],
    [{"Text":""}],
    [{"Text":""}],
    [{"Text":""}],
    [{"Text":""}],
    [{"Text":""}],
    [{"Text":""}],
    [{"Text":""}],
    [{"Text":""}],
    [{"Text":""}],
    [{"Text":""}],
    [{"Text":""}],
    [{"Text":""}],
    [{"Text":""}],
    [{"Text":""}],
    [{"Text":""}],
    [{"Text":""}],
    [{"Text":""}],
    [{"Text":""}],
    [{"Text":""}],
    [{"Text":""}],
    [{"Text":""}],
    [{"Text":""}],
    [{"Text":""}],
    [{"Text":""}],
    [{"Text":""}],
    [{"Text":""}],
    [{"Text":""}],
    [{"Text":""}],
    [{"Text":""}],
    [{"Text":""}],
    [{"Text":""}],
    [{"Text":""}],
    [{"Text":""}],
    [{"Text":""}],
    [{"Text":""}],
    [{"Text":""}],
    [{"Text":""}],
    [{"Text":""}],
    [{"Text":""}],
    [{"Text":""}],
    [{"Text":""}],
    [{"Text":""}],
    [{"Text":""}],
    [{"Text":""}],
    [{"Text":""}],
    [{"Text":""}]
  ]
}