{
  "language": "English",
  "texts": [
	[{"Text":"Protect \"Blue.\""}],
	[{"Text":"A dark room."}],
	[{"Text":"Between the boxes."}],
	[{"Text":"Air conditioner of the Security Hall."}],
	[{"Text":"A dark room."}],
	[{"Text":"On the RED switch."}],
	["D",{"Text":"A place which is protected by lasers."}],
	["D",{"Text":"\"A\" block."}],
	["D",{"Text":"Between the boxes."}],
	["D",{"Text":"Hiding up there..."}],
	["D",{"Text":"\"A\" block."}],
	["D",{"Text":"On the square air duct."}],
	["D",{"Text":"Hiding up there..."}],
	["D",{"Text":"\"B\" block."}],
	["D",{"Text":"On the square air duct."}],
	["D",{"Text":"It's a floor and also a ceiling."}],
	["D",{"Text":"YELLOW floor."}],
	["D",{"Text":"Between \"B\" block and \"C\" block."}],
	["D",{"Text":"Hiding up there..."}],
	["D",{"Text":"\"C \"block."}],
	["D",{"Text":"Near the ceiling."}],
	["D",{"Text":"A three-foot gap."}],
	["D",{"Text":"\"C\" block."}],
	["D",{"Text":"On the air duct on\nthe YELLOW floor."}],
	["D",{"Text":"A place which is protected by spikes."}],
	["D",{"Text":"Dead end."}],
	["D",{"Text":"At the end of \"A\" block."}],
	["D",{"Text":"Useless safe."}],
	["D",{"Text":"YELLOW floor."}],
	["D",{"Text":"\"A\" block."}],
	["D",{"Text":"Useless safe."}],
	["D",{"Text":"BLUE floor."}],
	["D",{"Text":"\"A\" block."}],
	["D",{"Text":"Two containers facing each other."}],
	["D",{"Text":"\"A\" block."}],
	["D",{"Text":"On the square air duct."}],
	["D",{"Text":"Two-colored container."}],
	["D",{"Text":"\"A\" block."}],
	["D",{"Text":"On a large box."}],
	["D",{"Text":"A place which is protected by lasers."}],
	["D",{"Text":"BLUE floor."}],
	["D",{"Text":"At the end of \"A\" block."}],
	["D",{"Text":"Two containers facing each other."}],
	["D",{"Text":"\"A\" block. "}],
	["D",{"Text":"On the fence."}],
	["D",{"Text":"Hiding up there..."}],
	["D",{"Text":"\"A\" block."}],
	["D",{"Text":"Below the square air duct."}],
	["D",{"Text":"Useless safe."}],
	["D",{"Text":"YELLOW floor."}],
	["D",{"Text":"\"B\" block."}],
	["D",{"Text":"Useless safe."}],
	["D",{"Text":"BLUE floor."}],
	["D",{"Text":"\"B\" block."}],
	[{"Text":"Riding on the ____?"}],
	[{"Text":"YELLOW floor."}],
	[{"Text":"\"B\" block."}],
	[{"Text":"Riding on the ____?"}],
	[{"Text":"Near the ceiling."}],
	[{"Text":"Between \"A\" block and \"B\" block."}],
	["D",{"Text":"Under the unbreakable container."}],
	["D",{"Text":"\"B\" block."}],
	["D",{"Text":"Under the square air duct."}],
	["D",{"Text":"Black and yellow stripes."}],
	["D",{"Text":"By the wall."}],
	["D",{"Text":"In the corner of \"A\" block\nand \"B\" block."}],
	[{"Text":"You can see it from the bottom,\nbut can't get to it from the bottom."}],
	[{"Text":"The place you often go by."}],
	[{"Text":"Passageway to the upper room."}],
	["D",{"Text":"Two-colored container."}],
	["D",{"Text":"\"B\" block."}],
	["D",{"Text":"A small room with a rocket."}],
	["D",{"Text":"Useless safe."}],
	["D",{"Text":"BLUE floor."}],
	["D",{"Text":"\"C\" block."}],
	["D",{"Text":"Useless safe."}],
	["D",{"Text":"YELLOW floor."}],
	["D",{"Text":"\"C\" block."}],
	["D",{"Text":"A place where you\nuse the most electricity. "}],
	["D",{"Text":"Dead end."}],
	["D",{"Text":"At the end of \"C\" block."}],
	["D",{"Text":"Two containers facing each other."}],
	["D",{"Text":"\"C\" block."}],
	["D",{"Text":"On the square air duct."}],
	["D",{"Text":"Three cylinders."}],
	["D",{"Text":"Down below."}],
	["D",{"Text":"\"C\" block."}],
	["D",{"Text":"Two-colored container."}],
	["D",{"Text":"\"C\" block."}],
	["D",{"Text":"On a large box."}],
	["D",{"Text":"Black and yellow stripes."}],
	["D",{"Text":"By the wall."}],
	["D",{"Text":"In the corner of \"B\" block\nand \"C\" block."}],
	["D",{"Text":"Two containers facing each other."}],
	["D",{"Text":"\"C\" block."}],
	["D",{"Text":"On the fence."}],
	[{"Text":"If you kick it, it will get\nvery mad and turn red."}],
	[{"Text":"A dark room."}],
	[{"Text":"A tank near the BLUE switch."}],
	[{"Text":"Two-colored container."}],
	[{"Text":"On the fence."}],
	[{"Text":"Switch room."}],
	["D",{"Text":"Two-colored container."}],
	["D",{"Text":"Near the letter box."}],
	["D",{"Text":"In the container."}],
	["D",{"Text":"Air conditioner of the Security Hall."}],
	["D",{"Text":"\"A\" block."}],
	["D",{"Text":"In the tank."}],
	["D",{"Text":"Two ____ looking down below..."}],
	["D",{"Text":"\"B\" block."}],
	["D",{"Text":"In the tank."}],
	["D",{"Text":"A place which is protected by lasers."}],
	["D",{"Text":"Under the dim light."}],
	["D",{"Text":"Small room with a rocket."}],
	["D",{"Text":"If you kick it, it will get\nvery mad and turn red."}],
	["D",{"Text":"Dead end."}],
	["D",{"Text":"A tank in \"C\" block."}],
	["D",{"Text":"A place which is protected by lasers."}],
	["D",{"Text":"BLUE floor."}],
	["D",{"Text":"In the tank."}],
	[{"Text":"In the tank."}],
	[{"Text":"A dark room."}],
	[{"Text":"Entrance to the RED switch."}],
	[{"Text":"Two-colored container."}],
	[{"Text":"A dark room."}],
	[{"Text":"Entrance to the switch room."}],
	["D",{"Text":"Two-colored container."}],
	["D",{"Text":"\"A\" block."}],
	["D",{"Text":"In the container."}],
	["D",{"Text":"Two containers facing each other."}],
	["D",{"Text":"\"A\" block."}],
	["D",{"Text":"In the container."}],
	["D",{"Text":"Two-colored container."}],
	["D",{"Text":"\"B\" block."}],
	["D",{"Text":"On the square air duct."}],
	[{"Text":"Two-colored container."}],
	[{"Text":"\"B\" block."}],
	[{"Text":"On the fence."}],
	["D",{"Text":"Air conditioner of the Security Hall."}],
	["D",{"Text":"\"C\" block."}],
	["D",{"Text":"In the container."}],
	["D",{"Text":"The letter \"L\"."}],
	["D",{"Text":"\"C\" block."}],
	["D",{"Text":"In the container."}],
	[{"Text":"Piled up containers."}],
	[{"Text":"A high place."}],
	[{"Text":"In the sky above the switch room."}],
	[{"Text":"It's a floor and also a ceiling."}],
	[{"Text":"A high place."}],
	[{"Text":"In the sky above the switch room."}],
	[{"Text":"The letter \"L\"."}],
	[{"Text":"Two-colored container."}],
	[{"Text":"In the sky above \"A\" block."}],
	[{"Text":"The next one is empty."}],
	[{"Text":"A place which is protected by lasers."}],
	[{"Text":"YELLOW \"A\"."}],
	[{"Text":"Three cylinders."}],
	[{"Text":"Watch out for the red laser."}],
	[{"Text":"YELLOW \"A\"."}],
	[{"Text":"A place which is protected by lasers."}],
	[{"Text":"Four safes."}],
	[{"Text":"YELLOW \"A\"."}],
	[{"Text":"You can see it, but you can't get it."}],
	[{"Text":"\"B\" block."}],
	[{"Text":"A safe in a cage."}],
	[{"Text":"Six safes."}],
	[{"Text":"Obstacle ahead."}],
	[{"Text":"YELLOW \"B\"."}],
	[{"Text":"Piled up containers."}],
	[{"Text":"A high place."}],
	[{"Text":"In the sky above \"B\" block."}],
	[{"Text":"With a cardboard box."}],
	[{"Text":"Dancing money."}],
	[{"Text":"A safe in \"B\" block."}],
	[{"Text":"You can see it, but you can't get it."}],
	[{"Text":"A high place."}],
	[{"Text":"In the sky above \"C\" block."}],
	[{"Text":"A place which is protected by lasers."}],
	[{"Text":"Four safes."}],
	[{"Text":"BLUE \"C\"."}],
	[{"Text":"Three cylinders."}],
	[{"Text":"Watch out for the red laser."}],
	[{"Text":"BLUE \"C\"."}],
	[{"Text":"Invisible rings mark the spot."}],
	[{"Text":"Under the cardboard box."}],
	[{"Text":"A safe in \"C\" block."}],
	[{"Text":"Useless _____."}],
	[{"Text":"Watch out for the red laser."}],
	[{"Text":"The floor in the middle\nof the switch room."}],
	[{"Text":"Air conditioner of the Security Hall."}],
	[{"Text":"Under the laser."}],
	[{"Text":"Switch room."}],
	[{"Text":"The letter \"L\"."}],
	[{"Text":"RED floor."}],
	[{"Text":"A safe in \"A\" block."}],
	[{"Text":"The one below is empty."}],
	[{"Text":"RED floor."}],
	[{"Text":"A safe in \"A\" block."}],
	[{"Text":"The one above is empty."}],
	[{"Text":"RED floor."}],
	[{"Text":"A safe in \"A\" block."}],
	[{"Text":"Next to the cardboard boxes."}],
	[{"Text":"YELLOW floor."}],
	[{"Text":"A safe in \"A\" block."}],
	[{"Text":"In a cold box."}],
	[{"Text":"BLUE floor."}],
	[{"Text":"A safe in \"A\" block."}],
	[{"Text":"Near the letter box."}],
	[{"Text":"BLUE floor."}],
	[{"Text":"A safe in \"B\" block."}],
	[{"Text":"Lonely door."}],
	[{"Text":"BLUE floor."}],
	[{"Text":"A safe in \"B\" block."}],
	[{"Text":"Lonely door."}],
	[{"Text":"YELLOW floor."}],
	[{"Text":"A safe in \"B\" block."}],
	[{"Text":"The letter \"L\"."}],
	[{"Text":"RED floor."}],
	[{"Text":"A safe in \"B\" block."}],
	[{"Text":"Lonely door."}],
	[{"Text":"RED floor."}],
	[{"Text":"A safe in \"B\" block."}],
	[{"Text":"Under the square air duct."}],
	[{"Text":"YELLOW floor."}],
	[{"Text":"A safe in \"B\" block."}],
	[{"Text":"The letter \"L\"."}],
	[{"Text":"RED floor."}],
	[{"Text":"A safe in \"C\" block."}],
	[{"Text":"Next to a cardboard box."}],
	[{"Text":"RED floor."}],
	[{"Text":"A safe in \"C\" block."}],
	[{"Text":"Under the square air duct."}],
	[{"Text":"YELLOW floor."}],
	[{"Text":"A safe in \"C\" block."}],
	[{"Text":"The one below is empty."}],
	[{"Text":"BLUE floor."}],
	[{"Text":"A safe in \"C\" block."}],
	[{"Text":"The letter \"L\"."}],
	[{"Text":"BLUE floor."}],
	[{"Text":"A safe in \"C\" block."}],
	[{"Text":""}],
	[{"Text":""}],
	[{"Text":""}],
	[{"Text":""}],
	[{"Text":""}],
	[{"Text":""}],
	[{"Text":""}],
	[{"Text":""}],
	[{"Text":""}],
	[{"Text":""}],
	[{"Text":""}],
	[{"Text":""}],
	[{"Text":""}],
	[{"Text":""}],
	[{"Text":""}],
	[{"Text":""}],
	[{"Text":""}],
	[{"Text":""}],
	[{"Text":""}],
	[{"Text":""}],
	[{"Text":""}],
	[{"Text":""}],
	[{"Text":""}],
	[{"Text":""}],
	[{"Text":"Invincible guard."}],
	[{"Text":"Dancing wind."}],
	[{"Text":"Switch room."}],
	[{"Text":"A place which is protected by lasers."}],
	[{"Text":"Very carefully..."}],
	[{"Text":"The floor in the middle\nof the switch room."}],
	[{"Text":"Red \"X\"."}],
	[{"Text":"Four bodyguards."}],
	[{"Text":"Switch room."}],
	[{"Text":"Shows up once in a while."}],
	[{"Text":"A dark room."}],
	[{"Text":"The box for the scrapped\nweapons in the switch room."}],
	["D",{"Text":"With a lot of money."}],
	["D",{"Text":"Air conditioner of the Security Hall."}],
	["D",{"Text":"\"A\" block."}],
	["D",{"Text":"Yellow rectangle."}],
	["D",{"Text":"A container in the middle."}],
	["D",{"Text":"Near the ceiling in \"B\" block."}],
	[{"Text":"Tilted laser."}],
	[{"Text":"Block the intruder from the air."}],
	[{"Text":"BLUE \"C\"."}],
	["D",{"Text":"The letter \"L\"."}],
	["D",{"Text":"Sometimes in \"A\" block,\nsometimes in \"B\" block."}],
	["D",{"Text":"Near the ceiling in\n\"A\" block and \"B\" block."}],
	[{"Text":"A place which is protected by lasers."}],
	[{"Text":"Very carefully..."}],
	[{"Text":"The floor in the middle\nof the switch room."}],
	[{"Text":"A shady place."}],
	[{"Text":"Very carefully..."}],
	[{"Text":"The floor in the middle\nof the switch room."}],
	["D",{"Text":"In the air."}],
	["D",{"Text":"Air conditioner of the Security Hall."}],
	["D",{"Text":"\"A\" block."}],
	[{"Text":"A place which is protected by lasers."}],
	[{"Text":"A cardboard box above."}],
	[{"Text":"BLUE \"A\"."}],
	[{"Text":"Next to the cardboard box."}],
	[{"Text":"Obstacle ahead."}],
	[{"Text":"A safe in \"B\" block."}],
	[{"Text":"The next one is empty."}],
	[{"Text":"Obstacle ahead."}],
	[{"Text":"A safe in \"B\" block."}],
	["D",{"Text":"In the air."}],
	["D",{"Text":"Air conditioner of the Security Hall."}],
	["D",{"Text":"\"C\" block."}],
	[{"Text":"The next one is empty."}],
	[{"Text":"Watch out for the red laser."}],
	[{"Text":"BLUE \"C\"."}],
	[{"Text":"Dancing wind."}],
	[{"Text":"\"C\" block."}],
	[{"Text":"Drive into the wind!"}],
	[{"Text":"A place which is protected by lasers."}],
	[{"Text":"Protect \"Yellow\"."}],
	[{"Text":"Screw Kick the middle\nof the four tiles."}],
	[{"Text":"No one can open that safe!"}],
	[{"Text":"\"B\" block."}],
	[{"Text":"There should be a way\nto disarm the trap..."}],
	["D",{"Text":"Everyone has seen it\nat least once before..."}],
	["D",{"Text":"Down below."}],
	["D",{"Text":"In the spiked car."}],
	["D",{"Text":"Lonely at work."}],
	["D",{"Text":"Dead end."}],
	["D",{"Text":"In the GUN's robot."}],
	["D",{"Text":"A place where you use\nthe most electricity."}],
	["D",{"Text":"\"C\" block."}],
	["D",{"Text":"In the GUN's robot."}],
	["D",{"Text":"A place where you use\nthe most electricity."}],
	["D",{"Text":"\"C\" block."}],
	["D",{"Text":"In the GUN's robot."}],
	["D",{"Text":"Air conditioner of the Security Hall."}],
	["D",{"Text":"Dancing money."}],
	["D",{"Text":"In the spiked car."}],
	["D",{"Text":"Air conditioner of the Security Hall."}],
	["D",{"Text":"Dancing money."}],
	["D",{"Text":"In the spiked car."}],
	["D",{"Text":"Lost child."}],
	["D",{"Text":"Dead end."}],
	["D",{"Text":"In the spiked car."}],
	[{"Text":"Protect \"Blue\"."}],
	[{"Text":"A dark room."}],
	[{"Text":"In the spiked car."}],
	[{"Text":"Protect \"Blue\"."}],
	[{"Text":"A dark room."}],
	[{"Text":"In the GUN's robot."}],
	[{"Text":"On a big box."}],
	[{"Text":"A dark room."}],
	[{"Text":"In the GUN's robot."}],
	[{"Text":"On a big box."}],
	[{"Text":"A dark room."}],
	[{"Text":"In the GUN's robot."}],
	[{"Text":"Taking a nap..."}],
	[{"Text":"A dark room."}],
	[{"Text":"In the GUN's robot."}],
	[{"Text":"Air conditioner of the Security Hall."}],
	[{"Text":"A dark room."}],
	[{"Text":"In the spiked car."}],
	[{"Text":"Air conditioner of the Security Hall."}],
	[{"Text":"A dark room."}],
	[{"Text":"In the GUN's robot."}],
	[{"Text":""}],
	[{"Text":""}],
	[{"Text":""}],
	[{"Text":""}],
	[{"Text":""}],
	[{"Text":""}],
	[{"Text":""}],
	[{"Text":""}],
	[{"Text":""}],
	[{"Text":""}],
	[{"Text":""}],
	[{"Text":""}],
	[{"Text":""}],
	[{"Text":""}],
	[{"Text":""}],
	[{"Text":""}],
	[{"Text":""}],
	[{"Text":""}],
	[{"Text":""}],
	[{"Text":""}],
	[{"Text":""}],
	[{"Text":""}],
	[{"Text":""}],
	[{"Text":""}],
	[{"Text":""}],
	[{"Text":""}],
	[{"Text":""}],
	[{"Text":""}],
	[{"Text":""}],
	[{"Text":""}],
	[{"Text":""}],
	[{"Text":""}],
	[{"Text":""}],
	[{"Text":""}],
	[{"Text":""}],
	[{"Text":""}],
	[{"Text":""}],
	[{"Text":""}],
	[{"Text":""}],
	[{"Text":""}],
	[{"Text":""}],
	[{"Text":""}],
	[{"Text":""}],
	[{"Text":""}],
	[{"Text":""}],
	[{"Text":""}],
	[{"Text":""}],
	[{"Text":""}],
	[{"Text":""}],
	[{"Text":""}],
	[{"Text":""}],
	[{"Text":""}],
	[{"Text":""}],
	[{"Text":""}],
	[{"Text":""}],
	[{"Text":""}],
	[{"Text":""}],
	[{"Text":""}],
	[{"Text":""}],
	[{"Text":""}],
	[{"Text":""}],
	[{"Text":""}],
	[{"Text":""}],
	[{"Text":""}],
	[{"Text":""}],
	[{"Text":""}],
	[{"Text":""}],
	[{"Text":""}],
	[{"Text":""}],
	[{"Text":""}],
	[{"Text":""}],
	[{"Text":""}],
	[{"Text":""}],
	[{"Text":""}],
	[{"Text":""}],
	[{"Text":""}],
	[{"Text":""}],
	[{"Text":""}],
	[{"Text":""}],
	[{"Text":""}],
	[{"Text":""}]
  ]
}