{
  "language": "English",
  "texts": [
    ["D",{"Text":"Der Nacken "}],
    ["D",{"Text":"Schatten der neun Flammen"}],
    ["D",{"Text":"Hinter der Löwenstatue \nim roten Raum"}],
    ["D",{"Text":"Geröstete Schlüssel..."}],
    ["D",{"Text":"Über der großen Flamme"}],
    ["D",{"Text":"Roter Raum"}],
    ["D",{"Text":"Ecklicht"}],
    ["D",{"Text":"Eingang auf der rechten \nund linken Seite"}],
    ["D",{"Text":"In der Ecke eines Pfads \nzum roten Raum"}],
    ["D",{"Text":"Der Schatz, den du \nnicht öffnen kannst"}],
    ["D",{"Text":"Hier kommt das Licht niemals hin"}],
    ["D",{"Text":"Kleine Unterwasserkammer \nim blauen Raum"}],
    [{"Text":"Versteck des Gorillas"}],
    [{"Text":"Nahe der Decke"}],
    [{"Text":"Sackgassenraum auf dem \nPfad zum grünen Raum "}],
    [{"Text":"Du kannst es in der Ferne sehen, aber\nnicht mehr, wenn du dich näherst..."}],
    [{"Text":"Rundpfad"}],
    [{"Text":"Unter der Falle im Pyramidenkern"}],
    [{"Text":"Über der roten Kugel"}],
    [{"Text":"Glühende alte Zeichen"}],
    [{"Text":"Der Raum zwischen dem \nroten und blauen Raum"}],
    [{"Text":"Riesige schwarze Wand"}],
    [{"Text":"Weg der Maschine"}],
    [{"Text":"Im Käfig zwischen dem \nroten und blauen Raum"}],
    ["D",{"Text":"Schwarze und gelbe Streifen"}],
    ["D",{"Text":"Weg der Maschine"}],
    ["D",{"Text":"Auf dem gewundenen \nPfad zum roten Raum"}],
    ["D",{"Text":"Über der kleinen Flamme"}],
    ["D",{"Text":"Würfelförmiger kleiner Raum"}],
    ["D",{"Text":"Kleiner Raum mit einem Loch \nnahe dem roten Raum"}],
    ["D",{"Text":"Zwei Münder"}],
    ["D",{"Text":"Roter Pfad"}],
    ["D",{"Text":"Auf dem U-förmigen Vorsprung auf dem \nPfad, der wie eine Treppe aussieht"}],
    ["D",{"Text":"Wasserkäfer"}],
    ["D",{"Text":"Nahe der großen Steinstatue"}],
    ["D",{"Text":"Unterwassergebiet des blauen Raums"}],
    ["D",{"Text":"Sich anstarrende Schlangen"}],
    ["D",{"Text":"Wo die blaue Flamme ist"}],
    ["D",{"Text":"Auf dem U-förmigen Vorsprung auf dem \nPfad, der wie eine Treppe aussieht"}],
    ["D",{"Text":"Kauernder Käfer"}],
    ["D",{"Text":"Nahe dem blauen Licht"}],
    ["D",{"Text":"An der Ecke eines Pfads zur \nMitte des blauen Raums"}],
    ["D",{"Text":"Zwischen den Beinen"}],
    ["D",{"Text":"Bleiche lange Beine"}],
    ["D",{"Text":"Underwassergebiet des blauen Raums"}],
    ["D",{"Text":"Käferfutter"}],
    ["D",{"Text":"Sechs an der Wand aufgereihte Käfer "}],
    ["D",{"Text":"Nahe der Decke des blauen Raums"}],
    ["D",{"Text":"Weißer Punkt bezeichnet Blau"}],
    ["D",{"Text":"Vergraben im alten Wandgemälde"}],
    ["D",{"Text":"Auf dem Kartenmonitor im blauen Raum"}],
    ["D",{"Text":"Lange senkrechte weiße Linie"}],
    ["D",{"Text":"Blaue Linien auf beiden Seiten"}],
    ["D",{"Text":"Langer senkrechter Pfad \nzum blauen Raum"}],
    ["D",{"Text":"Über der kleinen Flamme"}],
    ["D",{"Text":"Würfelförmiger kleiner Raum"}],
    ["D",{"Text":"Sackgasse des blauen Pfads"}],
    ["D",{"Text":"Fledermausnest"}],
    ["D",{"Text":"Schatten der grünen Flamme"}],
    ["D",{"Text":"Auf der Vogelstatue im grünen Raum"}],
    ["D",{"Text":"Die Fledermaus und die Sanduhr"}],
    ["D",{"Text":"Kleiner Raum mit grünen Wänden"}],
    ["D",{"Text":"Pfad zum Zentrum des grünen Raums"}],
    ["D",{"Text":"Flieg höher als ein Vogel!"}],
    ["D",{"Text":"Wo die grüne Flamme ist"}],
    ["D",{"Text":"Auf der Vogelstatue im grünen Raum"}],
    ["D",{"Text":"E - 01"}],
    ["D",{"Text":"Weg der Maschine"}],
    ["D",{"Text":"Pfad zum grünen Raum"}],
    ["D",{"Text":"Es erscheint, wenn du dich näherst..."}],
    ["D",{"Text":"Auf dem schwarzen Eisen..."}],
    ["D",{"Text":"Pfad zum grünen Raum"}],
    ["D",{"Text":"Verteidigung des Käfers"}],
    ["D",{"Text":"Der Raum mit neun Flammen"}],
    ["D",{"Text":"Nahe der Decke des grünen Raums"}],
    ["D",{"Text":"Käferaugen...?"}],
    ["D",{"Text":"Wo die grüne Flamme ist"}],
    ["D",{"Text":"Grüner Raum"}],
    ["D",{"Text":"Stinkkäfer..."}],
    ["D",{"Text":"Vor einer großen Flamme"}],
    ["D",{"Text":"Grüner Raum"}],
    ["D",{"Text":"Peinlicher Ort"}],
    ["D",{"Text":"Der Pyramidenkern"}],
    ["D",{"Text":"Hinter der Eggman-Steinstatue"}],
    ["D",{"Text":"E - 01"}],
    ["D",{"Text":"Der Pyramidenkern"}],
    ["D",{"Text":"Wand der Maschine im Zentrum"}],
    ["D",{"Text":"Skorpiontätowierung"}],
    ["D",{"Text":"Auf dem großen Rücken"}],
    ["D",{"Text":"In der Steinstatue im Pyramidenkern"}],
    ["D",{"Text":"Gemusterte Shorts"}],
    ["D",{"Text":"Blaue Streifen auf der Seite"}],
    ["D",{"Text":"Hinter der Steinstatue im Pyramidenkern"}],
    ["D",{"Text":"Gelbe und schwarze Streifen"}],
    ["D",{"Text":"Zwischen den roten Säulen"}],
    ["D",{"Text":"Der Raum zwischen dem \nroten und grünen Raum"}],
    ["D",{"Text":"Die Schöne und das Biest"}],
    ["D",{"Text":"Die goldene Kiste"}],
    ["D",{"Text":"Kleiner Raum auf der \nDecke des roten Raums"}],
    ["D",{"Text":"Von einem Skorpion \nbewachte Schatzkiste "}],
    ["D",{"Text":"Kleiner Raum"}],
    ["D",{"Text":"Kleiner Raum auf der \nDecke des roten Raums"}],
    [{"Text":"In der Schatzkiste"}],
    [{"Text":"Kleiner Raum mit vier Säulen"}],
    [{"Text":"Geheimer Raum, den du von neben  \ndem blauen Raum betreten kannst"}],
    ["D",{"Text":"Goldene Göttin"}],
    ["D",{"Text":"Folge dem Käfer..."}],
    ["D",{"Text":"Kleiner Raum auf der \nDecke des blauen Raums"}],
    ["D",{"Text":"Käfer mögen das nicht"}],
    ["D",{"Text":"Goldene Kiste"}],
    ["D",{"Text":"Kleiner Raum auf der \nDecke des grünen Raums"}],
    ["D",{"Text":"Zwei Container"}],
    ["D",{"Text":"Die Säule, auf die du \nnicht klettern kannst"}],
    ["D",{"Text":"Der Container auf der \nSäule im Pyramidenkern"}],
    ["D",{"Text":"Drei Schwänze"}],
    ["D",{"Text":"Zwei rote Flammen"}],
    ["D",{"Text":"Grabe in die drei Skorpionplatten \nauf dem Pfad nahe dem roten Raum"}],
    [{"Text":"Geist beschützt die Göttin"}],
    [{"Text":"Der Raum ohne Eingang"}],
    [{"Text":"Geheimer Raum zwischen \ndem roten und blauen Raum"}],
    ["D",{"Text":"Drei Containerbrüder"}],
    ["D",{"Text":"Roter Pfad"}],
    ["D",{"Text":"In der Ecke des Pfads, \nder wie eine Treppe aussieht"}],
    ["D",{"Text":"Vier quadratische Säulen"}],
    ["D",{"Text":"Blauer Pfad"}],
    ["D",{"Text":"Mitte des senkrechten \nPfads zum blauen Raum"}],
    ["D",{"Text":"In der Mitte von roten Augen"}],
    ["D",{"Text":"Im Container"}],
    ["D",{"Text":"Blauer Raum"}],
    ["D",{"Text":"Goldene Göttin"}],
    ["D",{"Text":"Blauer Pfad"}],
    ["D",{"Text":"Kleiner Raum auf dem Pfad \nzur Mitte des blauen Raums"}],
    ["D",{"Text":"Goldene Göttin"}],
    ["D",{"Text":"Wo die grüne Flamme ist"}],
    ["D",{"Text":"Die Kiste im grünen Raum"}],
    ["D",{"Text":"Schatzkistenlager"}],
    ["D",{"Text":"Grüner Raum"}],
    ["D",{"Text":"Auf dem U-förmigen Vorsprung auf dem \nPfad, der wie eine Treppe aussieht"}],
    ["D",{"Text":"Gerümpellager"}],
    ["D",{"Text":"Grüne Schatzkiste"}],
    ["D",{"Text":"Neben dem grünen Raum"}],
    ["D",{"Text":"Schuhbox"}],
    ["D",{"Text":"Große Füße"}],
    ["D",{"Text":"Am Fuß der Steinstatue \nim Pyramidenkern"}],
    [{"Text":"Vier Sonnen, die sich ansehen"}],
    [{"Text":"Im Boden"}],
    [{"Text":"Mitte der vier Eggman-Symbole \nauf dem roten Pfad"}],
    [{"Text":"Wo der Skorpion war"}],
    [{"Text":"Kleiner Raum mit vier Säulen"}],
    [{"Text":"Geheimer Raum zwischen \ndem roten und blauen Raum"}],
    ["D",{"Text":"Skorpion, der sich in \neiner Kiste versteckt"}],
    ["D",{"Text":"Im Boden "}],
    ["D",{"Text":"An der Ecke des roten Pfads, \nder wie eine Treppe aussieht"}],
    [{"Text":"Rette den Chao, der von \neinem Skorpion gejagt wird!"}],
    [{"Text":"Im Boden"}],
    [{"Text":"Der Eingang zum roten Raum \nvom Pyramidenkern kommend"}],
    [{"Text":"Der Einzige, der hinunterschaut"}],
    [{"Text":"Kleiner Raum mit vier Säulen"}],
    [{"Text":"Geheimer Raum, den du von neben  \ndem blauen Raum betreten kannst"}],
    [{"Text":"Zwischen vier Säulen"}],
    [{"Text":"Der Raum mit zwei Flammen"}],
    [{"Text":"Geheimer Raum, den du von neben  \ndem blauen Raum betreten kannst"}],
    [{"Text":"Unter dem roten Juwel"}],
    [{"Text":"Wo die blaue Flamme ist"}],
    [{"Text":"Im Boden nahe dem blauen Raum. \nSchau nach dem Käfer an der Decke"}],
    [{"Text":"Das Gebiet, auf das \nvier Skorpione blicken"}],
    [{"Text":"Der Raum mit vier Säulen"}],
    [{"Text":"Grabe in der Mitte des blauen Raums"}],
    ["D",{"Text":"Gorillajagd"}],
    ["D",{"Text":"Im Boden"}],
    ["D",{"Text":"Sackgassenraum auf dem \nPfad zum grünen Raum "}],
    [{"Text":"Verbinde die Punkte"}],
    [{"Text":"Nahe dem grünen Raum"}],
    [{"Text":"Grabe in dem Gebiet, das \nder Skorpion dir zeigt..."}],
    [{"Text":"Zwei weit voneinander entfernte Kerle"}],
    [{"Text":"Zwei Skorpionplatten"}],
    [{"Text":"In der Mitte des schmalen Pfads \nins Zentrum des grünen Raums"}],
    ["D",{"Text":"Käferbaum"}],
    ["D",{"Text":"Am Fuß des Baums"}],
    ["D",{"Text":"Grüner Pfad mit vier Säulen"}],
    [{"Text":"Grabe vor dem Skorpion!"}],
    [{"Text":"Der Käfer wird dir zeigen, \nwo der Skorpion ist"}],
    [{"Text":"Unter der Skorpionplatte \nan der Wand im Kerngebiet "}],
    [{"Text":"Zwei sich gegenüberstehende Eggmans"}],
    [{"Text":"Auf der einen Seite ist ein Ring und auf \nder anderen ein Schlüssel vergraben"}],
    [{"Text":"Weg der Maschine zum blauen Raum"}],
    [{"Text":"Der Eggman mit roter Nase"}],
    [{"Text":"Unter dem quadratischen Loch "}],
    [{"Text":"Geheimer Raum zwischen \ndem roten und grünen Raum"}],
    [{"Text":"Finde den roten Skorpion, der \nsich in einem Loch versteckt!"}],
    [{"Text":"Der Raum ohne Eingang"}],
    [{"Text":"Geheimer Raum zwischen \ndem roten und grünen Raum"}],
    [{"Text":"Klettere zum Schädel..."}],
    [{"Text":"Zwei Kerle mit Löwengesichtern"}],
    [{"Text":"Eingang zum roten Raum, vom \nPyramidenkern kommend"}],
    ["D",{"Text":"Das Bild hängt schief"}],
    ["D",{"Text":"Der Raum mit neun Flammen"}],
    ["D",{"Text":"Wand des roten Raums"}],
    ["D",{"Text":"Quatschende Käfer"}],
    ["D",{"Text":"Großer Raum"}],
    ["D",{"Text":"Nahe der Decke des roten Raums"}],
    ["D",{"Text":"Der Ort, wo der Käfer war"}],
    ["D",{"Text":"Wo die rote Flamme ist"}],
    ["D",{"Text":"Nahe der Decke des roten Raums"}],
    [{"Text":"Wo früher das Licht schien"}],
    [{"Text":"Du warst schon einmal hier, stimmt's?"}],
    [{"Text":"Wo die Hammer Gloves waren"}],
    ["D",{"Text":"Käferbaby"}],
    ["D",{"Text":"In einer Wand vergraben"}],
    ["D",{"Text":"Nahe der Decke des roten Raums"}],
    [{"Text":"Dreiecksflamme"}],
    [{"Text":"Wo das Wasser ist"}],
    [{"Text":"Zwischen drei Lichtern im blauen Raum"}],
    [{"Text":"Zwei schöne Frauen auf der Flamme"}],
    [{"Text":"In der Wand"}],
    [{"Text":"Der senkrechte lange \nPfad zum blauen Raum"}],
    ["D",{"Text":"Skorpione, die sich nicht leiden können"}],
    ["D",{"Text":"Pfad mit vier Säulen"}],
    ["D",{"Text":"Wand bei dem U-förmigen \nVorsprung auf dem blauen Pfad"}],
    [{"Text":"Der Einzige, der in eine \nandere Richtung blickt..."}],
    [{"Text":"Sechs an der Wand aufgereihte Käfer "}],
    [{"Text":"Wand nahe der stufenförmigen\nDecke im blauen Raum"}],
    [{"Text":"Vier Blätter"}],
    [{"Text":"Wo die grüne Flamme ist"}],
    [{"Text":"Kleine Stufe im grünen Raum"}],
    ["D",{"Text":"Eggman macht \"Kuckuck!\""}],
    ["D",{"Text":"Im Boden"}],
    ["D",{"Text":"Eggman im grünen Raum"}],
    ["D",{"Text":"Zwei Torwächter"}],
    ["D",{"Text":"Vogelkopf und Menschenkörper"}],
    ["D",{"Text":"Wand beim Eingang zum grünen \nRaum, vom Pyramidenkern kommend"}],
    ["D",{"Text":"Riesiger Käfer"}],
    ["D",{"Text":"Grüne Wand"}],
    ["D",{"Text":"Über dem riesigen Wandschmuck \nbeim grünen Raum vergraben"}],
    ["D",{"Text":"Herz..."}],
    ["D",{"Text":"Auf der rechten Seite"}],
    ["D",{"Text":"In der Steinstatue im Pyramidenkern"}],
    [{"Text":"Eine Fledermaus und ein Skorpion"}],
    [{"Text":"Wo die blaue Flamme ist"}],
    [{"Text":"Wand des Schalterraums \nauf dem Weg der Maschine"}],
    [{"Text":""}],
    [{"Text":""}],
    [{"Text":""}],
    [{"Text":""}],
    [{"Text":""}],
    [{"Text":""}],
    [{"Text":""}],
    [{"Text":""}],
    [{"Text":""}],
    [{"Text":""}],
    [{"Text":""}],
    [{"Text":""}],
    [{"Text":""}],
    [{"Text":""}],
    [{"Text":""}],
    [{"Text":""}],
    [{"Text":""}],
    [{"Text":""}],
    [{"Text":""}],
    [{"Text":""}],
    [{"Text":""}],
    [{"Text":""}],
    [{"Text":""}],
    [{"Text":""}],
    [{"Text":"Gehe hoch, dann rechts \nund bei der Windkraft links"}],
    [{"Text":"Glühende alte Zeichen"}],
    [{"Text":"Weg der Maschine zum roten Raum"}],
    ["D",{"Text":"Käfer auf Patrouille"}],
    ["D",{"Text":"Fünf waagerechte Käfer"}],
    ["D",{"Text":"Nahe der Decke des roten Raums"}],
    [{"Text":"Dort ist eine Flamme, aber kein \nLicht kann hingelangen"}],
    [{"Text":"Unter dem quadratischen Schatten"}],
    [{"Text":"Wand nahe der stufenförmigen  \nDecke auf dem blauen Pfad"}],
    [{"Text":"Fliegende Fische, die \nim Sand schwimmen"}],
    [{"Text":"Der Raum mit einer Schatzkiste"}],
    [{"Text":"Geheimer Raum, den du von neben \ndem blauen Raum betreten kannst"}],
    ["D",{"Text":"Wandernder Geist"}],
    ["D",{"Text":"Raum mit vier Säulen"}],
    ["D",{"Text":"Pfad zur Mitte des grünen Raums"}],
    ["D",{"Text":"Karussell"}],
    ["D",{"Text":"Um acht Säulen herum"}],
    ["D",{"Text":"Hängender Kreis über \ndem Pyramidenkern"}],
    ["D",{"Text":"Engelsring"}],
    ["D",{"Text":"Unter den glühenden alten Zeichen"}],
    ["D",{"Text":"Steinstatue im Pyramidenkern"}],
    [{"Text":"Auf der quadratischen Klippe"}],
    [{"Text":"Vor dem Sanduhr"}],
    [{"Text":"Unter der sich bewegenden \nFalle auf dem Weg der Maschine"}],
    [{"Text":"Eisen schützt den Safe"}],
    [{"Text":"Der Raum ohne Eingang"}],
    [{"Text":"Geheimer Raum zwischen \ndem roten und grünen Raum"}],
    ["D",{"Text":"Auf Eggmans Augenhöhe"}],
    ["D",{"Text":"50 Fuß hoch"}],
    ["D",{"Text":"Gleite von der Säule in \nder Mitte zur Eggman-Statue "}],
    [{"Text":"Zwei Käfer, die sich \nin zwei Bäumen treffen"}],
    [{"Text":"Raum, in dem sich Omochao befindet"}],
    [{"Text":"Neben dem roten Raum"}],
    [{"Text":"Flacher Eggman"}],
    [{"Text":"Raum mit vier Säulen"}],
    [{"Text":"Grabe im Auge des \nEggman-Zeichens auf dem blauen Pfad!"}],
    [{"Text":"Es schwebt zwischen den Flammen..."}],
    [{"Text":"Vogelfutter "}],
    [{"Text":"Mitte des grünen Raums"}],
    [{"Text":"Über Omochao"}],
    [{"Text":"Weg der Maschine "}],
    [{"Text":"Achte auf die Falle auf dem \nPfad zum grünen Raum "}],
    [{"Text":"Flacher Skorpion"}],
    [{"Text":"Im Boden"}],
    [{"Text":"Grabe im Skorpion unter \nder Falle im Kern!"}],
    [{"Text":"Unter dem roten Licht"}],
    [{"Text":"Im dunklen Boden"}],
    [{"Text":"Mittelpunkt der sich bewegenden \nFalle auf dem Weg der Maschine"}],
    [{"Text":"Unsichtbarer Boden"}],
    [{"Text":"Der Raum ohne Eingang"}],
    [{"Text":"Grabe mit dem Sanduhr \nin der Mitte des Raums"}],
    [{"Text":"Dort ist eine schwarze \nKakerlake auf dem Tisch"}],
    [{"Text":"Unter Wasser"}],
    [{"Text":"In einem geheimen Unterwasserraum \nim Loch im Boden des Pyramidenkerns"}],
    [{"Text":"Doppelter Schiebeboden"}],
    [{"Text":"Umgekehrter Unterwasserraum"}],
    [{"Text":"die Sanduhr zum Öffnen der \nSchiebetür ist im oberen Raum"}],
    ["D",{"Text":"Roter Körper"}],
    ["D",{"Text":"Auf dem Stahlrost"}],
    ["D",{"Text":"Mittelpunkt der sich bewegenden \nFalle auf dem Weg der Maschine"}],
    ["D",{"Text":"Schwarze Augen"}],
    ["D",{"Text":"Grünes Eggman-Zeichen"}],
    ["D",{"Text":"Riesiger Geist auf dem grünen Pfad"}],
    ["D",{"Text":"Scharfschütze"}],
    ["D",{"Text":"Blauer Pfad"}],
    ["D",{"Text":"Auf dem U-förmigen Vorsprung auf \ndem Pfad, der wie eine Treppe aussieht"}],
    ["D",{"Text":"Wütender Mann"}],
    ["D",{"Text":"Wo die blaue Flamme ist"}],
    ["D",{"Text":"Roboter auf dem Pfad zur \nMitte des blauen Raums"}],
    ["D",{"Text":"Kann nicht aus dem Raum heraus..."}],
    ["D",{"Text":"Raum mit blauen Wänden"}],
    ["D",{"Text":"Riesiger Geist, der neben \ndem blauen Raum steht"}],
    ["D",{"Text":"Wütender Kerl"}],
    ["D",{"Text":"Weg der Maschine"}],
    ["D",{"Text":"Roboter auf dem Pfad zur \nMitte des grünen Raums"}],
    [{"Text":"Feuertanz"}],
    [{"Text":"Raum mit dem glühenden Boden"}],
    [{"Text":"Der mit dem roten und \nblauen Raum verknüpfte Pfad"}],
    [{"Text":"Wütender Kerl"}],
    [{"Text":"Auf dem Stahlrost"}],
    [{"Text":"Der mit dem roten und \nblauen Raum verknüpfte Pfad"}],
    [{"Text":"Kann nicht aus dem Raum heraus..."}],
    [{"Text":"Raum mit roten Wänden"}],
    [{"Text":"Riesiger Geist, der neben \ndem roten Raum steht"}],
    [{"Text":"Brennend verrückt..."}],
    [{"Text":"Vor dem Kartenmonitor"}],
    [{"Text":"Roboter zwischen dem \nroten und grünen Raum"}],
    ["D",{"Text":"Weiße Familie"}],
    ["D",{"Text":"Wo die grüne Flamme ist"}],
    ["D",{"Text":"Riesiger Geist auf einem Pfad \nzur Mitte des grünen Raums"}],
    ["D",{"Text":"Schwarze Augen"}],
    ["D",{"Text":"Zwischen den Säulen herumwandernd"}],
    ["D",{"Text":"Riesiger Geist im Pyramidenkern"}],
    ["D",{"Text":"Großer Marshmallow"}],
    ["D",{"Text":"Zwischen den Säulen herumwandernd"}],
    ["D",{"Text":"Riesiger Geist im Pyramidenkern"}],
    ["D",{"Text":""}],
    ["D",{"Text":""}],
    ["D",{"Text":""}],
    ["D",{"Text":""}],
    ["D",{"Text":""}],
    ["D",{"Text":""}],
    ["D",{"Text":""}],
    ["D",{"Text":""}],
    ["D",{"Text":""}],
    ["D",{"Text":""}],
    ["D",{"Text":""}],
    ["D",{"Text":""}],
    ["D",{"Text":""}],
    ["D",{"Text":""}],
    ["D",{"Text":""}],
    ["D",{"Text":""}],
    ["D",{"Text":""}],
    ["D",{"Text":""}],
    ["D",{"Text":""}],
    ["D",{"Text":""}],
    ["D",{"Text":""}],
    ["D",{"Text":""}],
    ["D",{"Text":""}],
    ["D",{"Text":""}],
    ["D",{"Text":""}],
    ["D",{"Text":""}],
    ["D",{"Text":""}],
    ["D",{"Text":""}],
    ["D",{"Text":""}],
    ["D",{"Text":""}],
    ["D",{"Text":""}],
    ["D",{"Text":""}],
    ["D",{"Text":""}],
    ["D",{"Text":""}],
    ["D",{"Text":""}],
    ["D",{"Text":""}],
    ["D",{"Text":""}],
    ["D",{"Text":""}],
    ["D",{"Text":""}],
    ["D",{"Text":""}],
    ["D",{"Text":""}],
    ["D",{"Text":""}],
    ["D",{"Text":""}],
    ["D",{"Text":""}],
    ["D",{"Text":""}],
    ["D",{"Text":""}],
    ["D",{"Text":""}],
    ["D",{"Text":""}],
    ["D",{"Text":""}],
    ["D",{"Text":""}],
    ["D",{"Text":""}],
    ["D",{"Text":""}],
    ["D",{"Text":""}],
    ["D",{"Text":""}],
    ["D",{"Text":""}],
    ["D",{"Text":""}],
    ["D",{"Text":""}],
    ["D",{"Text":""}],
    ["D",{"Text":""}],
    ["D",{"Text":""}],
    ["D",{"Text":""}],
    ["D",{"Text":""}],
    ["D",{"Text":""}],
    ["D",{"Text":""}],
    ["D",{"Text":""}],
    ["D",{"Text":""}],
    ["D",{"Text":""}],
    ["D",{"Text":""}],
    ["D",{"Text":""}],
    ["D",{"Text":""}],
    ["D",{"Text":""}],
    ["D",{"Text":""}],
    ["D",{"Text":""}],
    ["D",{"Text":""}],
    ["D",{"Text":""}],
    ["D",{"Text":""}],
    ["D",{"Text":""}],
    ["D",{"Text":""}],
    ["D",{"Text":""}],
    ["D",{"Text":""}],
    ["D",{"Text":""}],
    ["D",{"Text":""}],
    ["D",{"Text":""}],
    ["D",{"Text":""}]
  ]
}