{
  "language": "English",
  "texts": [
    [{"Text":"Hinter einem fallenden Baum"}],
    [{"Text":"Hoch oben"}],
    [{"Text":"Neben dem Gerümpel \nim \"Laternen-Raum\""}],
    [{"Text":"Innerhalb des Schädelzauns"}],
    [{"Text":"Halle mit dem \"Wasserbetriebenen Lift\""}],
    [{"Text":"In der Stahlbox mit der schwebenden \nPlattform bei der Wand in einer Halle"}],
    [{"Text":"Innerhalb des Schädelzauns"}],
    [{"Text":"Halle mit dem \"Wasserbetriebenen Lift\""}],
    [{"Text":"In der Stahlbox mit der schwebenden \nPlattform bei der Wand in einer Halle"}],
    [{"Text":"Neben einem umgestürzten Geist"}],
    [{"Text":"Schmaler Pfad"}],
    [{"Text":"Neben einer Minenkarre auf dem \nschmalen Pfad mit den Schienen"}],
    [{"Text":"Unter dem Schädeldreieck"}],
    [{"Text":"Schmaler Pfad"}],
    [{"Text":"Oberer Teil des schmalen Pfads \nbei einer schwebenden Plattform"}],
    [{"Text":"Eingang zum Abgrund"}],
    [{"Text":"Schalter Nr. 3"}],
    [{"Text":"Unter der schwebenden Plattform \nam Ende des schmalen Pfads"}],
    [{"Text":"Minenkarrenabladeplatz"}],
    [{"Text":"Schalter Nr. 1 oder Nr. 2?"}],
    [{"Text":"Schmaler Pfad unten"}],
    [{"Text":"Ein Ziegelraum unter Wasser"}],
    [{"Text":"Schalter Nr. 3"}],
    [{"Text":"Ein Loch hinter dem \"CAUTION\"-\nSchild, das vor Geistern warnt"}],
    [{"Text":"Unter der blauen Flamme"}],
    [{"Text":"Schalter Nr. 1"}],
    [{"Text":"Unter dem Licht im obersten Raum"}],
    [{"Text":"Auf den Schienen einer \nkaputten Minenkarre"}],
    [{"Text":"Schalter Nr. 1"}],
    [{"Text":"Der oberste Raum"}],
    [{"Text":"Neben dem Ablaufschalter"}],
    [{"Text":"Schalter Nr. 1"}],
    [{"Text":"Neben dem Schalter \nim höchsten Raum"}],
    [{"Text":"Auf dem Schädelstahlträger"}],
    [{"Text":"Halle mit dem \"Wasserbetriebenen Lift\""}],
    [{"Text":"Auf der Schädelsäule, die \neine Klippe bei der Wand stützt"}],
    [{"Text":"Schädelseilzug"}],
    [{"Text":"Halle mit dem \"Wasserbetriebenen Lift\""}],
    [{"Text":"Auf einer drehenden Rolle"}],
    [{"Text":"Holzfenster auf einem Dach"}],
    [{"Text":"Halle mit dem \"Wasserbetriebenen Lift\""}],
    [{"Text":"Auf einem Holzrahmen, der wie \nein Fenster in einer Wand aussieht"}],
    [{"Text":"Hinter zwei Köpfen"}],
    [{"Text":"Unten"}],
    [{"Text":"Die untere Ecke in der Halle \nmit dem \"Wasserbetriebenen Lift\""}],
    [{"Text":"Am Fuß der Hauptsäule"}],
    [{"Text":"Unten"}],
    [{"Text":"In der Mitte des Bodens der Halle \nmit dem \"Wasserbetriebenen Lift\""}],
    [{"Text":"Vor Schild Nr. 2"}],
    [{"Text":"Halle mit dem \"Wasserbetriebenen Lift\""}],
    [{"Text":"Vor der Wasserstandsanzeige in der \nMitte des \"Wasserbetriebenen Lifts\""}],
    [{"Text":"Geisterseilzug"}],
    [{"Text":"Halle mit dem \"Wasserbetriebenen Lift\""}],
    [{"Text":"Auf der Rolle an der Wand in der \nHalle mit dem \"Wasserbetriebenen Lift\""}],
    [{"Text":"Rechtes Auge des Riesengesichts"}],
    [{"Text":"Halle mit dem \"Wasserbetriebenen Lift\""}],
    [{"Text":"Obere Hälfte der Wand des Raums \nmit dem Wasserstandsschalter"}],
    [{"Text":"Gang zum \"Wasserbetriebenen Lift\""}],
    [{"Text":"Auf einer Stahlplattform"}],
    [{"Text":"Auf der Klippe in der Mitte der Halle \nmit dem \"Wasserbetriebenen Lift\""}],
    [{"Text":"Über dem Schädel"}],
    [{"Text":"Der \"Geister-Raum\""}],
    [{"Text":"Ein Raum hinter dem \"CAUTION\"- \nSchild, das vor den Geistern warnt"}],
    [{"Text":"Unter der gekippten Säule"}],
    [{"Text":"Der \"Geister-Raum\""}],
    [{"Text":"Ein Raum hinter dem \"CAUTION\"- \nSchild, das vor den Geistern warnt"}],
    [{"Text":"Auf dem Geisterstahlträger"}],
    [{"Text":"Der \"Geister-Raum\""}],
    [{"Text":"Ein Raum hinter dem \"CAUTION\"- \nSchild, das vor den Geistern warnt"}],
    [{"Text":"Hinter zwei Köpfen"}],
    [{"Text":"Der \"Geister-Raum\""}],
    [{"Text":"Ein Raum hinter dem \"CAUTION\"- \nSchild, das vor den Geistern warnt"}],
    [{"Text":"Auf den Minenkarrenschienen"}],
    [{"Text":"Schmaler Pfad"}],
    [{"Text":"Oberer Teil des schmalen Pfads \nbei einer schwebenden Plattform"}],
    [{"Text":"Auf den Minenkarrenschienen"}],
    [{"Text":"Schmaler Pfad"}],
    [{"Text":"Unterer Teil des schmalen Pfads \nbei einer schwebenden Plattform"}],
    [{"Text":"Sich anstarrende Schädel in einer Höhle"}],
    [{"Text":"Schmaler Pfad"}],
    [{"Text":"Oberer Teil des schmalen Pfads \nbei einer schwebenden Plattform"}],
    [{"Text":"Die Ecke der Schienen"}],
    [{"Text":"Schmaler Pfad"}],
    [{"Text":"Unterer Teil des schmalen Pfads \nbei einer schwebenden Plattform"}],
    [{"Text":"Drei Ventilatoren"}],
    [{"Text":"Halle mit dem \"Wasserbetriebenen Lift\""}],
    [{"Text":"In der Mitte dreier Propeller \nim oberen Teil der Halle"}],
    [{"Text":"Am Fuß des Schädelzauns"}],
    [{"Text":"Halle mit dem \"Wasserbetriebenen Lift\""}],
    [{"Text":"Bei einer Stahlbox mit der schweben-\nden Plattform auf dem Boden der Halle"}],
    [{"Text":"Ein Ziegelraum unter Wasser"}],
    [{"Text":"Schalter Nr. 3"}],
    [{"Text":"Ein Loch hinter dem \"CAUTION\"-\nSchild, das vor Geistern warnt"}],
    [{"Text":"Unten"}],
    [{"Text":"Unter Wasser"}],
    [{"Text":"Sehr schmaler Pfad"}],
    [{"Text":"In der umgestürzten Minenkarre"}],
    [{"Text":"Schalter Nr. 1"}],
    [{"Text":"In der Minenkarre im höchsten Raum"}],
    [{"Text":"Kaputte Minenkarre"}],
    [{"Text":"Schalter Nr. 1"}],
    [{"Text":"In der Minenkarre im höchsten Raum"}],
    [{"Text":"Metallfass, wo die Geister hausen"}],
    [{"Text":"Schalter Nr. 1"}],
    [{"Text":"In der Minenkarre im höchsten Raum"}],
    [{"Text":"Der Container neben dem Riesenschädel"}],
    [{"Text":"Schalter Nr. 3 auf dem schmalen Pfad"}],
    [{"Text":"In einer Holzbox auf dem schmalen \nPfad bei der schwebenden Plattform"}],
    [{"Text":"Der Container neben dem Riesenschädel"}],
    [{"Text":"Schalter Nr. 3 auf dem schmalen Pfad"}],
    [{"Text":"In einer Holzbox auf dem schmalen \nPfad bei der schwebenden Plattform"}],
    [{"Text":"Eine Holzbox auf dem Stahlträger"}],
    [{"Text":"Der \"Geister-Raum\""}],
    [{"Text":"Ein Raum hinter dem \"CAUTION\"- \nSchild, das vor den Geistern warnt"}],
    [{"Text":"Eine Holzbox auf dem Stahlträger"}],
    [{"Text":"Der \"Geister-Raum\""}],
    [{"Text":"Ein Raum hinter dem \"CAUTION\"-\nSchild, das vor den Geistern warnt"}],
    [{"Text":"Ein Container auf dem Regal"}],
    [{"Text":"Halle mit dem \"Wasserbetriebenen Lift\""}],
    [{"Text":"Ein Container auf der Rolle \nim oberen Teil der Halle"}],
    [{"Text":"Schädelpaar mit Krawatte  \nneben einem Metallfass"}],
    [{"Text":"Halle mit dem \"Wasserbetriebenen Lift\""}],
    [{"Text":"In den nebeneinanderstehenden \nMetallfässern in der Halle"}],
    [{"Text":"In einem Ofen"}],
    [{"Text":"Halle mit dem \"Wasserbetriebenen Lift\""}],
    [{"Text":"Schlag den Deckel des Ofens \nim unteren Teil der Halle"}],
    [{"Text":"In einem Ofen"}],
    [{"Text":"Halle mit dem \"Wasserbetriebenen Lift\""}],
    [{"Text":"Schlag den Deckel des Ofens \nim unteren Teil der Halle"}],
    [{"Text":"In einem Ofen"}],
    [{"Text":"Halle mit dem \"Wasserbetriebenen Lift\""}],
    [{"Text":"Schlag den Deckel des Ofens \nim unteren Teil der Halle"}],
    [{"Text":"Metallfass im Gepäckbereich"}],
    [{"Text":"Halle mit dem \"Wasserbetriebenen Lift\""}],
    [{"Text":"In einem Metallfass in der Ecke der \nHalle mit dem \"Wasserbetriebenen Lift\""}],
    [{"Text":"Umgestürzte Minenkarre"}],
    [{"Text":"Schalter Nr. 2 oder Nr. 3 \nauf dem schmalen Pfad"}],
    [{"Text":"In einer Minenkarre auf dem schmalen \nPfad bei einer schwebenden Plattform"}],
    [{"Text":"Eingang zum Minenkarrenabladeplatz"}],
    [{"Text":"Schalter Nr. 3 auf dem schmalen Pfad"}],
    [{"Text":"In einem Metallfass auf dem schmalen \nPfad bei einer schwebenden Plattform"}],
    [{"Text":"In drei Metallfässern"}],
    [{"Text":"Der \"Geister-Raum\""}],
    [{"Text":"Ein Raum hinter dem \"CAUTION\"- \nSchild, das vor den Geistern warnt"}],
    [{"Text":"Ein Ort, an dem die vierte Person \nder Gruppe begraben ist"}],
    [{"Text":"Ein Raum hinter dem \"CAUTION\"-\nSchild, das vor den Geistern warnt"}],
    [{"Text":"Wie macht man ein Quadrat aus \nSchädeln, die ein Dreieck bilden?"}],
    [{"Text":"Vor einer mysteriösen Tür"}],
    [{"Text":"Hoch oben"}],
    [{"Text":"Grabe vor der Tür \nzum \"Laternen-Raum\""}],
    [{"Text":"Vor einer mysteriösen Tür"}],
    [{"Text":"Hoch oben"}],
    [{"Text":"Grabe vor der Tür \nzum \"Laternen-Raum\""}],
    [{"Text":"Hinter einem eckigen Baum"}],
    [{"Text":"Hoch oben"}],
    [{"Text":"Grabe beim Gerümpel \nim \"Laternen-Raum\""}],
    [{"Text":""}],
    [{"Text":""}],
    [{"Text":"Grabe beim Gerümpel \nim \"Laternen-Raum\""}],
    [{"Text":"Vor dem badenden Minischädel"}],
    [{"Text":"Ein Raum hinter dem \"CAUTION\"- \nSchild, das vor den Geistern warnt"}],
    [{"Text":"Grabe vor dem ersten Schädel, \nden du im Raum gesehen hast"}],
    [{"Text":"Unter dem plattgewalzten Boden"}],
    [{"Text":"Ein Raum hinter dem \"CAUTION\"-\nSchild, das vor den Geistern warnt"}],
    [{"Text":"Grabe unter dem sich \nbewegenden Gewicht"}],
    [{"Text":"Unter dem plattgewalzten Boden"}],
    [{"Text":"Ein Raum hinter dem \"CAUTION\"- \nSchild, das vor den Geistern warnt"}],
    [{"Text":"Grabe unter dem sich \nbewegenden Gewicht"}],
    [{"Text":"Gefährlicher Ort"}],
    [{"Text":"Ein Raum hinter dem \"CAUTION\"-\nSchild, das vor den Geistern warnt"}],
    [{"Text":"Grabe unter dem sich \nbewegenden Gewicht"}],
    [{"Text":"Neben einem Schädel, der am \nfalschen Ort zu sein scheint"}],
    [{"Text":"Ein Raum hinter dem \"CAUTION\"- \nSchild, das vor den Geistern warnt"}],
    [{"Text":"Grabe links von dem \nvierten Schädel von oben "}],
    [{"Text":"Über der senkrechten Schädelreihe"}],
    [{"Text":"Ein Raum hinter dem \"CAUTION\"- \nSchild, das vor den Geistern warnt"}],
    [{"Text":"Grabe über dem obersten Schädel"}],
    [{"Text":"Grabe unter dem Schädeldreieck"}],
    [{"Text":"Schmaler Pfad"}],
    [{"Text":"Oberer Teil des schmalen Pfads \nbei der schwebenden Plattform"}],
    [{"Text":"Wie macht man ein \"X\" aus Schädeln?"}],
    [{"Text":"Halle mit dem \"Wasserbetriebenen Lift\""}],
    [{"Text":"Grabe zwischen vier Schädeln"}],
    [{"Text":"Der Schädel, der in die \nandere Richtung blickt"}],
    [{"Text":"Halle mit dem \"Wasserbetriebenen Lift\""}],
    [{"Text":"Grabe vor dem Schädeln von vieren, \nder in eine andere Richtung blickt"}],
    [{"Text":"Grabe auf dem Hang"}],
    [{"Text":"Schalter Nr. 3 auf dem schmalen Pfad"}],
    [{"Text":"Oberer Teil des schmalen Pfads \nbei der schwebenden Plattform"}],
    [{"Text":"Grabe am Fuß des Hangs"}],
    [{"Text":"Schalter Nr. 3 auf dem schmalen Pfad"}],
    [{"Text":"Oberer Teil des schmalen Pfads \nbei der schwebenden Plattform"}],
    [{"Text":"Über einem Krawatten \ntragenden Schädelpaar "}],
    [{"Text":"Der größte Raum"}],
    [{"Text":"Grabe in dem Holzrahmen, \nder wie ein Fenster aussieht"}],
    [{"Text":"Rote Blumen für ein Schädelpaar"}],
    [{"Text":"Halle mit dem \"Wasserbetriebenen Lift\""}],
    [{"Text":"Es ist unter der Spirale \nan der Wand vergraben"}],
    [{"Text":"Rote Blumen für ein Schädelpaar"}],
    [{"Text":"Halle mit dem \"Wasserbetriebenen Lift\""}],
    [{"Text":"Es ist unter der Spirale \nan der Wand vergraben"}],
    [{"Text":"Sprechende Schädel nahe dem Fenster"}],
    [{"Text":"Der größte Raum"}],
    [{"Text":"Grabe in dem Holzrahmen, \nder wie ein Fenster aussieht"}],
    [{"Text":"Geisterfenster"}],
    [{"Text":"Der größte Raum"}],
    [{"Text":"Grabe in dem Holzfenster \nauf dem Dach"}],
    [{"Text":"Zellenfenster"}],
    [{"Text":"Halle mit dem \"Wasserbetriebenen Lift\""}],
    [{"Text":"Grabe in dem Holzrahmen, der wie \nein Fenster mit einem Zaun aussieht"}],
    [{"Text":"Linkes Auge des Riesengesichts"}],
    [{"Text":"Der größte Raum"}],
    [{"Text":"Grabe in dem Ring über dem \nRaum mit zwei Schaltern"}],
    [{"Text":"Vor einer Schädelfamilie"}],
    [{"Text":"Halle mit dem \"Wasserbetriebenen Lift\""}],
    [{"Text":"Grabe vor dem Schädel mit einem \nMinischädel unten in der Halle"}],
    [{"Text":"Verschlossenes Fenster"}],
    [{"Text":"Der größte Raum"}],
    [{"Text":"Grabe in dem Holzrahmen, der wie ein \nFenster mit schiefen Stangen aussieht"}],
    [{"Text":"In dem Schädeldreieck"}],
    [{"Text":"Schalter Nr. 2 oder Nr. 3 \nauf dem schmalen Pfad"}],
    [{"Text":"Oberer Teil des schmalen Pfads \nbei der schwebenden Plattform"}],
    [{"Text":"Zwischen den sich \ngegenüberstehenden Schädeln"}],
    [{"Text":"Schalter Nr. 2 oder Nr. 3 \nauf dem schmalen Pfad"}],
    [{"Text":"Oberer Teil des schmalen Pfads \nbei der schwebenden Plattform"}],
    [{"Text":"Nahe der blauen Flamme"}],
    [{"Text":"Hoch oben"}],
    [{"Text":"Grabe unter der blauen Laterne"}],
    [{"Text":"Nahe der blauen Flamme"}],
    [{"Text":"Hoch oben"}],
    [{"Text":"Grabe unter der blauen Laterne"}],
    [{"Text":"Schalter Nr. 1,5?"}],
    [{"Text":"Schmaler Pfad"}],
    [{"Text":"Grabe zwischen zwei Schaltern"}],
    [{"Text":"Drei streitende Schädel"}],
    [{"Text":"Ein Raum hinter dem \"CAUTION\"-\nSchild, das vor den Geistern warnt"}],
    [{"Text":"Grabe in dem Gebiet, wo die drei \nSchädel schauen auf ...?"}],
    [{"Text":"Unter der senkrechten Schädelreihe"}],
    [{"Text":"Ein Raum hinter dem \"CAUTION\"- \nSchild, das vor den Geistern warnt"}],
    [{"Text":"Grabe in dem Gebiet unter den nahe \nder Wand aufgereihten Schädeln"}],
    [{"Text":""}],
    [{"Text":""}],
    [{"Text":""}],
    [{"Text":""}],
    [{"Text":""}],
    [{"Text":""}],
    [{"Text":""}],
    [{"Text":""}],
    [{"Text":""}],
    [{"Text":""}],
    [{"Text":""}],
    [{"Text":""}],
    [{"Text":""}],
    [{"Text":""}],
    [{"Text":""}],
    [{"Text":""}],
    [{"Text":""}],
    [{"Text":""}],
    [{"Text":""}],
    [{"Text":""}],
    [{"Text":""}],
    [{"Text":""}],
    [{"Text":""}],
    [{"Text":""}],
    [{"Text":"Die Hauptsäule"}],
    [{"Text":"Halle mit dem \"Wasserbetriebenen Lift\""}],
    [{"Text":"Gehe um die Säule \nin der Mitte der Halle"}],
    [{"Text":"Es bewegt sich und ist \nvon blauem Licht umgeben"}],
    [{"Text":"Hoch oben"}],
    [{"Text":"Der \"Laternen-Raum\""}],
    [{"Text":"Gehe auf den Schienen hin und her"}],
    [{"Text":"Der größte Raum"}],
    [{"Text":"Auf den Schienen in der Mitte der \nHalle mit dem \"Wasserbetriebenen Lift\""}],
    [{"Text":"Geisterpfad"}],
    [{"Text":"Kleiner Ort"}],
    [{"Text":"Gehe hinter das \"CAUTION\"-Schild, \ndas vor den Geistern warnt"}],
    [{"Text":"Rote Blumen für ein Schädelpaar"}],
    [{"Text":"Halle mit dem \"Wasserbetriebenen Lift\""}],
    [{"Text":"Kreis um die Spirale auf der Wand"}],
    [{"Text":"Pfad zum Abgrund"}],
    [{"Text":"Schalter Nr. 1 auf dem schmalen Pfad"}],
    [{"Text":"Gehe hoch und runter unter \nder schwebenden Plattform"}],
    [{"Text":"Ziegelraum unter Wasser"}],
    [{"Text":"Unten"}],
    [{"Text":"Unterwasserpfad hinter dem \"CAUTION\"- \nSchild, das vor den Geistern warnt"}],
    [{"Text":"Mit den Geistern schwebend"}],
    [{"Text":"Unter vielen Säulen"}],
    [{"Text":"Ein Raum hinter dem \"CAUTION\"- \nSchild, das vor den Geistern warnt"}],
    [{"Text":"Drei Ventilatoren"}],
    [{"Text":"Halle mit dem \"Wasserbetriebenen Lift\""}],
    [{"Text":"Vor drei Propellern im \noberen Teil der Halle"}],
    [{"Text":"Drei Ventilatoren"}],
    [{"Text":"Halle mit dem \"Wasserbetriebenen Lift\""}],
    [{"Text":"Vor drei Propellern im \noberen Teil der Halle"}],
    [{"Text":"Nahe der Wand"}],
    [{"Text":"Spürst du einen Lufthauch?"}],
    [{"Text":"Vor dem mittleren Ventilator"}],
    [{"Text":"Eingedellte Decke"}],
    [{"Text":"Schmaler Pfad, von oben betreten"}],
    [{"Text":"Drück Schalter 2 und spring auf die \nPlattform. Versuch Spiral Upper!"}],
    [{"Text":"Eingedellte Decke"}],
    [{"Text":"Schmaler Pfad, von unten betreten"}],
    [{"Text":"Drück Schalter 2 und spring auf die \nPlattform. Versuch Spiral Upper!"}],
    [{"Text":"Treppenförmiger Ziegelraum"}],
    [{"Text":"Unten"}],
    [{"Text":"Unterwasserpfad hinter dem \"CAUTION\"- \nSchild, das vor den Geistern warnt"}],
    [{"Text":"Treppenförmiger Ziegelraum"}],
    [{"Text":"Unten"}],
    [{"Text":"Unterwasserpfad hinter dem \"CAUTION\"-\nSchild, das vor den Geistern warnt"}],
    [{"Text":"Jage den Schädel!"}],
    [{"Text":"Der \"Geister-Raum\""}],
    [{"Text":"Ein Raum hinter dem \"CAUTION\"- \nSchild, das vor den Geistern warnt"}],
    [{"Text":"Schädelsackgasse"}],
    [{"Text":"Hinter der mysteriösen Tür"}],
    [{"Text":"Öffne die Tür mit der Melodie"}],
    [{"Text":"Das tiefe Ende des Geistertunnels"}],
    [{"Text":"Schalter Nr. 1"}],
    [{"Text":"Der Boden des Lochs zum Abgrund"}],
    [{"Text":"Fast bis zur Decke"}],
    [{"Text":"Halle mit dem \"Wasserbetriebenen Lift\""}],
    [{"Text":"Leg sie auf die Rolle"}],
    [{"Text":"Wasserhöhe Stufe 2"}],
    [{"Text":"Ein Raum voller Schädel \nund Geister"}],
    [{"Text":"Geister erwarten dich!"}],
    [{"Text":"Wasserhöhe Stufe 2"}],
    [{"Text":"Ein Raum voller Schädel \nund Geister"}],
    [{"Text":"Geister erwarten dich!"}],
    [{"Text":"Wächter des Schalters"}],
    [{"Text":"Hoch oben"}],
    [{"Text":"Die GUN-Maschine beim \nSchalter im \"Laternen-Raum\""}],
    [{"Text":"Etwas anderes als eine Minenkarre?"}],
    [{"Text":"Schmaler Pfad"}],
    [{"Text":"GUN-Fahrzeug mit Stacheln"}],
    [{"Text":"Etwas anderes als eine Minenkarre?"}],
    [{"Text":"Schmaler Pfad"}],
    [{"Text":"GUN-Fahrzeug mit Stacheln"}],
    [{"Text":""}],
    [{"Text":""}],
    [{"Text":""}],
    [{"Text":""}],
    [{"Text":""}],
    [{"Text":""}],
    [{"Text":""}],
    [{"Text":""}],
    [{"Text":""}],
    [{"Text":""}],
    [{"Text":""}],
    [{"Text":""}],
    [{"Text":""}],
    [{"Text":""}],
    [{"Text":""}],
    [{"Text":""}],
    [{"Text":""}],
    [{"Text":""}],
    [{"Text":""}],
    [{"Text":""}],
    [{"Text":""}],
    [{"Text":""}],
    [{"Text":""}],
    [{"Text":""}],
    [{"Text":""}],
    [{"Text":""}],
    [{"Text":""}],
    [{"Text":""}],
    [{"Text":""}],
    [{"Text":""}],
    [{"Text":""}],
    [{"Text":""}],
    [{"Text":""}],
    [{"Text":""}],
    [{"Text":""}],
    [{"Text":""}],
    [{"Text":""}],
    [{"Text":""}],
    [{"Text":""}],
    [{"Text":""}],
    [{"Text":""}],
    [{"Text":""}],
    [{"Text":""}],
    [{"Text":""}],
    [{"Text":""}],
    [{"Text":""}],
    [{"Text":""}],
    [{"Text":""}],
    [{"Text":""}],
    [{"Text":""}],
    [{"Text":""}],
    [{"Text":""}],
    [{"Text":""}],
    [{"Text":""}],
    [{"Text":""}],
    [{"Text":""}],
    [{"Text":""}],
    [{"Text":""}],
    [{"Text":""}],
    [{"Text":""}],
    [{"Text":""}],
    [{"Text":""}],
    [{"Text":""}],
    [{"Text":""}],
    [{"Text":""}],
    [{"Text":""}],
    [{"Text":""}],
    [{"Text":""}],
    [{"Text":""}],
    [{"Text":""}],
    [{"Text":""}],
    [{"Text":""}],
    [{"Text":""}],
    [{"Text":""}],
    [{"Text":""}],
    [{"Text":""}],
    [{"Text":""}],
    [{"Text":""}],
    [{"Text":""}],
    [{"Text":""}],
    [{"Text":""}],
    [{"Text":""}],
    [{"Text":""}],
    [{"Text":""}],
    [{"Text":""}],
    [{"Text":""}],
    [{"Text":""}],
    [{"Text":""}],
    [{"Text":""}],
    [{"Text":""}],
    [{"Text":""}],
    [{"Text":""}],
    [{"Text":""}],
    [{"Text":""}],
    [{"Text":""}],
    [{"Text":""}],
    [{"Text":""}],
    [{"Text":""}],
    [{"Text":""}],
    [{"Text":""}],
    [{"Text":""}],
    [{"Text":""}],
    [{"Text":""}],
    [{"Text":""}],
    [{"Text":""}],
    [{"Text":""}],
    [{"Text":""}],
    [{"Text":""}]
  ]
}