{
  "language": "Spanish",
  "texts": [
    ["D",{"Text":"La almenara rotante más alta."}],
    ["D",{"Text":"La plataforma bajo ARK."}],
    ["D",{"Text":"En una plataforma de piedra flotante\ncerca de la torre azul al revés."}],
    ["D",{"Text":"Cajas negras en la \nplataforma negra."}],
    ["D",{"Text":"Un sitio alto."}],
    ["D",{"Text":"En una plataforma cerca \nde la torre azul al revés."}],
    [{"Text":"¿Olvidaste ponerlo \nen un contenedor grande?"}],
    [{"Text":"Sobre un contenedor."}],
    [{"Text":"Sobre los contenedores \nen suspensión enormes."}],
    ["D",{"Text":"Al lado de un cohete apuntando a ARK."}],
    ["D",{"Text":"Una gran plataforma flotante."}],
    ["D",{"Text":"Sobre una plataforma \ncon seis círculos."}],
    [{"Text":"Pesa demasiado para flotar."}],
    [{"Text":"Una gran plataforma flotante."}],
    [{"Text":"Bajo una plataforma \ncon seis círculos."}],
    [{"Text":"Excava en un \nmeteorito pequeño."}],
    [{"Text":"Cerca de los contenedores\nenormes en suspensión."}],
    [{"Text":"En un meteorito pequeño sobre un \nresorte sobre un símbolo de estrella."}],
    ["D",{"Text":"Encima de la torre de \nperforación de acero."}],
    ["D",{"Text":"Suspendido sobre el suelo\nAMARILLO."}],
    ["D",{"Text":"Sobre una torre que contiene\nun tubo que se mueve."}],
    ["D",{"Text":"Encima de la torre de \nperforación de acero."}],
    ["D",{"Text":"Suspendido sobre el suelo\nGRAY que ves abajo."}],
    ["D",{"Text":"Sobre una torre que contiene\nun tubo que se mueve."}],
    ["D",{"Text":"Dos contenedores enormes."}],
    ["D",{"Text":"Entre la torre azul inclinada \ny la torre de acero en el suelo."}],
    ["D",{"Text":"Sobre los contenedores enormes\nuno al lado del otro."}],
    [{"Text":"La enorme zona de almacenamiento\nde ARK."}],
    [{"Text":"Entre la torre azul inclinada \ny la torre de acero en el suelo."}],
    [{"Text":"Una plataforma de piedra cuadrada\ncerca de los contenedores enormes."}],
    [{"Text":"La enorme zona de almacenamiento\nde ARK."}],
    [{"Text":"Entre la torre azul inclinada \ny la torre de acero en el suelo."}],
    [{"Text":"Una plataforma de piedra cuadrada\ncerca de los contenedores enormes."}],
    [{"Text":"La enorme zona de almacenamiento\nde ARK."}],
    [{"Text":"Entre la torre azul inclinada \ny la torre de acero en el suelo."}],
    [{"Text":"Sobre uno de los contenedores\nenormes."}],
    [{"Text":"La enorme zona de almacenamiento\nde ARK."}],
    [{"Text":"Entre la torre azul inclinada \ny la torre de acero en el suelo."}],
    [{"Text":"Sobre uno de los contenedores\nenormes."}],
    ["D",{"Text":"Enfrente del montacargas."}],
    ["D",{"Text":"Una plataforma flotante."}],
    ["D",{"Text":"Enfrente del peso que se mueve \nen la plataforma de piedra cuadrada."}],
    ["D",{"Text":"Entre los contenedores flotantes."}],
    ["D",{"Text":"Entre la torre azul inclinada \ny la torre de acero en el suelo."}],
    ["D",{"Text":"La cuarta gran plataforma flotante\ndesde abajo."}],
    ["D",{"Text":"Cerca de una luna \ncon una almenara flotante."}],
    ["D",{"Text":"Entre la torre azul inclinada \ny la torre de acero en el suelo."}],
    ["D",{"Text":"Sobre una plataforma de piedra\ncuadrada con una almenara flotante."}],
    ["D",{"Text":"Entre los contenedores flotantes."}],
    ["D",{"Text":"Entre la torre azul inclinada \ny la torre de acero en el suelo."}],
    ["D",{"Text":"La cuarta gran plataforma flotante\ndesde abajo."}],
    ["D",{"Text":"Sobre una almenara rotante\nencima de una luna azul."}],
    ["D",{"Text":"Entre la torre azul inclinada \ny la torre de acero en el suelo."}],
    ["D",{"Text":"Sobre una plataforma de piedra\ncuadrada con una almenara flotante."}],
    ["D",{"Text":"Sobre una luna azul, \nenfrente de un tanque."}],
    ["D",{"Text":"Zona densa de meteoritos."}],
    ["D",{"Text":"En un símbolo de la luna en dos\nplataformas de piedra cuadradas juntas."}],
    ["D",{"Text":"Sobre una luna azul, \nenfrente de un tanque."}],
    ["D",{"Text":"Zona densa de meteoritos."}],
    ["D",{"Text":"En un símbolo de la luna en dos\nplataformas de piedra cuadradas juntas."}],
    [{"Text":"Donde se unen dos plataformas\nde piedra."}],
    [{"Text":"Zona densa de meteoritos."}],
    [{"Text":"En una barra de acero entre dos\nplataformas de piedra conectadas."}],
    ["D",{"Text":"Enfrente del cohete atajo."}],
    ["D",{"Text":"Sobre una plataforma \nde piedra cuadrada."}],
    ["D",{"Text":"Cerca del cohete en la torre \nde acero grande del suelo."}],
    ["D",{"Text":"Enfrente del cohete atajo."}],
    ["D",{"Text":"Sobre una plataforma \nde piedra cuadrada."}],
    ["D",{"Text":"Cerca del cohete en la torre \nde acero grande del suelo."}],
    ["D",{"Text":"La lanzadera enorme \nsobre la torre de acero."}],
    ["D",{"Text":"Base en forma \nde pirámide."}],
    ["D",{"Text":"Alrededor de la base de la torre\nde acero grande del suelo."}],
    [{"Text":"Enfrente de la gran puerta \nque nunca se abre."}],
    [{"Text":"En el piso AMARILLO."}],
    [{"Text":"Enfrente de la torre de acero."}],
    ["D",{"Text":"Lava líquida caliente abajo."}],
    ["D",{"Text":"Muy abajo."}],
    ["D",{"Text":"Enfrente del puerto de carga \"0-2\"."}],
    ["D",{"Text":"Cero punto cinco."}],
    ["D",{"Text":"Muy abajo."}],
    ["D",{"Text":"Enfrente del puerto de carga \"0-5\"."}],
    ["D",{"Text":"Torre de perforación."}],
    ["D",{"Text":"Muy abajo."}],
    ["D",{"Text":"Sobre una torre que contiene\nun tubo que se mueve."}],
    ["D",{"Text":"Sobre algo fuerte."}],
    ["D",{"Text":"Muy abajo."}],
    ["D",{"Text":"Sobre una aplanadora amarilla que\nestá en el piso GRAY de abajo."}],
    ["D",{"Text":"Entre las almenaras rotantes."}],
    ["D",{"Text":"En el piso GRAY de abajo."}],
    ["D",{"Text":"Detrás del puerto de carga \"0-1\"."}],
    ["D",{"Text":"Entre las máquinas ruidosas."}],
    ["D",{"Text":"Muy abajo."}],
    ["D",{"Text":"Cerca del peso que se mueve."}],
    ["D",{"Text":"En el centro de la estrella\ntriangular."}],
    ["D",{"Text":"Muy abajo."}],
    ["D",{"Text":"En medio de un símbolo de estrella\nen el piso GRAY."}],
    ["D",{"Text":"Piedra flotante sobre la luna."}],
    ["D",{"Text":"La punta de ARK."}],
    ["D",{"Text":"En una piedra sobre un símbolo \nde luna sobre la plataforma más alta."}],
    [{"Text":"La enorme zona de almacenamiento\nde ARK."}],
    [{"Text":"Entre la torre azul inclinada \ny la torre de acero en el suelo."}],
    [{"Text":"En el contenedor izquierdo \nde los dos contenedores enormes."}],
    [{"Text":"Guardián de acero."}],
    [{"Text":"Entre la torre azul inclinada \ny la torre de acero en el suelo."}],
    [{"Text":"En los tres contenedores enormes\nque están uno al lado del otro."}],
    ["D",{"Text":"¡Sobre el tanque flotante!"}],
    ["D",{"Text":"Un montón de plataformas flotantes."}],
    ["D",{"Text":"Sobre la plataforma encima \nde un contenedor flotante solitario."}],
    ["D",{"Text":"¡Sobre el tanque flotante!"}],
    ["D",{"Text":"Muchos meteoritos,\npequeños y flotantes."}],
    ["D",{"Text":"Sobre una plataforma encima de\nun contenedor flotante solitario."}],
    [{"Text":"¡Tic-tac!"}],
    [{"Text":"Una plataforma de piedra\ncuadrada flotante."}],
    [{"Text":"Intenta romper un contenedor\nen la torre de acero del suelo..."}],
    ["D",{"Text":"El enorme contenedor de ARK."}],
    ["D",{"Text":"Muy abajo."}],
    ["D",{"Text":"Intenta demoler el enorme meteorito \ndesde el puerto de carga \"0-5\"."}],
    ["D",{"Text":"El enorme contenedor de ARK."}],
    ["D",{"Text":"Muy abajo."}],
    ["D",{"Text":"Intenta demoler el enorme meteorito \ndesde el puerto de carga \"0-5\"."}],
    ["D",{"Text":"Un contenedor \ndentro de un contenedor."}],
    ["D",{"Text":"Entre la torre azul inclinada \ny la torre de acero en el suelo."}],
    ["D",{"Text":"En los tres contenedores enormes\nque están uno al lado del otro."}],
    ["D",{"Text":"Dentro de un contenedor que \nestá detrás de un contenedor."}],
    ["D",{"Text":"Entre la torre azul inclinada \ny la torre de acero en el suelo."}],
    ["D",{"Text":"En el contenedor derecho de \nlos dos contenedores enormes."}],
    [{"Text":"Un contenedor que no flota."}],
    [{"Text":"Una gran plataforma flotante."}],
    [{"Text":"En un contenedor sobre una \nplataforma con seis círculos."}],
    ["D",{"Text":"En los contenedores flotantes."}],
    ["D",{"Text":"Entre la torre azul inclinada \ny la torre de acero en el suelo."}],
    ["D",{"Text":"La cuarta gran plataforma flotante\ndesde abajo."}],
    ["D",{"Text":"Al lado del cohete que apunta\nen dirección a ARK."}],
    ["D",{"Text":"En los contenedores flotantes."}],
    ["D",{"Text":"Encima de una gran plataforma\ncon seis círculos."}],
    [{"Text":"Un meteorito rotante rápido."}],
    [{"Text":"Un montón de meteoritos\npequeños."}],
    [{"Text":"Intenta romper el meteorito rotante\ncerca de plataforma de piedra cuadrada."}],
    ["D",{"Text":"Un meteorito rotante rápido."}],
    ["D",{"Text":"Un montón de meteoritos pequeños."}],
    ["D",{"Text":"Intenta romper el meteorito rotante\ncerca de plataforma de piedra cuadrada."}],
    ["D",{"Text":"En una caja cuadrada."}],
    ["D",{"Text":"Muy abajo."}],
    ["D",{"Text":"Un contenedor de madera al lado de la\naplanadora amarilla en el suelo GRAY."}],
    [{"Text":"Detrás de una estrella."}],
    [{"Text":"La punta de ARK."}],
    [{"Text":"Intenta excavar detrás de un balcón con\nuna estrella en una torre azul inclinada."}],
    [{"Text":"Intenta excavar mientras \nmiras a la luna."}],
    [{"Text":"Una gran plataforma \ncon seis círculos."}],
    [{"Text":"Excava bajo una luna en el muro al lado\nde una gran plataforma con un cohete."}],
    [{"Text":"Intenta excavar mientras \nmiras a las estrellas."}],
    [{"Text":"Una gran plataforma \ncon seis círculos."}],
    [{"Text":"Excava bajo una estrella en el muro al lado\nde una gran plataforma con un cohete."}],
    [{"Text":"Intenta excavar mientras \nmiras a la luna."}],
    [{"Text":"Una gran plataforma \ncon seis círculos."}],
    [{"Text":"Excava bajo una luna en el muro al lado\nde una gran plataforma sin contenedor."}],
    [{"Text":"Intenta excavar mientras \nmiras a la luna."}],
    [{"Text":"Una gran plataforma \ncon seis círculos."}],
    [{"Text":"Excava bajo una luna al lado de una gran\nplataforma sin un contenedor flotante."}],
    [{"Text":"Intenta excavar mientras \nmiras a las estrellas."}],
    [{"Text":"Una gran plataforma \ncon seis círculos."}],
    [{"Text":"Cava bajo la estrella del muro junto\na la plataforma con barra de acero."}],
    [{"Text":"Intenta excavar mientras \nmiras a la luna."}],
    [{"Text":"Una gran plataforma \ncon seis círculos."}],
    [{"Text":"Cava bajo la luna del muro junto\na la plataforma con barra de acero."}],
    [{"Text":"Intenta excavar mientras \nmiras a las estrellas."}],
    [{"Text":"Una gran plataforma \ncon seis círculos."}],
    [{"Text":"Cava bajo la estrella del muro junto\na la plataforma con barra de acero."}],
    [{"Text":"Al lado de una barra de mini-acero."}],
    [{"Text":"Una gran plataforma \ncon seis círculos."}],
    [{"Text":"Excava al lado de una barra de acero\nque sale de un muro..."}],
    [{"Text":"Al lado de la barra de mini-acero."}],
    [{"Text":"Una gran plataforma \ncon seis círculos."}],
    [{"Text":"Excava al lado de una barra de acero\nque sale de un muro..."}],
    [{"Text":"Sombra de un tanque flotante."}],
    [{"Text":"Un montón de meteoritos pequeños."}],
    [{"Text":"Excava en la sombra de tanque flotante\nen una plataforma de piedra cuadrada."}],
    [{"Text":"Entre dos almenaras rotantes."}],
    [{"Text":"Un montón de meteoritos pequeños."}],
    [{"Text":"Excava entre dos almenaras en una\nplataforma cuadrada con un resorte..."}],
    [{"Text":"Sombra de un tanque flotante."}],
    [{"Text":"Suelo ROJO."}],
    [{"Text":"Excava en la sombra de tanque flotante\nbajo tres arcos que flotan."}],
    [{"Text":"Sin nada de poder."}],
    [{"Text":"Suelo AMARILLO."}],
    [{"Text":"Excava bajo el peso que se mueve,\nenfrente de la aplanadora..."}],
    [{"Text":"En medio de la almenara\nque da vueltas."}],
    [{"Text":"Límite entre el suelo ROJO \ny el suelo AMARILLO."}],
    [{"Text":"Enterrado en un sitio rodeado de cuatro\nalmenaras por el puerto de carga \"0-5\"."}],
    [{"Text":"Centro de la sombra cuadrada."}],
    [{"Text":"En el piso GRAY de abajo."}],
    [{"Text":"Intenta excavar en medio \nde un peso que se mueve..."}],
    ["D",{"Text":"Bajo una estrella."}],
    ["D",{"Text":"La punta de ARK."}],
    ["D",{"Text":"Intenta excavar detrás de un balcón con\nuna estrella en una torre azul inclinada."}],
    ["D",{"Text":"Entre la luna y las estrellas."}],
    ["D",{"Text":"La punta de ARK."}],
    ["D",{"Text":"Excava entre la luna y los símbolos \nde estrella en la plataforma cuadrada."}],
    [{"Text":"¡Dos contra uno!"}],
    [{"Text":"Una plataforma de piedra\ncuadrada flotante."}],
    [{"Text":"Dos símbolos de estrella y uno de luna\nen una plataforma. Excava en la luna."}],
    [{"Text":"Dos estrellas y una luna."}],
    [{"Text":"Una plataforma de piedra \ncuadrada flotante."}],
    [{"Text":"Dos símbolos de estrella y uno de luna\nen una plataforma. Excava en la luna."}],
    ["D",{"Text":"Una palanca en la jaula."}],
    ["D",{"Text":"Una plataforma de piedra\ncuadrada flotante."}],
    ["D",{"Text":"Excava cerca de la palanca\nde la jaula."}],
    ["D",{"Text":"Una estrella y un misil."}],
    ["D",{"Text":"Una plataforma de piedra\ncuadrada flotante."}],
    ["D",{"Text":"Excava bajo el símbolo de estrella\nen la plataforma con un misil."}],
    ["D",{"Text":"Una luna y un misil."}],
    ["D",{"Text":"Una plataforma de piedra \ncuadrada flotante."}],
    ["D",{"Text":"Excava bajo el símbolo de luna\nen una plataforma con un misil."}],
    [{"Text":"Luna solitaria."}],
    [{"Text":"Cerca de la torre de acero \nen la base con forma de pirámide."}],
    [{"Text":"Excava en el centro de la plataforma\nde piedra con una luna."}],
    ["D",{"Text":"En la base de la almenara\nque da vueltas."}],
    ["D",{"Text":"Una plataforma de piedra\ncuadrada flotante."}],
    ["D",{"Text":"Excava bajo la almenara que sobresale\ndel medio de la plataforma."}],
    ["D",{"Text":"Una estrella entre tres arcos."}],
    ["D",{"Text":"Muy abajo."}],
    ["D",{"Text":"Bajo el símbolo de estrella cerca \nde los tres arcos sobre el piso ROJO."}],
    ["D",{"Text":"Detrás de algo poderoso."}],
    ["D",{"Text":"En el suelo GRAY de abajo."}],
    ["D",{"Text":"Bajo un símbolo de luna \ndetrás de una aplanadora amarilla."}],
    [{"Text":"Enfrente de una gran puerta \nque nunca se abre."}],
    [{"Text":"Suelo AMARILLO."}],
    [{"Text":"Excava bajo la almenara, enfrente \nde la base de forma de pirámide."}],
    [{"Text":"Enfrente de una gran puerta \nque nunca se abre."}],
    [{"Text":"Suelo AMARILLO."}],
    [{"Text":"Excava bajo la almenara, enfrente \nde la base de forma de pirámide."}],
    ["D",{"Text":"Estrellas gemelas."}],
    ["D",{"Text":"Muy abajo."}],
    ["D",{"Text":"Bajo dos símbolos de estrella uno \nal lado del otro sobre el suelo GRAY."}],
    ["D",{"Text":"La primera fase."}],
    ["D",{"Text":"Muy abajo."}],
    ["D",{"Text":"Bajo un símbolo de luna, \nenfrente del puerto de carga \"0-1\"."}],
    ["D",{"Text":"Estrellas gemelas."}],
    ["D",{"Text":"Muy abajo."}],
    ["D",{"Text":"Bajo dos símbolos de estrella uno \nal lado del otro sobre el suelo GRAY."}],
    ["D",{"Text":"Un tanque flotante."}],
    ["D",{"Text":"Una plataforma \nde piedra cuadrada."}],
    ["D",{"Text":"Enterrado en una plataforma de piedra\ncon barras de acero que no terminan."}],
    ["D",{"Text":"Una plataforma de piedra vacía."}],
    ["D",{"Text":"Una plataforma \nde piedra cuadrada."}],
    ["D",{"Text":"Puede estar enterrado en una plataforma\nde piedra que no tiene nada."}],
    ["D",{"Text":"Bajo la sombra más grande."}],
    ["D",{"Text":"Suelo ROJO."}],
    ["D",{"Text":"Puede estar enterrado bajo \nla sombra media de tres arcos."}],
    ["D",{"Text":"Bajo la sombra más grande."}],
    ["D",{"Text":"Suelo ROJO."}],
    ["D",{"Text":"Puede estar enterrado bajo tres arcos\niluminados, pero no tiene una estrella."}],
    ["D",{"Text":"Cerca de una almenara \nque da vueltas."}],
    ["D",{"Text":"Muy abajo."}],
    ["D",{"Text":"Enterrado en un sitio rodeado de cuatro\nalmenaras por el puerto de carga \"0-5\"."}],
    ["D",{"Text":"Centro de la almenara\nque da vueltas."}],
    ["D",{"Text":"Límite entre el suelo ROJO \ny el Suelo AMARILLO."}],
    ["D",{"Text":"Enterrado en un sitio rodeado de cuatro\nalmenaras por el puerto de carga \"0-5\"."}],
    ["D",{"Text":"Centro de una estrella triangular."}],
    ["D",{"Text":"Muy abajo."}],
    ["D",{"Text":"Puede estar enterrado en una\nestrella triangular en el suelo GRAY."}],
    ["D",{"Text":"En los brazos de algo fuerte."}],
    ["D",{"Text":"Muy abajo."}],
    ["D",{"Text":"Enterrado en el suelo cerca de una\naplanadora amarilla en el suelo GRAY."}],
    ["D",{"Text":"Moviéndose lentamente \nen lo alto de ARK."}],
    ["D",{"Text":"Un sitio alto."}],
    ["D",{"Text":"Usa el cohete para subir, después vete\nal lado izquierdo de la plataforma."}],
    ["D",{"Text":"Rodeado de contenedores \nque dan vueltas."}],
    ["D",{"Text":"Un sitio alto."}],
    ["D",{"Text":"En una plataforma con un montón \nde contenedores negros sobre ARK."}],
    ["D",{"Text":"Moviéndose alrededor de la enorme \nzona de almacenamiento de ARK."}],
    ["D",{"Text":"Entre la torre azul inclinada \ny la torre de acero en el suelo."}],
    ["D",{"Text":"Moviéndose entre los tres contenedores\nenormes que están uno al lado del otro."}],
    [{"Text":"Moviéndose enfrente \ndel tanque que flota."}],
    [{"Text":"Una plataforma \nde piedra cuadrada."}],
    [{"Text":"Enterrado en una plataforma de piedra\ncon barras de acero que no terminan."}],
    ["D",{"Text":"Flotando enfrente de tres tanques \nque están uno al lado del otro. "}],
    ["D",{"Text":"Un sitio alto."}],
    ["D",{"Text":"Una gran plataforma flotante encima\nde dos contenedores enormes."}],
    ["D",{"Text":"Flotando alrededor de la luna."}],
    ["D",{"Text":"Un montón de meteoritos pequeños."}],
    ["D",{"Text":"Moviéndose en una plataforma \nde piedra cuadrada."}],
    ["D",{"Text":"Da vueltas alrededor \nde la almenara que gira."}],
    ["D",{"Text":"Un montón de meteoritos pequeños."}],
    ["D",{"Text":"Girando y moviéndose en una plataforma\nde piedra cuadrada con un resorte."}],
    ["D",{"Text":"Merodeando entre los niveles\nsegundo y tercero."}],
    ["D",{"Text":"Cerca de la base \nen forma de pirámide."}],
    ["D",{"Text":"Moviéndose de arriba abajo por\nel pilar dentro de la torre de acero."}],
    [{"Text":"En lo alto de la punta de ARK."}],
    [{"Text":"Un sitio alto."}],
    [{"Text":"Cerca de la punta roja \nde la torre azul inclinada."}],
    [{"Text":"Un contenedor en lo alto de ARK."}],
    [{"Text":"Un sitio alto."}],
    [{"Text":"En los dos contenedores enormes \nal fondo de la torre azul inclinada."}],
    [{"Text":"La jaula en el contenedor."}],
    [{"Text":"En un contenedor \nde almacenamiento."}],
    [{"Text":"¡Haz un Triple Punch Upper!"}],
    [{"Text":"Un vistazo del meteorito."}],
    [{"Text":"Un sitio alto."}],
    [{"Text":"Dentro de un meteorito que ves usando\nel cohete hacia el centro de ARK."}],
    [{"Text":"¡Salta desde la estrella!"}],
    [{"Text":"Un montón de meteoritos."}],
    [{"Text":"El meteorito más alejado que ves\ndespués de usar el resorte."}],
    [{"Text":"¡Salta desde la estrella!"}],
    [{"Text":"Un montón de meteoritos."}],
    [{"Text":"El meteorito que gira más grande y \nrápido que ves al usar el resorte."}],
    [{"Text":"¡Salta desde la estrella!"}],
    [{"Text":"Un montón de meteoritos."}],
    [{"Text":"El meteorito que gira más pequeño\ny rápido que ves al usar el resorte."}],
    [{"Text":"¡Usa un meteorito que vuela \ncuando lo golpeas!"}],
    [{"Text":"Base en forma \nde pirámide."}],
    [{"Text":"Intenta tirar un meteorito \na la puerta que parpadea."}],
    [{"Text":"¡Usa un meteorito que vuela \ncuando lo golpeas!"}],
    [{"Text":"Base en forma \nde pirámide."}],
    [{"Text":"Intenta tirar un meteorito a la puerta\nque parpadea cerca del símbolo de luna."}],
    [{"Text":"Gafas de sol."}],
    [{"Text":"La punta de la barra de acero."}],
    [{"Text":"¡Intenta llegar al resorte\nque está en suspensión!"}],
    [{"Text":"Ponte gafas de sol en la luna."}],
    [{"Text":"La torre azul inclinada."}],
    [{"Text":"Más allá de los Rings que ves cuando\nte pones las gafas de sol en la luna."}],
    ["D",{"Text":"Líquido peligroso."}],
    ["D",{"Text":"Una gran plataforma flotante."}],
    ["D",{"Text":"¡Derrota al enemigo de agua!"}],
    ["D",{"Text":"Líquido peligroso."}],
    ["D",{"Text":"Una pieza de ARK."}],
    ["D",{"Text":"Destruye al enemigo de agua \nen la punta de ARK."}],
    ["D",{"Text":"Gotas de agua peligrosas."}],
    ["D",{"Text":"Un sitio alto."}],
    ["D",{"Text":"Destruye al enemigo de agua \nen la punta de ARK."}],
    ["D",{"Text":"Una máquina de GUN \nestá protegiendo a ARK."}],
    ["D",{"Text":"Un sitio alto."}],
    ["D",{"Text":"Destruye la máquina de GUN \nen la punta de ARK."}],
    ["D",{"Text":"Gotas de agua malvadas."}],
    ["D",{"Text":"Bajo el suelo de los\nmeteoritos pequeños."}],
    ["D",{"Text":"Enemigo de agua en una plataforma con\nresorte cerca de contenedores enormes."}],
    ["D",{"Text":"Algo sellado."}],
    ["D",{"Text":"Muy abajo."}],
    ["D",{"Text":"Intenta meter el meteorito en una caja\nazul en el puerto de carga \"0-3\"."}],
    ["D",{"Text":"Algo sellado."}],
    ["D",{"Text":"Muy abajo."}],
    ["D",{"Text":"Intenta meter el meteorito en una caja\nazul en el puerto de carga \"0-1\"."}],
    ["D",{"Text":""}],
    ["D",{"Text":""}],
    ["D",{"Text":""}],
    ["D",{"Text":""}],
    ["D",{"Text":""}],
    ["D",{"Text":""}],
    ["D",{"Text":""}],
    ["D",{"Text":""}],
    ["D",{"Text":""}],
    ["D",{"Text":""}],
    ["D",{"Text":""}],
    ["D",{"Text":""}],
    ["D",{"Text":""}],
    ["D",{"Text":""}],
    ["D",{"Text":""}],
    ["D",{"Text":""}],
    ["D",{"Text":""}],
    ["D",{"Text":""}],
    ["D",{"Text":""}],
    ["D",{"Text":""}],
    ["D",{"Text":""}],
    ["D",{"Text":""}],
    ["D",{"Text":""}],
    ["D",{"Text":""}],
    ["D",{"Text":""}],
    ["D",{"Text":""}],
    ["D",{"Text":""}],
    ["D",{"Text":""}],
    ["D",{"Text":""}],
    ["D",{"Text":""}],
    ["D",{"Text":""}],
    ["D",{"Text":""}],
    ["D",{"Text":""}],
    ["D",{"Text":""}],
    ["D",{"Text":""}],
    ["D",{"Text":""}],
    ["D",{"Text":""}],
    ["D",{"Text":""}],
    ["D",{"Text":""}],
    ["D",{"Text":""}],
    ["D",{"Text":""}],
    ["D",{"Text":""}],
    ["D",{"Text":""}],
    ["D",{"Text":""}],
    ["D",{"Text":""}],
    ["D",{"Text":""}],
    ["D",{"Text":""}],
    ["D",{"Text":""}],
    ["D",{"Text":""}],
    ["D",{"Text":""}],
    ["D",{"Text":""}],
    ["D",{"Text":""}],
    ["D",{"Text":""}],
    ["D",{"Text":""}],
    ["D",{"Text":""}],
    ["D",{"Text":""}],
    ["D",{"Text":""}],
    ["D",{"Text":""}],
    ["D",{"Text":""}],
    ["D",{"Text":""}],
    ["D",{"Text":""}],
    ["D",{"Text":""}],
    ["D",{"Text":""}],
    ["D",{"Text":""}],
    ["D",{"Text":""}],
    ["D",{"Text":""}],
    ["D",{"Text":""}],
    ["D",{"Text":""}],
    ["D",{"Text":""}],
    ["D",{"Text":""}],
    ["D",{"Text":""}],
    ["D",{"Text":""}],
    ["D",{"Text":""}],
    ["D",{"Text":""}],
    ["D",{"Text":""}],
    ["D",{"Text":""}],
    ["D",{"Text":""}],
    ["D",{"Text":""}],
    ["D",{"Text":""}],
    ["D",{"Text":""}],
    ["D",{"Text":""}],
    ["D",{"Text":""}],
    ["D",{"Text":""}],
    ["D",{"Text":""}],
    ["D",{"Text":""}],
    ["D",{"Text":""}],
    ["D",{"Text":""}],
    ["D",{"Text":""}],
    ["D",{"Text":""}],
    ["D",{"Text":""}],
    ["D",{"Text":""}],
    ["D",{"Text":""}],
    ["D",{"Text":""}],
    ["D",{"Text":""}],
    ["D",{"Text":""}],
    ["D",{"Text":""}],
    ["D",{"Text":""}],
    ["D",{"Text":""}],
    ["D",{"Text":""}],
    ["D",{"Text":""}],
    ["D",{"Text":""}],
    ["D",{"Text":""}]
  ]
}