{
  "language": "English",
  "texts": [
	["D",{"Text":"The nape of the neck."}],
	["D",{"Text":"Shadow of the nine flames."}],
	["D",{"Text":"Behind the lion statue\nin the red room."}],
	["D",{"Text":"Roasted keys..."}],
	["D",{"Text":"Above the big flame."}],
	["D",{"Text":"Red room."}],
	["D",{"Text":"Corner light."}],
	["D",{"Text":"Entrance on the right\nand left side."}],
	["D",{"Text":"In the corner of a path\nto the red room."}],
	["D",{"Text":"The treasure that you can't open."}],
	["D",{"Text":"The light never reaches there."}],
	["D",{"Text":"Small underwater room\nin the blue room."}],
	[{"Text":"Gorilla's hideout."}],
	[{"Text":"Near the ceiling."}],
	[{"Text":"Dead end room on the path to\nthe green room."}],
	[{"Text":"You can see it far away, but you can't\nsee it when you get closer..."}],
	[{"Text":"Round path."}],
	[{"Text":"Under the trap of the Pyramid Core."}],
	[{"Text":"Above the red ball."}],
	[{"Text":"Glowing ancient characters."}],
	[{"Text":"The room between the red room\nand the blue room."}],
	[{"Text":"Huge black wall."}],
	[{"Text":"Machine's path."}],
	[{"Text":"In the cage between the red room\nand the blue room."}],
	["D",{"Text":"Black and yellow stripes."}],
	["D",{"Text":"Machine's path."}],
	["D",{"Text":"On the curved path to the red room."}],
	["D",{"Text":"Above the small flame."}],
	["D",{"Text":"Cube-shaped small room."}],
	["D",{"Text":"Small room with a hole\nnear the red room."}],
	["D",{"Text":"Two mouths."}],
	["D",{"Text":"Red path."}],
	["D",{"Text":"On the U-shaped ledge on the path\nthat looks like stairs."}],
	["D",{"Text":"Water bug. "}],
	["D",{"Text":"Near the big stone statue."}],
	["D",{"Text":"Underwater area of the blue room."}],
	["D",{"Text":"Snakes looking at each other."}],
	["D",{"Text":"Where the blue flame is."}],
	["D",{"Text":"On the U-shaped ledge on\nthe path that looks like stairs."}],
	["D",{"Text":"Cowering beetle."}],
	["D",{"Text":"Near the blue light."}],
	["D",{"Text":"At the corner of a path to\nthe center of the blue room."}],
	["D",{"Text":"Between the legs."}],
	["D",{"Text":"Pale long legs."}],
	["D",{"Text":"Underwater area of the blue room."}],
	["D",{"Text":"Bug's food."}],
	["D",{"Text":"Six bugs lined up on the wall."}],
	["D",{"Text":"Near the ceiling of the blue room."}],
	["D",{"Text":"White dot indicates blue."}],
	["D",{"Text":"Buried in the ancient wall painting."}],
	["D",{"Text":"On the map monitor in the blue room."}],
	["D",{"Text":"Long vertical white line. "}],
	["D",{"Text":"Blue lines on both sides."}],
	["D",{"Text":"Long vertical path to the blue room."}],
	["D",{"Text":"Above the small flame."}],
	["D",{"Text":"Cube-shaped small room."}],
	["D",{"Text":"Dead end of the blue path."}],
	["D",{"Text":"Bat's nest."}],
	["D",{"Text":"Shadow of the green flame."}],
	["D",{"Text":"On the bird statue in the green room."}],
	["D",{"Text":"The bat and the hourglass."}],
	["D",{"Text":"Small room with green walls."}],
	["D",{"Text":"Path to the core to the green room."}],
	["D",{"Text":"Fly higher than a bird!"}],
	["D",{"Text":"Where the green flame is."}],
	["D",{"Text":"On the bird statue in the green room."}],
	["D",{"Text":"E - 01."}],
	["D",{"Text":"Machine's path."}],
	["D",{"Text":"Path to the green room."}],
	["D",{"Text":"It will appear when you get closer..."}],
	["D",{"Text":"On the black iron..."}],
	["D",{"Text":"Path to the green room."}],
	["D",{"Text":"Bug's defense."}],
	["D",{"Text":"The room with nine flames."}],
	["D",{"Text":"Near the ceiling of the green room."}],
	["D",{"Text":"Eyes bugged out...?"}],
	["D",{"Text":"Where the green flame is."}],
	["D",{"Text":"Green room."}],
	["D",{"Text":"Stink Bug..."}],
	["D",{"Text":"In front of a big flame."}],
	["D",{"Text":"Green room."}],
	["D",{"Text":"Embarrassing place."}],
	["D",{"Text":"The Pyramid Core."}],
	["D",{"Text":"Behind the Eggman stone statue."}],
	["D",{"Text":"E - 01."}],
	["D",{"Text":"The Pyramid Core."}],
	["D",{"Text":"Wall of the big machine in the center."}],
	["D",{"Text":"Scorpion tattoo."}],
	["D",{"Text":"On the big back."}],
	["D",{"Text":"In the stone statue \nin the Pyramid Core."}],
	["D",{"Text":"Patterned shorts."}],
	["D",{"Text":"Blue stripes on the side."}],
	["D",{"Text":"Behind the stone statue\nat the Pyramid Core."}],
	["D",{"Text":"Yellow and black stripes."}],
	["D",{"Text":"Between the red pillars."}],
	["D",{"Text":"The room between the red room\nand green room."}],
	["D",{"Text":"Beauty and the beast."}],
	["D",{"Text":"The golden box."}],
	["D",{"Text":"Small room on the ceiling\nof the red room."}],
	["D",{"Text":"Treasure chest protected\nby a scorpion."}],
	["D",{"Text":"Small room."}],
	["D",{"Text":"Small room on the ceiling\nof the red room."}],
	[{"Text":"In the treasure chest."}],
	[{"Text":"Small room with four pillars."}],
	[{"Text":"Secret room that you can enter from\nthe area next to the blue room."}],
	["D",{"Text":"Golden goddess."}],
	["D",{"Text":"Follow the bug..."}],
	["D",{"Text":"Small room on the ceiling\nof the blue room."}],
	["D",{"Text":"Bugs don't like it."}],
	["D",{"Text":"Golden box."}],
	["D",{"Text":"Small room on the ceiling\nof the green room."}],
	["D",{"Text":"Two containers."}],
	["D",{"Text":"The pillar that you can't climb."}],
	["D",{"Text":"The container on the pillar \nin the Pyramid Core."}],
	["D",{"Text":"Three tails."}],
	["D",{"Text":"Two red flames."}],
	["D",{"Text":"Dig into the three scorpion plates\non the path near the red room."}],
	[{"Text":"Ghost protects the goddess."}],
	[{"Text":"The room with no entrance."}],
	[{"Text":"Secret room between the\nred room and blue room."}],
	["D",{"Text":"Three container brothers."}],
	["D",{"Text":"Red path."}],
	["D",{"Text":"In the corner of the path\nthat looks like stairs."}],
	["D",{"Text":"Four square pillars."}],
	["D",{"Text":"Blue path."}],
	["D",{"Text":"Center of the vertical path to\nthe blue room."}],
	["D",{"Text":"In the middle of red eyes."}],
	["D",{"Text":"In the container."}],
	["D",{"Text":"Blue room."}],
	["D",{"Text":"Golden goddess."}],
	["D",{"Text":"Blue path."}],
	["D",{"Text":"Small room on the path \nto the center of the blue room."}],
	["D",{"Text":"Golden goddess."}],
	["D",{"Text":"Where the green flame is."}],
	["D",{"Text":"The box in the green room."}],
	["D",{"Text":"Treasure chest storage."}],
	["D",{"Text":"Green room."}],
	["D",{"Text":"On the U-shaped ledge\non the path that looks like stairs."}],
	["D",{"Text":"Junk storage."}],
	["D",{"Text":"Green treasure chest."}],
	["D",{"Text":"Next to the green room."}],
	["D",{"Text":"Shoe box."}],
	["D",{"Text":"Big feet."}],
	["D",{"Text":"By the foot of the stone statue \nin the Pyramid Core."}],
	[{"Text":"Four suns looking at each other."}],
	[{"Text":"In the ground."}],
	[{"Text":"Center of the four Eggman\nsymbols on the red path."}],
	[{"Text":"Where the scorpion used to be."}],
	[{"Text":"Small room with four pillars."}],
	[{"Text":"Secret room between the\nred room and blue room."}],
	["D",{"Text":"Scorpion hiding in a box."}],
	["D",{"Text":"In the ground."}],
	["D",{"Text":"At the corner of the red path \nthat looks like stairs."}],
	[{"Text":"Rescue Chao who is\nhunted by a scorpion!"}],
	[{"Text":"In the ground."}],
	[{"Text":"The entrance to the red room \ncoming from the Pyramid Core."}],
	[{"Text":"The only one who is looking down."}],
	[{"Text":"Small room with four pillars."}],
	[{"Text":"Secret room that you can enter from\nthe area next to the blue room."}],
	[{"Text":"Between four pillars."}],
	[{"Text":"The room with two flames."}],
	[{"Text":"Secret room that you can enter from\nthe area next to the blue room."}],
	[{"Text":"Under the red jewel."}],
	[{"Text":"Where the blue flame is."}],
	[{"Text":"In the ground near the blue room. \nLook for the bug on the ceiling."}],
	[{"Text":"The area that four scorpions\nare looking at."}],
	[{"Text":"The room with four pillars."}],
	[{"Text":"Dig in the center area\nof the blue room."}],
	["D",{"Text":"Gorilla's chase."}],
	["D",{"Text":"In the ground."}],
	["D",{"Text":"Dead end room on the path\nto the green room."}],
	[{"Text":"Connect the dots."}],
	[{"Text":"Near the green room."}],
	[{"Text":"Dig in the area following\nthe scorpion's direction..."}],
	[{"Text":"Two guys far away from each other."}],
	[{"Text":"Two scorpion plates."}],
	[{"Text":"In the middle of the narrow path \nto the center of the green room."}],
	["D",{"Text":"Bug tree."}],
	["D",{"Text":"At the base of the tree."}],
	["D",{"Text":"Green path with four pillars."}],
	[{"Text":"Dig in the area in front\nof the scorpion!"}],
	[{"Text":"The bug will show you\nwhere the scorpion is."}],
	[{"Text":"Under the scorpion plate on\nthe wall of the core area."}],
	[{"Text":"Two Eggmans facing each other."}],
	[{"Text":"A ring is buried on one side and\na key is buried on the other side.  "}],
	[{"Text":"Machine's path to the blue room."}],
	[{"Text":"The Eggman with a red nose."}],
	[{"Text":"Under the square hole."}],
	[{"Text":"Secret room between the\nred room and green room."}],
	[{"Text":"Find the red scorpion\nhiding in a hole!"}],
	[{"Text":"The room with no entrance."}],
	[{"Text":"Secret room between the\nred room and green room."}],
	[{"Text":"Scramble for the skull..."}],
	[{"Text":"Two guys with lion faces."}],
	[{"Text":"Entrance to the red room from \nthe Pyramid Core."}],
	["D",{"Text":"Tilted picture."}],
	["D",{"Text":"The room with nine flames."}],
	["D",{"Text":"Wall of the red room."}],
	["D",{"Text":"Bugs chatting."}],
	["D",{"Text":"Large room."}],
	["D",{"Text":"Near the ceiling of the red room."}],
	["D",{"Text":"The place where the bug used to be."}],
	["D",{"Text":"Where the red flame is."}],
	["D",{"Text":"Near the ceiling of the red room."}],
	[{"Text":"Where the light used to be shining."}],
	[{"Text":"You came here once before, right?"}],
	[{"Text":"Where the Hammer Gloves used to be."}],
	["D",{"Text":"Bug's baby."}],
	["D",{"Text":"Buried in a wall."}],
	["D",{"Text":"Near the ceiling of the red room."}],
	[{"Text":"Triangle flame."}],
	[{"Text":"Where the water is."}],
	[{"Text":"Between three lights in the blue room."}],
	[{"Text":"Two beautiful women on the flame."}],
	[{"Text":"In the wall."}],
	[{"Text":"The vertical long path\nto the blue room."}],
	["D",{"Text":"Scorpions who don't get along."}],
	["D",{"Text":"Path with four pillars."}],
	["D",{"Text":"Wall by the U-shaped ledge\non the blue path."}],
	[{"Text":"The only one who\nis looking the other way..."}],
	[{"Text":"Six bugs lined up on the wall."}],
	[{"Text":"Wall near the ceiling shaped\nlike stairs in the blue room."}],
	[{"Text":"Four leaves."}],
	[{"Text":"Where the green flame is."}],
	[{"Text":"Small step in the green room."}],
	["D",{"Text":"Peek-a-boo Eggman."}],
	["D",{"Text":"In the ground."}],
	["D",{"Text":"Eggman in the green room."}],
	["D",{"Text":"Two gatekeepers."}],
	["D",{"Text":"Bird's head and human body."}],
	["D",{"Text":"Wall by the entrance to the green\nroom from the Pyramid Core."}],
	["D",{"Text":"Huge bug."}],
	["D",{"Text":"Green wall."}],
	["D",{"Text":"Buried above the huge wall\ndecoration by the green room."}],
	["D",{"Text":"Heart..."}],
	["D",{"Text":"On the right hand."}],
	["D",{"Text":"Inside of the stone statue\nin the Pyramid Core."}],
	[{"Text":"A bat and a scorpion."}],
	[{"Text":"Where the blue flame is."}],
	[{"Text":"Wall of the switch room \non the machine's path."}],
	[{"Text":""}],
	[{"Text":""}],
	[{"Text":""}],
	[{"Text":""}],
	[{"Text":""}],
	[{"Text":""}],
	[{"Text":""}],
	[{"Text":""}],
	[{"Text":""}],
	[{"Text":""}],
	[{"Text":""}],
	[{"Text":""}],
	[{"Text":""}],
	[{"Text":""}],
	[{"Text":""}],
	[{"Text":""}],
	[{"Text":""}],
	[{"Text":""}],
	[{"Text":""}],
	[{"Text":""}],
	[{"Text":""}],
	[{"Text":""}],
	[{"Text":""}],
	[{"Text":""}],
	[{"Text":"Go up, then go right and\nleft by the wind power."}],
	[{"Text":"Glowing ancient characters."}],
	[{"Text":"Machine's path to the red room."}],
	["D",{"Text":"Bugs on patrol."}],
	["D",{"Text":"Five horizontal bugs."}],
	["D",{"Text":"Near the ceiling of the red room."}],
	[{"Text":"There is a flame, \nbut no light can reach there."}],
	[{"Text":"Under the square shadow."}],
	[{"Text":"Wall near the ceiling that is shaped\nlike stairs in the blue path."}],
	[{"Text":"Flying fish swimming in the sand."}],
	[{"Text":"The room with a treasure chest."}],
	[{"Text":"Secret room that you can enter from\nthe area next to the blue room."}],
	["D",{"Text":"Wandering ghost."}],
	["D",{"Text":"Room with four pillars."}],
	["D",{"Text":"Path to the center of\nthe green room."}],
	["D",{"Text":"Merry-go-round."}],
	["D",{"Text":"Around eight pillars."}],
	["D",{"Text":"Suspended circle over\nthe Pyramid Core."}],
	["D",{"Text":"Angel's ring."}],
	["D",{"Text":"Under the glowing ancient characters."}],
	["D",{"Text":"Stone statue at the Pyramid Core."}],
	[{"Text":"On the square cliff."}],
	[{"Text":"In front of the hourglass."}],
	[{"Text":"Under the moving trap\non the machine's path."}],
	[{"Text":"Iron protects the safe."}],
	[{"Text":"The room with no entrance."}],
	[{"Text":"Secret room between the red room\nand the green room."}],
	["D",{"Text":"Eggman's eye level."}],
	["D",{"Text":"Altitude of  50 feet. "}],
	["D",{"Text":"Glide to the Eggman statue \nfrom the pillar in the center..."}],
	[{"Text":"Two bugs who gather in two trees."}],
	[{"Text":"Room where Omochao is."}],
	[{"Text":"Next to the red room."}],
	[{"Text":"Flat Eggman."}],
	[{"Text":"Room with four pillars."}],
	[{"Text":"Dig into the eye of the Eggman\nmark on the blue path!"}],
	[{"Text":"It's floating between the flames..."}],
	[{"Text":"Bird food."}],
	[{"Text":"Center of the green room."}],
	[{"Text":"Above Omochao."}],
	[{"Text":"Machine's path."}],
	[{"Text":"Watch out for the trap on the path\nto the green room."}],
	[{"Text":"Flat scorpion."}],
	[{"Text":"In the ground."}],
	[{"Text":"Dig into the scorpion under the trap \nset on the core!"}],
	[{"Text":"Under the red light."}],
	[{"Text":"In the dark ground."}],
	[{"Text":"Center of the moving trap\non the machine's path."}],
	[{"Text":"Invisible ground."}],
	[{"Text":"The room with no entrance."}],
	[{"Text":"Dig in the center of the room\nusing the hourglass."}],
	[{"Text":"There is a black cockroach\non the table."}],
	[{"Text":"Underwater."}],
	[{"Text":"In a secret underwater room in\na hole in the Pyramid Core floor."}],
	[{"Text":"Double sliding floor."}],
	[{"Text":"Inverted underwater room."}],
	[{"Text":"The hourglass to open the sliding\nfloor is in the upper room."}],
	["D",{"Text":"Red body."}],
	["D",{"Text":"On the steel grate."}],
	["D",{"Text":"Center of the moving trap\non the machine's path."}],
	["D",{"Text":"Black eyes."}],
	["D",{"Text":"Green Eggman mark."}],
	["D",{"Text":"Huge ghost on the green path."}],
	["D",{"Text":"Sniper."}],
	["D",{"Text":"Blue path. "}],
	["D",{"Text":"On the U-shaped ledge on the\npath that looks like stairs."}],
	["D",{"Text":"Angry man."}],
	["D",{"Text":"Where the blue flame is."}],
	["D",{"Text":"Robot on the path to the\ncenter of the blue room."}],
	["D",{"Text":"Can't get out of the room..."}],
	["D",{"Text":"Room with blue walls."}],
	["D",{"Text":"Huge ghost standing next to \nthe blue room."}],
	["D",{"Text":"Angry guy."}],
	["D",{"Text":"Machine's path."}],
	["D",{"Text":"Robot on the path to the center of\nthe green room."}],
	[{"Text":"Fire dance."}],
	[{"Text":"Room with the glowing floor."}],
	[{"Text":"Path connected to the red room\nand blue room."}],
	[{"Text":"Angry guy."}],
	[{"Text":"On the steel grate."}],
	[{"Text":"Path connected to the red room \nand the blue room."}],
	[{"Text":"Can't get out of the room..."}],
	[{"Text":"Room with red walls."}],
	[{"Text":"Huge ghost standing next to \nthe red room."}],
	[{"Text":"Burning mad..."}],
	[{"Text":"In front of the map monitor."}],
	[{"Text":"Robot between the red room \nand the green room."}],
	["D",{"Text":"White family."}],
	["D",{"Text":"Where the green flame is."}],
	["D",{"Text":"Huge ghost on a path to the\ncenter of the green room."}],
	["D",{"Text":"Black eyes."}],
	["D",{"Text":"Wandering between the pillars."}],
	["D",{"Text":"Huge ghost in the Pyramid Core."}],
	["D",{"Text":"Big marshmallow."}],
	["D",{"Text":"Wandering between the pillars."}],
	["D",{"Text":"Huge ghost in the Pyramid Core."}],
	["D",{"Text":""}],
	["D",{"Text":""}],
	["D",{"Text":""}],
	["D",{"Text":""}],
	["D",{"Text":""}],
	["D",{"Text":""}],
	["D",{"Text":""}],
	["D",{"Text":""}],
	["D",{"Text":""}],
	["D",{"Text":""}],
	["D",{"Text":""}],
	["D",{"Text":""}],
	["D",{"Text":""}],
	["D",{"Text":""}],
	["D",{"Text":""}],
	["D",{"Text":""}],
	["D",{"Text":""}],
	["D",{"Text":""}],
	["D",{"Text":""}],
	["D",{"Text":""}],
	["D",{"Text":""}],
	["D",{"Text":""}],
	["D",{"Text":""}],
	["D",{"Text":""}],
	["D",{"Text":""}],
	["D",{"Text":""}],
	["D",{"Text":""}],
	["D",{"Text":""}],
	["D",{"Text":""}],
	["D",{"Text":""}],
	["D",{"Text":""}],
	["D",{"Text":""}],
	["D",{"Text":""}],
	["D",{"Text":""}],
	["D",{"Text":""}],
	["D",{"Text":""}],
	["D",{"Text":""}],
	["D",{"Text":""}],
	["D",{"Text":""}],
	["D",{"Text":""}],
	["D",{"Text":""}],
	["D",{"Text":""}],
	["D",{"Text":""}],
	["D",{"Text":""}],
	["D",{"Text":""}],
	["D",{"Text":""}],
	["D",{"Text":""}],
	["D",{"Text":""}],
	["D",{"Text":""}],
	["D",{"Text":""}],
	["D",{"Text":""}],
	["D",{"Text":""}],
	["D",{"Text":""}],
	["D",{"Text":""}],
	["D",{"Text":""}],
	["D",{"Text":""}],
	["D",{"Text":""}],
	["D",{"Text":""}],
	["D",{"Text":""}],
	["D",{"Text":""}],
	["D",{"Text":""}],
	["D",{"Text":""}],
	["D",{"Text":""}],
	["D",{"Text":""}],
	["D",{"Text":""}],
	["D",{"Text":""}],
	["D",{"Text":""}],
	["D",{"Text":""}],
	["D",{"Text":""}],
	["D",{"Text":""}],
	["D",{"Text":""}],
	["D",{"Text":""}],
	["D",{"Text":""}],
	["D",{"Text":""}],
	["D",{"Text":""}],
	["D",{"Text":""}],
	["D",{"Text":""}],
	["D",{"Text":""}],
	["D",{"Text":""}],
	["D",{"Text":""}],
	["D",{"Text":""}],
	["D",{"Text":""}],
	["D",{"Text":""}],
	["D",{"Text":""}]
  ]
}