{
  "language": "English",
  "texts": [
    [{"Text":"Proteger \"Azul\"."}],
    [{"Text":"Una habitación oscura."}],
    [{"Text":"Entre las cajas."}],
    [{"Text":"Aire acondicionado \nde la Sala de Seguridad."}],
    [{"Text":"Una habitación oscura."}],
    [{"Text":"En la palanca ROJA."}],
    ["D",{"Text":"Un lugar protegido por láser."}],
    ["D",{"Text":"Bloque \"A\"."}],
    ["D",{"Text":"Entre las cajas."}],
    ["D",{"Text":"Escondido allí arriba..."}],
    ["D",{"Text":"Bloque \"A\"."}],
    ["D",{"Text":"En el conducto de aire cuadrado."}],
    ["D",{"Text":"Escondido allí arriba..."}],
    ["D",{"Text":"Bloque \"B\"."}],
    ["D",{"Text":"En el conducto de aire cuadrado."}],
    ["D",{"Text":"Es un suelo y, también, un techo."}],
    ["D",{"Text":"Suelo AMARILLO."}],
    ["D",{"Text":"Entre los bloques \"B\" y \"C\"."}],
    ["D",{"Text":"Escondido allí arriba..."}],
    ["D",{"Text":"Bloque \"C\"."}],
    ["D",{"Text":"Cerca del techo."}],
    ["D",{"Text":"Un hueco de tres pies."}],
    ["D",{"Text":"Bloque \"C\"."}],
    ["D",{"Text":"En el conducto del aire, \nen el suelo AMARILLO."}],
    ["D",{"Text":"Un lugar protegido por espinas."}],
    ["D",{"Text":"Callejón sin salida."}],
    ["D",{"Text":"Al final del bloque \"A\"."}],
    ["D",{"Text":"Caja fuerte inútil."}],
    ["D",{"Text":"Suelo AMARILLO."}],
    ["D",{"Text":"Bloque \"A\"."}],
    ["D",{"Text":"Caja fuerte inútil."}],
    ["D",{"Text":"Suelo AZUL."}],
    ["D",{"Text":"Bloque \"A\"."}],
    ["D",{"Text":"Dos contenedores, \nuno en frente del otro."}],
    ["D",{"Text":"Bloque \"A\"."}],
    ["D",{"Text":"En el conducto de aire cuadrado."}],
    ["D",{"Text":"Contenedor de dos colores."}],
    ["D",{"Text":"Bloque \"A\"."}],
    ["D",{"Text":"En una caja grande."}],
    ["D",{"Text":"Un lugar protegido por láser."}],
    ["D",{"Text":"Suelo AZUL."}],
    ["D",{"Text":"Al final del bloque \"A\"."}],
    ["D",{"Text":"Dos contenedores, \nuno en frente del otro."}],
    ["D",{"Text":"Bloque \"A\"."}],
    ["D",{"Text":"En la valla."}],
    ["D",{"Text":"Escondido allí arriba..."}],
    ["D",{"Text":"Bloque \"A\"."}],
    ["D",{"Text":"Bajo el conducto de aire cuadrado."}],
    ["D",{"Text":"Caja fuerte inútil."}],
    ["D",{"Text":"Suelo AMARILLO."}],
    ["D",{"Text":"Bloque \"B\"."}],
    ["D",{"Text":"Caja fuerte inútil."}],
    ["D",{"Text":"Suelo AZUL."}],
    ["D",{"Text":"Bloque \"B\"."}],
    [{"Text":"¿Montando en ____?"}],
    [{"Text":"Suelo AMARILLO."}],
    [{"Text":"Bloque \"B\"."}],
    [{"Text":"¿Montando en ____?"}],
    [{"Text":"Cerca del techo."}],
    [{"Text":"Entre los bloques \"A\" y \"B\"."}],
    ["D",{"Text":"Bajo el contenedor irrompible."}],
    ["D",{"Text":"Bloque \"B\"."}],
    ["D",{"Text":"Bajo el conducto de aire cuadrado."}],
    ["D",{"Text":"Rayas negras y amarillas."}],
    ["D",{"Text":"Cerca del muro."}],
    ["D",{"Text":"En la esquina del bloque \"A\" y\nel bloque \"B\"."}],
    [{"Text":"Se ve desde abajo, pero \nno se puede llegar desde abajo."}],
    [{"Text":"El sitio por el que pasas a menudo."}],
    [{"Text":"Pasadizo a la habitación superior."}],
    ["D",{"Text":"Contenedor de dos colores."}],
    ["D",{"Text":"Bloque \"B\"."}],
    ["D",{"Text":"Una habitación pequeña \nque tiene un cohete."}],
    ["D",{"Text":"Caja fuerte inútil."}],
    ["D",{"Text":"Suelo AZUL."}],
    ["D",{"Text":"Bloque \"C\"."}],
    ["D",{"Text":"Caja fuerte inútil."}],
    ["D",{"Text":"Suelo AMARILLO."}],
    ["D",{"Text":"Bloque \"C\"."}],
    ["D",{"Text":"El sitio donde se usa \nmás electricidad."}],
    ["D",{"Text":"Callejón sin salida."}],
    ["D",{"Text":"Al final del bloque \"C\"."}],
    ["D",{"Text":"Dos contenedores, \nuno en frente del otro."}],
    ["D",{"Text":"Bloque \"C\"."}],
    ["D",{"Text":"En el conducto de aire cuadrado."}],
    ["D",{"Text":"Tres cilindros."}],
    ["D",{"Text":"Muy abajo."}],
    ["D",{"Text":"Bloque \"C\"."}],
    ["D",{"Text":"Contenedor de dos colores."}],
    ["D",{"Text":"Bloque \"C\"."}],
    ["D",{"Text":"En una caja grande."}],
    ["D",{"Text":"Rayas negras y amarillas."}],
    ["D",{"Text":"Cerca del muro."}],
    ["D",{"Text":"En la esquina del bloque \"B\" y\nel bloque \"C\"."}],
    ["D",{"Text":"Dos contenedores, \nuno en frente del otro."}],
    ["D",{"Text":"Bloque \"C\"."}],
    ["D",{"Text":"En la valla."}],
    [{"Text":"Si le das una patada, se enfada\nmucho y se vuelve rojo."}],
    [{"Text":"Una habitación oscura."}],
    [{"Text":"Un tanque cerca \nde la palanca AZUL."}],
    [{"Text":"Contenedor de dos colores."}],
    [{"Text":"En la valla."}],
    [{"Text":"Habitación de la palanca."}],
    ["D",{"Text":"Contenedor de dos colores."}],
    ["D",{"Text":"Cerca del buzón."}],
    ["D",{"Text":"En el contenedor."}],
    ["D",{"Text":"Aire acondicionado \nde la Sala de Seguridad."}],
    ["D",{"Text":"Bloque \"A\"."}],
    ["D",{"Text":"En el tanque."}],
    ["D",{"Text":"Dos ____ que miran\nhacia abajo."}],
    ["D",{"Text":"Bloque \"B\"."}],
    ["D",{"Text":"En el tanque."}],
    ["D",{"Text":"Un lugar protegido por láser."}],
    ["D",{"Text":"Bajo la luz débil."}],
    ["D",{"Text":"Habitación pequeña \nque tiene un cohete."}],
    ["D",{"Text":"Si le das una patada, se enfada\nmucho y se vuelve rojo."}],
    ["D",{"Text":"Callejón sin salida."}],
    ["D",{"Text":"Un tanque en el bloque \"C\"."}],
    ["D",{"Text":"Un lugar protegido por láser."}],
    ["D",{"Text":"Suelo AZUL."}],
    ["D",{"Text":"En el tanque."}],
    [{"Text":"En el tanque."}],
    [{"Text":"Una habitación oscura."}],
    [{"Text":"Entrada a la palanca ROJA."}],
    [{"Text":"Contenedor de dos colores."}],
    [{"Text":"Una habitación oscura."}],
    [{"Text":"Entrada a la habitación \nde la palanca."}],
    ["D",{"Text":"Contenedor de dos colores."}],
    ["D",{"Text":"Bloque \"A\"."}],
    ["D",{"Text":"En el contenedor."}],
    ["D",{"Text":"Dos contenedores, \nuno en frente del otro."}],
    ["D",{"Text":"Bloque \"A\"."}],
    ["D",{"Text":"En el contenedor."}],
    ["D",{"Text":"Contenedor de dos colores."}],
    ["D",{"Text":"Bloque \"B\"."}],
    ["D",{"Text":"En el conducto de aire cuadrado."}],
    [{"Text":"Contenedor de dos colores."}],
    [{"Text":"Bloque \"B\"."}],
    [{"Text":"En la valla."}],
    ["D",{"Text":"Aire acondicionado \nde la Sala de Seguridad."}],
    ["D",{"Text":"Bloque \"C\"."}],
    ["D",{"Text":"En el contenedor."}],
    ["D",{"Text":"La letra \"L\"."}],
    ["D",{"Text":"Bloque \"C\"."}],
    ["D",{"Text":"En el contenedor."}],
    [{"Text":"Contenedores apilados."}],
    [{"Text":"Un lugar alto."}],
    [{"Text":"En el cielo, sobre la \nhabitación de la palanca."}],
    [{"Text":"Es un suelo y, también, un techo."}],
    [{"Text":"Un lugar alto."}],
    [{"Text":"En el cielo, sobre la \nhabitación de la palanca."}],
    [{"Text":"La letra \"L\"."}],
    [{"Text":"Contenedor de dos colores."}],
    [{"Text":"En el cielo, \nsobre el bloque \"A\"."}],
    [{"Text":"El siguiente está vacío."}],
    [{"Text":"Un lugar protegido por láser."}],
    [{"Text":"\"A\" AMARILLA."}],
    [{"Text":"Tres cilindros."}],
    [{"Text":"Cuidado con el láser rojo."}],
    [{"Text":"\"A\" AMARILLA."}],
    [{"Text":"Un lugar protegido por láser."}],
    [{"Text":"Cuatro cajas fuertes."}],
    [{"Text":"\"A\" AMARILLA."}],
    [{"Text":"Lo puedes ver, pero \nno puedes cogerlo."}],
    [{"Text":"Bloque \"B\"."}],
    [{"Text":"Una caja fuerte en una jaula."}],
    [{"Text":"Seis cajas fuertes."}],
    [{"Text":"Obstáculo delante."}],
    [{"Text":"\"B\" AMARILLA."}],
    [{"Text":"Contenedores apilados."}],
    [{"Text":"Un lugar alto."}],
    [{"Text":"En el cielo, \nsobre el bloque \"B\"."}],
    [{"Text":"Con una caja de cartón."}],
    [{"Text":"Dinero que baila."}],
    [{"Text":"Una caja fuerte \nen un bloque \"B\"."}],
    [{"Text":"Lo puedes ver, pero \nno puedes cogerlo."}],
    [{"Text":"Un lugar alto."}],
    [{"Text":"En el cielo, \nsobre el bloque \"C\"."}],
    [{"Text":"Un lugar protegido por láser."}],
    [{"Text":"Cuatro cajas fuertes."}],
    [{"Text":"\"C\" AZUL."}],
    [{"Text":"Tres cilindros."}],
    [{"Text":"Cuidado con el láser rojo."}],
    [{"Text":"\"C\" AZUL."}],
    [{"Text":"Anillos invisibles \nmarcan el lugar."}],
    [{"Text":"Bajo la caja de cartón."}],
    [{"Text":"Una caja fuerte \nen el bloque \"C\"."}],
    [{"Text":"Inútil _____."}],
    [{"Text":"Cuidado con el láser rojo."}],
    [{"Text":"El piso del medio de la\nhabitación de la palanca."}],
    [{"Text":"Aire Acondicionado \nde la Sala de Seguridad."}],
    [{"Text":"Bajo el láser."}],
    [{"Text":"Habitación de la palanca."}],
    [{"Text":"La letra \"L\"."}],
    [{"Text":"Suelo ROJO."}],
    [{"Text":"Una caja fuerte \nen el bloque \"A\"."}],
    [{"Text":"La de abajo está vacía."}],
    [{"Text":"Suelo ROJO."}],
    [{"Text":"Una caja fuerte \nen el bloque \"A\"."}],
    [{"Text":"La de arriba está vacía."}],
    [{"Text":"Suelo ROJO."}],
    [{"Text":"Una caja fuerte \nen el bloque \"A\"."}],
    [{"Text":"Al lado de las cajas \nde cartón."}],
    [{"Text":"Suelo AMARILLO."}],
    [{"Text":"Una caja fuerte \nen el bloque \"A\"."}],
    [{"Text":"En una caja fría."}],
    [{"Text":"Suelo AZUL."}],
    [{"Text":"Una caja fuerte \nen el bloque \"A\"."}],
    [{"Text":"Cerca del buzón."}],
    [{"Text":"Suelo AZUL."}],
    [{"Text":"Una caja fuerte \nen el bloque \"B\"."}],
    [{"Text":"Puerta solitaria."}],
    [{"Text":"Suelo AZUL."}],
    [{"Text":"Una caja fuerte \nen el bloque \"B\"."}],
    [{"Text":"Puerta solitaria."}],
    [{"Text":"Suelo AMARILLO."}],
    [{"Text":"Una caja fuerte \nen el bloque \"B\"."}],
    [{"Text":"La letra \"L\"."}],
    [{"Text":"Suelo ROJO."}],
    [{"Text":"Una caja fuerte \nen el bloque \"B\"."}],
    [{"Text":"Puerta solitaria."}],
    [{"Text":"Suelo ROJO."}],
    [{"Text":"Una caja fuerte \nen el bloque \"B\"."}],
    [{"Text":"Bajo el conducto de aire cuadrado."}],
    [{"Text":"Suelo AMARILLO."}],
    [{"Text":"Una caja fuerte \nen el bloque \"B\"."}],
    [{"Text":"La letra \"L\"."}],
    [{"Text":"Suelo ROJO."}],
    [{"Text":"Una caja fuerte \nen el bloque \"C\"."}],
    [{"Text":"Al lado de la caja de cartón."}],
    [{"Text":"Suelo ROJO."}],
    [{"Text":"Una caja fuerte \nen el bloque \"C\"."}],
    [{"Text":"Bajo el conducto de aire cuadrado."}],
    [{"Text":"Suelo AMARILLO."}],
    [{"Text":"Una caja fuerte \nen el bloque \"C\"."}],
    [{"Text":"La de abajo está vacía."}],
    [{"Text":"Suelo AZUL."}],
    [{"Text":"Una caja fuerte \nen el bloque \"C\"."}],
    [{"Text":"La letra \"L\"."}],
    [{"Text":"Suelo AZUL."}],
    [{"Text":"Una caja fuerte \nen el bloque \"C\"."}],
    [{"Text":""}],
    [{"Text":""}],
    [{"Text":""}],
    [{"Text":""}],
    [{"Text":""}],
    [{"Text":""}],
    [{"Text":""}],
    [{"Text":""}],
    [{"Text":""}],
    [{"Text":""}],
    [{"Text":""}],
    [{"Text":""}],
    [{"Text":""}],
    [{"Text":""}],
    [{"Text":""}],
    [{"Text":""}],
    [{"Text":""}],
    [{"Text":""}],
    [{"Text":""}],
    [{"Text":""}],
    [{"Text":""}],
    [{"Text":""}],
    [{"Text":""}],
    [{"Text":""}],
    [{"Text":"Guardia invencible."}],
    [{"Text":"Viento que baila."}],
    [{"Text":"Habitación de la palanca."}],
    [{"Text":"Un lugar protegido por láser."}],
    [{"Text":"Mucho cuidado..."}],
    [{"Text":"El piso en medio de la \nhabitación de la palanca."}],
    [{"Text":"\"X\" roja."}],
    [{"Text":"Cuatro guardaespaldas."}],
    [{"Text":"Habitación de la palanca."}],
    [{"Text":"Aparece de vez en cuando."}],
    [{"Text":"Una habitación oscura."}],
    [{"Text":"La caja para los restos de pistolas\nen la habitación de la palanca."}],
    ["D",{"Text":"Con un montón de dinero."}],
    ["D",{"Text":"Aire acondicionado \nde la Sala de Seguridad."}],
    ["D",{"Text":"Bloque \"A\"."}],
    ["D",{"Text":"Rectángulo amarillo."}],
    ["D",{"Text":"Un contenedor en el medio."}],
    ["D",{"Text":"Cerca del techo \nen el bloque \"B\"."}],
    [{"Text":"Láser inclinado."}],
    [{"Text":"Bloquea al intruso \ndesde el aire."}],
    [{"Text":"\"C\" AZUL."}],
    ["D",{"Text":"La letra \"L\"."}],
    ["D",{"Text":"A veces en el bloque \"A\",\na veces en el bloque \"B\"."}],
    ["D",{"Text":"Cerca del techo en el\nbloque \"A\" y el bloque \"B\"."}],
    [{"Text":"Un lugar protegido por láser."}],
    [{"Text":"Mucho cuidado..."}],
    [{"Text":"El piso en medio de la \nhabitación de la palanca."}],
    [{"Text":"Un lugar sombrío."}],
    [{"Text":"Mucho cuidado..."}],
    [{"Text":"El piso en medio de la \nhabitación de la palanca."}],
    ["D",{"Text":"En el aire."}],
    ["D",{"Text":"Aire acondicionado \nde la Sala de Seguridad."}],
    ["D",{"Text":"Bloque \"A\"."}],
    [{"Text":"Un lugar protegido por láser."}],
    [{"Text":"Una caja de cartón arriba."}],
    [{"Text":"\"A\" AZUL."}],
    [{"Text":"Al lado de una caja de cartón."}],
    [{"Text":"Obstáculo delante."}],
    [{"Text":"Una caja fuerte \nen el bloque \"B\"."}],
    [{"Text":"La siguiente está vacía."}],
    [{"Text":"Obstáculo delante."}],
    [{"Text":"Una caja fuerte \nen el bloque \"B\"."}],
    ["D",{"Text":"En el aire."}],
    ["D",{"Text":"Aire acondicionado \nde la Sala de Seguridad."}],
    ["D",{"Text":"Bloque \"C\"."}],
    [{"Text":"La siguiente está vacía."}],
    [{"Text":"Cuidado con el láser rojo."}],
    [{"Text":"\"C\" AZUL."}],
    [{"Text":"Viento que baila."}],
    [{"Text":"Bloque \"C\"."}],
    [{"Text":"¡Métete en el viento!"}],
    [{"Text":"Un lugar protegido por láser."}],
    [{"Text":"Proteger \"Amarillo\"."}],
    [{"Text":"Haz una patada marcial en medio \nde las cuatro tejas."}],
    [{"Text":"¡Nadie puede abrir esa caja fuerte!"}],
    [{"Text":"Bloque \"B\"."}],
    [{"Text":"Tiene que haber una manera\nde desarmar la trampa."}],
    ["D",{"Text":"Todo el mundo la ha visto\nantes, aunque solo sea una vez."}],
    ["D",{"Text":"Muy abajo."}],
    ["D",{"Text":"En el coche con pinchos."}],
    ["D",{"Text":"Solo en el trabajo."}],
    ["D",{"Text":"Callejón sin salida."}],
    ["D",{"Text":"En el robot de GUN."}],
    ["D",{"Text":"El sitio donde se usa \nmás electricidad."}],
    ["D",{"Text":"Bloque \"C\"."}],
    ["D",{"Text":"En el robot de GUN."}],
    ["D",{"Text":"El sitio donde se usa \nmás electricidad."}],
    ["D",{"Text":"Bloque \"C\"."}],
    ["D",{"Text":"En el robot de GUN."}],
    ["D",{"Text":"Aire acondicionado \nde la Sala de Seguridad."}],
    ["D",{"Text":"Dinero que baila."}],
    ["D",{"Text":"En el coche con pinchos."}],
    ["D",{"Text":"Aire acondicionado \nde la Sala de Seguridad."}],
    ["D",{"Text":"Dinero que baila."}],
    ["D",{"Text":"En el coche con pinchos."}],
    ["D",{"Text":"Niño perdido."}],
    ["D",{"Text":"Callejón sin salida."}],
    ["D",{"Text":"En el coche con pinchos."}],
    [{"Text":"Proteger \"Azul\"."}],
    [{"Text":"Una habitación oscura."}],
    [{"Text":"En el coche con pinchos."}],
    [{"Text":"Proteger \"Azul\"."}],
    [{"Text":"Una habitación oscura."}],
    [{"Text":"En el robot de GUN."}],
    [{"Text":"En una caja grande."}],
    [{"Text":"Una habitación oscura."}],
    [{"Text":"En el robot de GUN."}],
    [{"Text":"En una caja grande."}],
    [{"Text":"Una habitación oscura."}],
    [{"Text":"En el robot de GUN."}],
    [{"Text":"Descansando..."}],
    [{"Text":"Una habitación oscura."}],
    [{"Text":"En el robot de GUN."}],
    [{"Text":"Aire acondicionado \nde la Sala de Seguridad."}],
    [{"Text":"Una habitación oscura."}],
    [{"Text":"En el coche con pinchos."}],
    [{"Text":"Aire acondicionado \nde la Sala de Seguridad."}],
    [{"Text":"Una habitación oscura."}],
    [{"Text":"En el robot de GUN."}],
    [{"Text":""}],
    [{"Text":""}],
    [{"Text":""}],
    [{"Text":""}],
    [{"Text":""}],
    [{"Text":""}],
    [{"Text":""}],
    [{"Text":""}],
    [{"Text":""}],
    [{"Text":""}],
    [{"Text":""}],
    [{"Text":""}],
    [{"Text":""}],
    [{"Text":""}],
    [{"Text":""}],
    [{"Text":""}],
    [{"Text":""}],
    [{"Text":""}],
    [{"Text":""}],
    [{"Text":""}],
    [{"Text":""}],
    [{"Text":""}],
    [{"Text":""}],
    [{"Text":""}],
    [{"Text":""}],
    [{"Text":""}],
    [{"Text":""}],
    [{"Text":""}],
    [{"Text":""}],
    [{"Text":""}],
    [{"Text":""}],
    [{"Text":""}],
    [{"Text":""}],
    [{"Text":""}],
    [{"Text":""}],
    [{"Text":""}],
    [{"Text":""}],
    [{"Text":""}],
    [{"Text":""}],
    [{"Text":""}],
    [{"Text":""}],
    [{"Text":""}],
    [{"Text":""}],
    [{"Text":""}],
    [{"Text":""}],
    [{"Text":""}],
    [{"Text":""}],
    [{"Text":""}],
    [{"Text":""}],
    [{"Text":""}],
    [{"Text":""}],
    [{"Text":""}],
    [{"Text":""}],
    [{"Text":""}],
    [{"Text":""}],
    [{"Text":""}],
    [{"Text":""}],
    [{"Text":""}],
    [{"Text":""}],
    [{"Text":""}],
    [{"Text":""}],
    [{"Text":""}],
    [{"Text":""}],
    [{"Text":""}],
    [{"Text":""}],
    [{"Text":""}],
    [{"Text":""}],
    [{"Text":""}],
    [{"Text":""}],
    [{"Text":""}],
    [{"Text":""}],
    [{"Text":""}],
    [{"Text":""}],
    [{"Text":""}],
    [{"Text":""}],
    [{"Text":""}],
    [{"Text":""}],
    [{"Text":""}],
    [{"Text":""}],
    [{"Text":""}],
    [{"Text":""}]
  ]
}