{
  "language": "English",
  "texts": [
    [{"Text":"Trauriger Kürbis"}],
    [{"Text":"Vom Geisterzugberg \nwirst du sehen..."}],
    [{"Text":"Auf dem Berg in Form \neines Kürbisgespensts"}],
    ["D",{"Text":"Unter den Bahnschienen"}],
    ["D",{"Text":"Geisterzugberg"}],
    ["D",{"Text":"Felswand unter der \nrotierenden Plattform"}],
    ["D",{"Text":"Doppelte Schädel"}],
    ["D",{"Text":"Kirchenberg"}],
    ["D",{"Text":"Am Fuß des Berges"}],
    [{"Text":"Lachender Kürbis"}],
    [{"Text":"Zwischen dem Kirchenberg \nund dem Kürbisberg"}],
    [{"Text":"Auf dem Gipfel des Bergs\nin Form eines Kürbisgespensts"}],
    ["D",{"Text":"Klettere zu den Emeralds!"}],
    ["D",{"Text":"Kürbisberg"}],
    ["D",{"Text":"Zwischen den sich gegenüber-\nstehenden Bäumen in der Mitte des Bergs"}],
    [{"Text":"Trauriger Kürbis"}],
    [{"Text":"Von Kürbisberg wirst du sehen..."}],
    [{"Text":"Auf dem Berg in Form \neines Kürbisgespensts"}],
    ["D",{"Text":"Es fällt bald ab"}],
    ["D",{"Text":"Kürbisschneemann"}],
    ["D",{"Text":"Kürbisaltar am \nFuß des Bergs"}],
    ["D",{"Text":"Der Raketenpfad"}],
    ["D",{"Text":"Kürbisberg"}],
    ["D",{"Text":"Auf der Rakete hinter dem Berg"}],
    ["D",{"Text":"Unter dem Schornstein"}],
    ["D",{"Text":"Geisterzugberg"}],
    ["D",{"Text":"Felswand mit ovalen Schienen"}],
    ["D",{"Text":"Es ist der Boden, \naber ist es auch die Decke?"}],
    ["D",{"Text":"Geisterzugberg"}],
    ["D",{"Text":"Unter der überhängenden Stahlplattform"}],
    ["D",{"Text":"Klettere zu den Emeralds!"}],
    ["D",{"Text":"Geisterzugberg"}],
    ["D",{"Text":"Zwischen den sich \ngegenüberstehenden Bäumen "}],
    ["D",{"Text":"Schädel links und rechts"}],
    ["D",{"Text":"Geisterzugberg"}],
    ["D",{"Text":"Stahlträger nahe den ovalen Schienen"}],
    ["D",{"Text":"Ein von Ringen gesäumter Pfad"}],
    ["D",{"Text":"Geisterzugberg"}],
    ["D",{"Text":"Stahlträger nahe den ovalen Schienen"}],
    ["D",{"Text":"Dreigesichtiges Gespenst"}],
    ["D",{"Text":"Nahe dem Geisterzugberg"}],
    ["D",{"Text":"Auf dem Pfad nahe \ndem Fuß des Bergs"}],
    ["D",{"Text":"Zweiter Schädel von oben, \nfünfter von unten"}],
    ["D",{"Text":"Geisterzugberg"}],
    ["D",{"Text":"Stahlträger nahe den ovalen Schienen"}],
    ["D",{"Text":"Unter dem Schornstein"}],
    ["D",{"Text":"Geisterzugberg"}],
    ["D",{"Text":"Felswand unter der \nrotierenden Plattform"}],
    ["D",{"Text":"Dreht, aber dreht sich nicht"}],
    ["D",{"Text":"Auf der rostigen Stahlplattform"}],
    ["D",{"Text":"Rotierende Plattform des Geisterzugs"}],
    ["D",{"Text":"Zweiter Schädel von oben, \nfünfter von unten"}],
    ["D",{"Text":"Geisterzugberg"}],
    ["D",{"Text":"Stahlträger nahe den ovalen Schienen"}],
    ["D",{"Text":"Sagt die Zeit ..."}],
    ["D",{"Text":"Kirchenberg"}],
    ["D",{"Text":"Ort, an dem früher die Kirchenglocke war"}],
    ["D",{"Text":"Grabstein bei etwas Gras"}],
    ["D",{"Text":"Auf dem Gipfel des Bergs"}],
    ["D",{"Text":"Kirchenfriedhof"}],
    ["D",{"Text":"Schattiger Ort"}],
    ["D",{"Text":"Hinter einer dicken Felswand"}],
    ["D",{"Text":"Kirchenberg"}],
    ["D",{"Text":"Fällt bald ab"}],
    ["D",{"Text":"Kirchenberg"}],
    ["D",{"Text":"Dach der Kirche"}],
    ["D",{"Text":"Sehr hoch oben"}],
    ["D",{"Text":"Kirchenberg"}],
    ["D",{"Text":"Auf dem Dach der Kirche"}],
    ["D",{"Text":"Pfad des Geisterzugs"}],
    ["D",{"Text":"Auf den Bahnschienen"}],
    ["D",{"Text":"Kirchenberg"}],
    ["D",{"Text":"Der Schädel markiert die Stelle"}],
    ["D",{"Text":"Kirchenberg"}],
    ["D",{"Text":"Geisterzug kreuzt die Felswand"}],
    ["D",{"Text":"Ein dreigesichtiger Geist?"}],
    ["D",{"Text":"Kirchenberg"}],
    ["D",{"Text":"Über dem Geisterbaum"}],
    ["D",{"Text":"Der von vier Schädeln bewachte Grabstein"}],
    ["D",{"Text":"Nahe Kirchenberg"}],
    ["D",{"Text":"Hinter einem Grabstein \nauf dem Gang im Himmel"}],
    ["D",{"Text":"Es ist ein Boden und eine Decke"}],
    ["D",{"Text":"Kirchenberg"}],
    ["D",{"Text":"Unter der überhängenden Stahlplattform"}],
    ["D",{"Text":"Kürbisfamilie"}],
    ["D",{"Text":"Kürbisberg"}],
    ["D",{"Text":"Hinter dem Kürbis auf dem Berggipfel"}],
    ["D",{"Text":"Drei Schädelbrüder"}],
    ["D",{"Text":"Kürbisberg"}],
    ["D",{"Text":"Hinter der Feuerschädelstatue \nauf dem Berghang"}],
    ["D",{"Text":"Gelächtertränen"}],
    ["D",{"Text":"Kürbisberg"}],
    ["D",{"Text":"Vor einem großen Kürbis \nauf dem Berggipfel"}],
    ["D",{"Text":"Ein drei Fuß breiter Spalt"}],
    ["D",{"Text":"Kürbisberg"}],
    ["D",{"Text":"Nahe dem Treppenabsatz \nauf dem Berggipfel "}],
    ["D",{"Text":"Drei Metallfässer"}],
    ["D",{"Text":"In dem Metallfass auf der Klippe"}],
    ["D",{"Text":"Geisterzugberg"}],
    ["D",{"Text":"Schlafloses Haus"}],
    ["D",{"Text":"Geisterzugberg"}],
    ["D",{"Text":"In der Mitte des Schienenkreises"}],
    ["D",{"Text":"Du kannst es sehen, aber \ndu kannst es nicht nehmen..."}],
    ["D",{"Text":"Kirchenberg"}],
    ["D",{"Text":"In einem Käfig am Berghang"}],
    ["D",{"Text":"Es ist nur einer auf der Klippe"}],
    ["D",{"Text":"Kirchenberg"}],
    ["D",{"Text":"Im Metallfass"}],
    ["D",{"Text":"Geisterzugbahnhof"}],
    ["D",{"Text":"Kürbisberg"}],
    ["D",{"Text":"Kürbisstation am dem Berghang"}],
    ["D",{"Text":"Die Person, auf die du wartest, \nist endlich angekommen"}],
    ["D",{"Text":"Kürbisberg"}],
    ["D",{"Text":"Kürbisstation am dem Berghang"}],
    ["D",{"Text":"Vogelscheuchenhaus"}],
    ["D",{"Text":"Kürbisberg"}],
    ["D",{"Text":"In einer Hütte am Berghang"}],
    ["D",{"Text":"Kalte Eisenstangen ..."}],
    ["D",{"Text":"Weg führt in die Berge"}],
    ["D",{"Text":"Ein Käfig zwischen Geisterzugberg \nund Kürbisberg"}],
    ["D",{"Text":"Vergessene Hütte"}],
    ["D",{"Text":"Geisterzugberg"}],
    ["D",{"Text":"In der Hütte auf der Klippe"}],
    ["D",{"Text":"Doppelte Hütten"}],
    ["D",{"Text":"Geisterzugberg"}],
    ["D",{"Text":"Bei den ovalen Schienen"}],
    ["D",{"Text":"Doppelte Container"}],
    ["D",{"Text":"Geisterzugberg"}],
    ["D",{"Text":"Die Klippe auf dem Berg \nmit den runden Schienen"}],
    ["D",{"Text":"Vergessene Hütte"}],
    ["D",{"Text":"Kirchenberg"}],
    ["D",{"Text":"In einer Hütte auf dem Berghang"}],
    ["D",{"Text":"Drei Metallfässer"}],
    ["D",{"Text":"Kirchenberg"}],
    ["D",{"Text":"In dem Metallfass auf der Klippe"}],
    ["D",{"Text":"Doppelte Container"}],
    ["D",{"Text":"Kirchenberg"}],
    ["D",{"Text":"Die Klippe nahe \ndem Fuß des Berges"}],
    ["D",{"Text":"Doppelte Container"}],
    ["D",{"Text":"Kürbisberg"}],
    ["D",{"Text":"Ein Container auf \ndem Gipfel des Berges"}],
    ["D",{"Text":"Ein Bauernhaus"}],
    ["D",{"Text":"Kürbisberg"}],
    ["D",{"Text":"Eine Hütte auf dem Gipfel des Berges"}],
    [{"Text":"König des Hügels"}],
    [{"Text":"Unter dem Wagen, der eine Kanone abfeuert"}],
    [{"Text":"Gleite vom Geisterzugberg zu dem Ballon!"}],
    ["D",{"Text":"Wenn du etwas Schlechtes tust, \nkann das passieren ..."}],
    ["D",{"Text":"Nahe Geisterzugberg"}],
    ["D",{"Text":"Unter dem Grabstein in weiter Ferne"}],
    [{"Text":"Trauriger Kürbis"}],
    [{"Text":"Ein Berg mit gespenstischem Gesicht"}],
    [{"Text":"Das rechte Auge des Bergs \nin Form eines Kürbisgespensts"}],
    [{"Text":"Drei gegen drei, die sich  \ngegenseitig anstarren?"}],
    [{"Text":"Geisterzugberg"}],
    [{"Text":"Zwischen den sich gegenüber-\nstehenden Geisterbäumen "}],
    [{"Text":"Ein Ort, an dem du das Horn hören \nkannst"}],
    [{"Text":"Geisterzugberg"}],
    [{"Text":"Versuch, den Geisterzug mit dem \nRotationsschalter nach unten zu bringen"}],
    ["D",{"Text":"Wenn du etwas Schlechtes tust, \nkann das passieren ..."}],
    ["D",{"Text":"Kirchenberg"}],
    ["D",{"Text":"Ein einsamer Grabstein \nam Fuß des Berges"}],
    ["D",{"Text":"Verlorener Kürbis"}],
    ["D",{"Text":"Im Boden"}],
    ["D",{"Text":"Am Hang von Kirchenberg"}],
    ["D",{"Text":"Grabstein dreier Brüder"}],
    ["D",{"Text":"Im Zentrum eines Dreiecks"}],
    ["D",{"Text":"Ein Friedhof am Fuß \nvon Kirchenberg"}],
    ["D",{"Text":"Im Zentrum eines Dreiecks"}],
    ["D",{"Text":"Kirchenberg"}],
    ["D",{"Text":"Zwischen drei Geisterbäumen \nam Fuß des Berges"}],
    [{"Text":"Ein Ort, an dem du das Horn hören kannst"}],
    [{"Text":"Kirchenberg"}],
    [{"Text":"Unter den Schienen am Berghang"}],
    ["D",{"Text":"Bärtiger Berg ...?"}],
    ["D",{"Text":"Kirchenberg"}],
    ["D",{"Text":"Inmitten von Gras, das auf dem \nHang eines hohen Berges wächst"}],
    [{"Text":"Ein Ort, an dem Flammen kreuzen"}],
    [{"Text":"Kürbisberg"}],
    [{"Text":"Zwischen drei Schädelstatuen \nam Berghang"}],
    [{"Text":"Ein Ort, an dem du das Horn hören kannst"}],
    [{"Text":"Kürbisberg"}],
    [{"Text":"Unter den Schienen am Berghang"}],
    ["D",{"Text":"Drei Vogelscheuchenbrüder"}],
    ["D",{"Text":"Kürbisberg"}],
    ["D",{"Text":"Zwischen drei Vogelscheuchen \nam Berghang"}],
    [{"Text":"Nase verstopft?"}],
    [{"Text":"Ein Berg mit gespenstischem Gesicht"}],
    [{"Text":"Die Nase eines Bergs in Form \neines Kürbisgespensts"}],
    [{"Text":"Schrecklich! Ein in die Felswand \neingebetteter Schädel!"}],
    [{"Text":"Kürbisberg"}],
    [{"Text":"Versuch, einen Berg zu besteigen, \nohne eine Rakete zu benutzen!"}],
    ["D",{"Text":"Grabstein dreier Brüder"}],
    ["D",{"Text":"Geisterzugberg"}],
    ["D",{"Text":"Unter dem Grabstein hinter einem Tunnel"}],
    ["D",{"Text":"Unter dem Schornstein"}],
    ["D",{"Text":"Geisterzugberg"}],
    ["D",{"Text":"Felsklippe unter der rotierenden Plattform"}],
    ["D",{"Text":"Ein Grabstein nahe etwas Gras"}],
    ["D",{"Text":"Geisterzugberg"}],
    ["D",{"Text":"Unter etwas Gras bei einem \nGrabstein hinter einem Tunnel"}],
    ["D",{"Text":"Schornstein nahe etwas Gras"}],
    ["D",{"Text":"Geisterzugberg"}],
    ["D",{"Text":"Bei den Wurzeln des auf dem Schornstein nahe \nder rotierenden Plattform wachsenden Grases"}],
    ["D",{"Text":"Ruhe mit den Toten ..."}],
    ["D",{"Text":"Auf dem Gipfel des Berges"}],
    ["D",{"Text":"Kirchenfriedhof"}],
    ["D",{"Text":"Ruhe mit den Toten ..."}],
    ["D",{"Text":"Auf dem Gipfel des Berges"}],
    ["D",{"Text":"Kirchenfriedhof"}],
    ["D",{"Text":"Ruhe mit den Toten ..."}],
    ["D",{"Text":"Nahe Kirchenberg"}],
    ["D",{"Text":"Hinter einem Grabstein \nnahe dem Gang im Himmel"}],
    ["D",{"Text":"Einsamer Grabstein"}],
    ["D",{"Text":"Kirchenberg"}],
    ["D",{"Text":"In einem Grabstein am Berghang"}],
    ["D",{"Text":"Kürbisse, die sich nicht mögen"}],
    ["D",{"Text":"Kürbisfeld"}],
    ["D",{"Text":"Zwischen Kürbissen, die \nRücken an Rücken sitzen"}],
    ["D",{"Text":"Ein Ort, an den man nicht springen kann ......"}],
    ["D",{"Text":"Kürbisfeld"}],
    ["D",{"Text":"Ort, an den du dich graben, aber nicht springen \nkannst; drück die Y-Taste für Action-Fenster"}],
    ["D",{"Text":"Kürbisschneemann"}],
    ["D",{"Text":"In der Felswand"}],
    ["D",{"Text":"Felswand beim Kürbisaltar \nam Fuß des Berges"}],
    ["D",{"Text":"Kürbisfamilie"}],
    ["D",{"Text":"Auf Papas Rücken"}],
    ["D",{"Text":"Hinter einem großen Kürbis \nauf einem Kürbisfeld"}],
    ["D",{"Text":"Kürbisdreieck"}],
    ["D",{"Text":"Kürbisberg"}],
    ["D",{"Text":"Zwischen drei Kürbissen, die du \nmit einer Rakete finden kannst"}],
    ["D",{"Text":"Unter einem Schornstein"}],
    ["D",{"Text":"Kürbisberg"}],
    ["D",{"Text":"Nahe dem Fuß des einzigen \nSchornsteins im Kürbisfeld"}],
    ["D",{"Text":"Eine Vogelscheuche, die \neinen Container bewacht"}],
    ["D",{"Text":"Kürbisberg"}],
    ["D",{"Text":"Am Fuß einer Vogelscheuche \nauf dem Berghang"}],
    ["D",{"Text":"Schlafe hinter einem Kürbis"}],
    ["D",{"Text":"Kürbisberg"}],
    ["D",{"Text":"Hinter einem Kürbis, den du mit \neiner Rakete finden kannst!"}],
    [{"Text":"König des Hügels"}],
    [{"Text":"Geisterzugberg"}],
    [{"Text":"In der Erde, beschützt von einer Kanone"}],
    ["D",{"Text":"In der Erde, wo die Schienen sind"}],
    ["D",{"Text":"Geisterzugberg"}],
    ["D",{"Text":"Nahe den ovalen Schienen \nam Fuß des Berges"}],
    ["D",{"Text":"In der Erde, wo die Schienen sind"}],
    ["D",{"Text":"Geisterzugberg"}],
    ["D",{"Text":"Nahe dem Ende der Schienen, die \nzur rotierenden Plattform führen"}],
    ["D",{"Text":"Sechs Schädel schauen zu..."}],
    ["D",{"Text":"In der Erde"}],
    ["D",{"Text":"Ein von einem Schädelzaun umgebener \nOrt auf dem Gang durch den Himmel"}],
    ["D",{"Text":"Der Grabstein dreier Brüder"}],
    ["D",{"Text":"Kirchenberg"}],
    ["D",{"Text":"In der Erde, umgeben von drei Grabsteinen"}],
    ["D",{"Text":"Ruhe mit den Toten..."}],
    ["D",{"Text":"Auf dem Gipfel des Berges"}],
    ["D",{"Text":"Irgendwo auf dem \nFriedhof nahe der Kirche"}],
    ["D",{"Text":"Ein dem Himmel naher Ort"}],
    ["D",{"Text":"Kürbisberg"}],
    ["D",{"Text":"Vergraben auf dem \nGipfel des Berges..."}],
    ["D",{"Text":"Vier Helden"}],
    ["D",{"Text":"Kürbisfeld"}],
    ["D",{"Text":"Von Vogelscheuchen umgebener Ort"}],
    [{"Text":"Wandere im Kreis herum..."}],
    [{"Text":"Geisterzugberg"}],
    [{"Text":"Bewege den Geisterzug mit dem \nRotationsschalter auf den Berggipfel"}],
    ["D",{"Text":"Vorsicht am Gleis -  \nnächster Zug fährt ein!"}],
    ["D",{"Text":"Kürbisberg"}],
    ["D",{"Text":"Fahre mit einem Zug im Kreis"}],
    ["D",{"Text":"Endlose Reise"}],
    ["D",{"Text":"Kirchenberg"}],
    ["D",{"Text":"Fahre mit einem Zug im Kreis"}],
    [{"Text":"Wandere im Kreis herum"}],
    [{"Text":"Geisterzugberg"}],
    [{"Text":"Versuch, den Geisterzug mit dem \nRotationsschalter nach unten zu bringen"}],
    ["D",{"Text":"Auf Patrouille?"}],
    ["D",{"Text":"Kürbisberg"}],
    ["D",{"Text":"Geh langsam um das Kürbisfeld herum"}],
    [{"Text":"Engelsring"}],
    [{"Text":"Ein Berg mit gespenstischem Gesicht"}],
    [{"Text":"Umkreise den Berg mit \ndem wütenden Gesicht"}],
    [{"Text":"Gespensterkürbis-Halsband!"}],
    [{"Text":"Ein Berg mit gespenstischem Gesicht"}],
    [{"Text":"Umkreise den Berg mit dem traurigen Gesicht"}],
    ["D",{"Text":"Ein Raketenpfad"}],
    ["D",{"Text":"Kirchenberg"}],
    ["D",{"Text":"Eine Raketenabschussrampe \nam Fuß des Berges"}],
    [{"Text":"Lärm oben und unten!"}],
    [{"Text":"Geisterzugberg"}],
    [{"Text":"Weit die rotierende Plattform hinunter..."}],
    [{"Text":"Plattgedrücktes Gras"}],
    [{"Text":"Geisterzugberg"}],
    [{"Text":"Unter dem Gras auf \ndem Weg der Eisenkugel"}],
    [{"Text":"Auf dem gefährlichen Material"}],
    [{"Text":"Nahe Geisterzugberg"}],
    [{"Text":"Auf dem Pfad zum \nKürbisberg"}],
    ["D",{"Text":"Du kannst es sehen, aber \ndu kannst es nicht nehmen!"}],
    ["D",{"Text":"Kirchenberg"}],
    ["D",{"Text":"In einem Käfig \nam Fuß des Berges"}],
    [{"Text":"Signalpfahl für den Geisterzug"}],
    [{"Text":"In der Luft"}],
    [{"Text":"Kirchenberg"}],
    ["D",{"Text":"Bete an einem heiligen \nOrt für eine gute Ernte"}],
    ["D",{"Text":"In der Luft"}],
    ["D",{"Text":"Wenn du Kürbisberg siehst, \nvon wo die Kirchenglocke war..."}],
    [{"Text":"Ein Kürbis mit fiesem \nGrinsen sieht...?"}],
    [{"Text":"Nahe einem Berg mit \ngespenstischem Gesicht"}],
    [{"Text":"Blick dich vom Berg mit dem \nfiesen Grinsen aus um"}],
    [{"Text":"Brennende Emeralds"}],
    [{"Text":"Drei Schädelbrüder"}],
    [{"Text":"Am Fuß von Kürbisberg"}],
    [{"Text":"Unter dem Berg?"}],
    [{"Text":"Eine rostige Stahlplattform oben"}],
    [{"Text":"Unter dem Berg mit runden Schienen "}],
    [{"Text":"Lebhafter Jubel von den Schädeln"}],
    [{"Text":"In der Felswand"}],
    [{"Text":"Ein Ort, wo sich die Flammen kreuzen"}],
    [{"Text":"Es gibt ein Geheimnis in der Kirche!"}],
    [{"Text":"Hast du deine Sonnenbrille?"}],
    [{"Text":"Setz deine Sonnenbrille auf \nder Spitze der Kirche auf ..."}],
    ["D",{"Text":"König des Hügels"}],
    ["D",{"Text":"Geisterzugberg"}],
    ["D",{"Text":"In einem Wagen, der eine Kanone abfeuert"}],
    ["D",{"Text":"Der Grabstein dreier Brüder"}],
    ["D",{"Text":"Kirchenberg"}],
    ["D",{"Text":"Ein Geist am Fuß \ndes Berges hält ...?"}],
    ["D",{"Text":""}],
    ["D",{"Text":""}],
    ["D",{"Text":""}],
    ["D",{"Text":""}],
    ["D",{"Text":""}],
    ["D",{"Text":""}],
    ["D",{"Text":""}],
    ["D",{"Text":""}],
    ["D",{"Text":""}],
    ["D",{"Text":""}],
    ["D",{"Text":""}],
    ["D",{"Text":""}],
    ["D",{"Text":""}],
    ["D",{"Text":""}],
    ["D",{"Text":""}],
    ["D",{"Text":""}],
    ["D",{"Text":""}],
    ["D",{"Text":""}],
    ["D",{"Text":""}],
    ["D",{"Text":""}],
    ["D",{"Text":""}],
    ["D",{"Text":""}],
    ["D",{"Text":""}],
    ["D",{"Text":""}],
    ["D",{"Text":""}],
    ["D",{"Text":""}],
    ["D",{"Text":""}],
    ["D",{"Text":""}],
    ["D",{"Text":""}],
    ["D",{"Text":""}],
    ["D",{"Text":""}],
    ["D",{"Text":""}],
    ["D",{"Text":""}],
    ["D",{"Text":""}],
    ["D",{"Text":""}],
    ["D",{"Text":""}],
    ["D",{"Text":""}],
    ["D",{"Text":""}],
    ["D",{"Text":""}],
    ["D",{"Text":""}],
    ["D",{"Text":""}],
    ["D",{"Text":""}],
    ["D",{"Text":""}],
    ["D",{"Text":""}],
    ["D",{"Text":""}],
    ["D",{"Text":""}],
    ["D",{"Text":""}],
    ["D",{"Text":""}],
    ["D",{"Text":""}],
    ["D",{"Text":""}],
    ["D",{"Text":""}],
    ["D",{"Text":""}],
    ["D",{"Text":""}],
    ["D",{"Text":""}],
    ["D",{"Text":""}],
    ["D",{"Text":""}],
    ["D",{"Text":""}],
    ["D",{"Text":""}],
    ["D",{"Text":""}],
    ["D",{"Text":""}],
    ["D",{"Text":""}],
    ["D",{"Text":""}],
    ["D",{"Text":""}],
    ["D",{"Text":""}],
    ["D",{"Text":""}],
    ["D",{"Text":""}],
    ["D",{"Text":""}],
    ["D",{"Text":""}],
    ["D",{"Text":""}],
    ["D",{"Text":""}],
    ["D",{"Text":""}],
    ["D",{"Text":""}],
    ["D",{"Text":""}],
    ["D",{"Text":""}],
    ["D",{"Text":""}],
    ["D",{"Text":""}],
    ["D",{"Text":""}],
    ["D",{"Text":""}],
    ["D",{"Text":""}],
    ["D",{"Text":""}],
    ["D",{"Text":""}],
    ["D",{"Text":""}],
    ["D",{"Text":""}],
    ["D",{"Text":""}],
    ["D",{"Text":""}],
    ["D",{"Text":""}],
    ["D",{"Text":""}],
    ["D",{"Text":""}],
    ["D",{"Text":""}],
    ["D",{"Text":""}],
    ["D",{"Text":""}],
    ["D",{"Text":""}],
    ["D",{"Text":""}],
    ["D",{"Text":""}],
    ["D",{"Text":""}],
    ["D",{"Text":""}],
    ["D",{"Text":""}],
    ["D",{"Text":""}],
    ["D",{"Text":""}],
    ["D",{"Text":""}],
    ["D",{"Text":""}],
    ["D",{"Text":""}],
    ["D",{"Text":""}],
    ["D",{"Text":""}],
    ["D",{"Text":""}],
    ["D",{"Text":""}],
    ["D",{"Text":""}],
    ["D",{"Text":""}],
    ["D",{"Text":""}],
    ["D",{"Text":""}],
    ["D",{"Text":""}],
    ["D",{"Text":""}],
    ["D",{"Text":""}],
    ["D",{"Text":""}],
    ["D",{"Text":""}],
    ["D",{"Text":""}],
    ["D",{"Text":""}]
  ]
}