{
  "language": "English",
  "texts": [
    [{"Text":"Auf einer Nadel"}],
    [{"Text":"Wo die rote Flamme ist"}],
    [{"Text":"Auf der Egg Skorpion-Statue"}],
    ["D",{"Text":"Ein dunkler Raum"}],
    ["D",{"Text":"Roter Pfad"}],
    ["D",{"Text":"Nahe der Decke in einem \nkleinen Raum bei einem Pfad"}],
    ["D",{"Text":"Schlangenflamme"}],
    ["D",{"Text":"Roter Pfad"}],
    ["D",{"Text":"U-förmiger Vorsprung \nauf einem schmalen Pfad"}],
    ["D",{"Text":"Zwei Paar unterschiedlich lange Beine"}],
    ["D",{"Text":"Wo die rote Flamme ist"}],
    ["D",{"Text":"Auf der Säule auf einem schmalen Pfad"}],
    ["D",{"Text":"Über dem Eingang"}],
    ["D",{"Text":"Ein schattiger Ort"}],
    ["D",{"Text":"Unterwasserkammer im Egg Fisch-Raum"}],
    [{"Text":"Verborgenes antikes Wandgemälde"}],
    [{"Text":"Ein hochgelegener Ort"}],
    [{"Text":"Auf der Egg Fisch-Statue"}],
    ["D",{"Text":"Unter den Hieroglyphen"}],
    ["D",{"Text":"Wo die grüne Flamme ist"}],
    ["D",{"Text":"Kleiner Raum neben \ndem Egg Schlangen-Raum"}],
    ["D",{"Text":"Zwei Paar unterschiedlich lange Beine"}],
    ["D",{"Text":"Wo die grüne Flamme ist"}],
    ["D",{"Text":"Auf der Säule auf einem schmalen Pfad"}],
    [{"Text":"Im Schatten des krabbelnden Käfers"}],
    [{"Text":"Egg Fisch-Raum"}],
    [{"Text":"Erklimme die Säule"}],
    ["D",{"Text":"Steinwände rechts, links und oben"}],
    ["D",{"Text":"Egg Fisch-Raum"}],
    ["D",{"Text":"In einer Ecke des Raums"}],
    ["D",{"Text":"Hat Flügel, kann aber nicht fliegen "}],
    ["D",{"Text":"Wo die blaue Flamme ist"}],
    ["D",{"Text":"Auf der Flosse der Egg Fisch-Statue"}],
    [{"Text":"Die sechseckige Decke"}],
    [{"Text":"Wo die blaue Flamme ist"}],
    [{"Text":"Auf der Egg Fisch-Statue"}],
    [{"Text":"Auf dem weißen Eggman-Zeichen"}],
    [{"Text":"Egg Fisch-Raum"}],
    [{"Text":"Bei der Wand im kleinen Raum"}],
    ["D",{"Text":"Ein ruhiger Ort"}],
    ["D",{"Text":"Egg Fisch-Raum"}],
    ["D",{"Text":"Im Wasser"}],
    ["D",{"Text":"Sechs Eggman-Zeichen?"}],
    ["D",{"Text":"Weg der Maschine"}],
    ["D",{"Text":"Ein Pfad neben dem Egg Fisch-Raum"}],
    ["D",{"Text":"Rot und Silber bewegen \nsich vor und zurück"}],
    ["D",{"Text":"Weg der Maschine"}],
    ["D",{"Text":"Ein Pfad neben dem Egg Fisch-Raum"}],
    [{"Text":"Ein glühendes rotes Quadrat"}],
    [{"Text":"Egg Fisch-Raum"}],
    [{"Text":"In der Mitte eines Raums mit Containern"}],
    ["D",{"Text":"Richtiges Auge...?"}],
    ["D",{"Text":"Egg Fisch-Raum"}],
    ["D",{"Text":"Linkes Auge der Egg Fisch-Statue"}],
    ["D",{"Text":"Zwei Gesichter"}],
    ["D",{"Text":"Wo die grüne Flamme ist"}],
    ["D",{"Text":"Brust der Egg Schlangen-Statue"}],
    ["D",{"Text":"Ein Schatten, der sich vom \nBoden bis zur Spitze erstreckt "}],
    ["D",{"Text":"Wo die grüne Flamme ist"}],
    ["D",{"Text":"Hinter der Egg Schlangen-Statue"}],
    [{"Text":"Umgedrehte Treppe"}],
    [{"Text":"Egg Schlangen-Raum"}],
    [{"Text":"Eine Decke, die wie eine Treppe aussieht"}],
    [{"Text":"Im Schatten des krabbelnden Käfers"}],
    [{"Text":"Egg Schlangen-Raum"}],
    [{"Text":"Erklimme die Säule"}],
    [{"Text":"Die sechseckige Decke"}],
    [{"Text":"Wo die grüne Flamme ist"}],
    [{"Text":"Auf der Egg Schlangen-Statue"}],
    ["D",{"Text":"Unter den Hieroglyphen"}],
    ["D",{"Text":"Wo die grüne Flamme ist"}],
    ["D",{"Text":"Ein Pfad neben dem Egg Schlangen-Raum"}],
    ["D",{"Text":"Vier Säulen"}],
    ["D",{"Text":"Grüner Pfad"}],
    ["D",{"Text":"Auf der Säule auf einem schmalen Pfad"}],
    ["D",{"Text":"Der Schädel schaut dich \ndurch einen Riss an"}],
    ["D",{"Text":"Grüner Pfad"}],
    ["D",{"Text":"Bei einer Kiste auf einem schmalen Pfad"}],
    ["D",{"Text":"Der Kopf eines Kondors"}],
    ["D",{"Text":"Wo die grüne Flamme ist"}],
    ["D",{"Text":"Wandschmuck im \nEgg Schlangen-Raum"}],
    ["D",{"Text":"Drei Hände"}],
    ["D",{"Text":"Grüner Pfad"}],
    ["D",{"Text":"Nahe der Decke in einem \nkleinen Raum bei einem Pfad"}],
    [{"Text":"Im Zentrum des \"X\""}],
    [{"Text":"Ein Raum mit acht Flammen"}],
    [{"Text":"Eine Wand im Schlangen Altar-Raum"}],
    [{"Text":"Auf dem Skorpion"}],
    [{"Text":"Ein Raum mit acht Flammen"}],
    [{"Text":"Um den Schlangen Altar"}],
    [{"Text":"Der zweite Raum"}],
    [{"Text":"Ein Raum mit acht Flammen"}],
    [{"Text":"Auf einer Kiste im Schlangen Altar-Raum"}],
    [{"Text":"Der Kopf des Kondors"}],
    [{"Text":"Ein Raum mit acht Flammen"}],
    [{"Text":"Wandschmuck im \nEgg Schlangen-Raum"}],
    [{"Text":"Schädelraum"}],
    [{"Text":"In einer Schatzkiste"}],
    [{"Text":"Kleiner Raum auf der Decke \ndes Egg Skorpion-Raums"}],
    ["D",{"Text":"Weißer Mittelfinger"}],
    ["D",{"Text":"Wo die rote Flamme ist"}],
    ["D",{"Text":"Ein kleiner Raum neben \ndem Egg Skorpion-Raum"}],
    ["D",{"Text":"Schlangenflamme"}],
    ["D",{"Text":"Roter Pfad"}],
    ["D",{"Text":"Im Container auf dem \nU-förmigen Vorsprung"}],
    [{"Text":"Versteck des Gorillas"}],
    [{"Text":"Wo die rote Flamme ist"}],
    [{"Text":"Ein Sarg an der Decke \ndes Egg Skorpion-Raums"}],
    [{"Text":"Ein Raum mit Hieroglyphen"}],
    [{"Text":"Wo die blaue Flamme ist"}],
    [{"Text":"Schatzkiste an der Decke \ndes Egg Fisch-Raums"}],
    [{"Text":"König und Diener"}],
    [{"Text":"Wo die blaue Flamme ist"}],
    [{"Text":"Ein Sarg an der Decke \ndes Egg Skorpion-Raums"}],
    [{"Text":"Der Kondor spreizt seine Flügel"}],
    [{"Text":"Etwas, auf das die Schlange blickt"}],
    [{"Text":"Eine Schatzkiste an der Decke \ndes Egg Schlangen-Raums"}],
    ["D",{"Text":"Ein dunkler Raum"}],
    ["D",{"Text":"Grüner Pfad"}],
    ["D",{"Text":"Nahe der Decke in einem \nkleinen Raum bei einem Pfad"}],
    [{"Text":"Unsichtbarer Container"}],
    [{"Text":"Nahe dem Egg Fisch-Raum"}],
    [{"Text":"Ein Container in einem Raum mit Gittern"}],
    [{"Text":"Ein rotes Säulendreieck"}],
    [{"Text":"Nahe dem Egg Fisch-Raum"}],
    [{"Text":"Ein Container in einem Raum mit Gittern"}],
    [{"Text":"Braun zwischen Schwarz"}],
    [{"Text":"Nahe dem Egg Fisch-Raum"}],
    [{"Text":"Ein Container in einem Raum mit Gittern"}],
    ["D",{"Text":"Goldener Kondor"}],
    ["D",{"Text":"Grüner Pfad"}],
    ["D",{"Text":"Ein Sarg in einem kleinen \nRaum bei einem Pfad"}],
    ["D",{"Text":"Vier Säulen"}],
    ["D",{"Text":"Grüner Pfad"}],
    ["D",{"Text":"In einem Container in \nder Ecke eines Raums"}],
    ["D",{"Text":"Heiliger Altar"}],
    ["D",{"Text":"Grüner Pfad"}],
    ["D",{"Text":"In einem Sarg auf dem \nU-förmigen Vorsprung"}],
    [{"Text":"Ein schwarzer Container"}],
    [{"Text":"Schlangen Altar"}],
    [{"Text":"In einem Container an der Seite eines \nkleinen Raums mit einem Altar"}],
    [{"Text":"Riesiger Schattenraum"}],
    [{"Text":"Schlangen Altar"}],
    [{"Text":"In einem Container an der Seite eines \nkleinen Raums mit einem Altar"}],
    [{"Text":"Halbdunkler Eggman"}],
    [{"Text":"Eisenwand"}],
    [{"Text":"Unter dem Eggman-Symbol vergraben"}],
    [{"Text":"Chao-Symbol an der Wand"}],
    [{"Text":"Roter Pfad"}],
    [{"Text":"Eine punktförmige Hieroglyphe, die auf \neinen schmalen Pfad gezeichnet ist"}],
    [{"Text":"Dunkle rote und weiße Streifen"}],
    [{"Text":"Schatten der Maschine"}],
    [{"Text":"In einer in Schatten gehüllten  \nWand im Egg Skorpion-Raum"}],
    [{"Text":"Ei des Kondors"}],
    [{"Text":"Ein Raum mit vier Flammen"}],
    [{"Text":"Grabe unter dem Wandschmuck \nim Egg Skorpion-Raum"}],
    [{"Text":"Dark Sonic"}],
    [{"Text":"Blau wie Sonic"}],
    [{"Text":"Hieroglyphen hinter einer Wand \nim Egg Fisch-Raum"}],
    [{"Text":"Chao-Zeichen auf dem Boden"}],
    [{"Text":"Blau wie Chao"}],
    [{"Text":"Eine Punktmarkierung auf dem \nBoden des Egg Fisch-Raums"}],
    [{"Text":"Schwarzer Vogel im Schatten"}],
    [{"Text":"Wo die blaue Flamme ist"}],
    [{"Text":"Hieroglyphen im Schatten einer \nSäule im Egg Fisch-Raum"}],
    [{"Text":"Übernächster  \nvom Steinring"}],
    [{"Text":"Im Boden "}],
    [{"Text":"Unter dem Container hinten \nim Egg Fisch-Raum"}],
    [{"Text":"Ei des Kondors"}],
    [{"Text":"Ein Raum mit vier Flammen"}],
    [{"Text":"Grabe unter dem Wandschmuck \nim Egg Skorpion-Raum"}],
    [{"Text":"Sich gegenüberstehende Schädel"}],
    [{"Text":"Nahe dem Egg Schlangen-Raum"}],
    [{"Text":"In einer Wand eines kleinen Raums \nbei einem Pfad vergraben"}],
    [{"Text":"Eine dicke Wand"}],
    [{"Text":"Raum des Kondors"}],
    [{"Text":"Über der grünen Flamme vergraben"}],
    [{"Text":"Abgefallenes Blütenblatt"}],
    [{"Text":"Schatten der grünen Flamme"}],
    [{"Text":"Grabe unter dem Wandschmuck \nüber der Egg Schlangen-Statue"}],
    [{"Text":"Dark Sonic"}],
    [{"Text":"Schatten der längsten Säule"}],
    [{"Text":"Schatten einer Säule im Schlangen Altar \nenthüllt Sonic-förmige Hieroglyphen"}],
    [{"Text":"Dark Chao"}],
    [{"Text":"Schatten der roten Säule"}],
    [{"Text":"Punktförmige Hieroglyphen \nim Schatten auf dem Schlangen Altar"}],
    [{"Text":"Ein Schädel"}],
    [{"Text":"Ein Raum mit acht Flammen"}],
    [{"Text":"Beim Hals einer Schlange am Altar"}],
    [{"Text":"Heißer Chao ..."}],
    [{"Text":"Ein kleiner Raum mit vier \nhieroglyphenbedeckten Wänden "}],
    [{"Text":"Bei der kleinen roten Flamme \nneben dem Schlangen Altar"}],
    [{"Text":"Blauäugiger Eggman"}],
    [{"Text":"Egg Skorpion-Raum"}],
    [{"Text":"Grabe im Wandgemälde \nauf einer Eisentür"}],
    [{"Text":"Der erste Ort, an dem du gelandet bist"}],
    [{"Text":"Egg Skorpion-Raum"}],
    [{"Text":"Zwischen zwei Säulen vergraben"}],
    ["D",{"Text":"Omochao und Eggman"}],
    ["D",{"Text":"Wo die rote Flamme ist"}],
    ["D",{"Text":"Grabe in dem Eggman unter \nder Egg Skorpion-Statue"}],
    [{"Text":"Unter dem Schwanz"}],
    [{"Text":"Wo die rote Flamme ist"}],
    [{"Text":"Vergraben zwischen dem Rücken und \nSchwanz der Egg Skorpion-Statue"}],
    [{"Text":"Im Zentrum des Rings"}],
    [{"Text":"Egg Skorpion-Raum"}],
    [{"Text":"Unter dem Eggman-Zeichen \nauf dem Boden"}],
    [{"Text":"Zwei Paar unterschiedlich lange Beine"}],
    [{"Text":"Wo die rote Flamme ist"}],
    [{"Text":"Unter dem Schatten der \nkurzen von vier Säulen"}],
    ["D",{"Text":"Unter einem Sarg schlafend"}],
    ["D",{"Text":"Wo die rote Flamme ist"}],
    ["D",{"Text":"Unter dem Boden einer kleinen  \nKammer im Egg Skorpion-Raum"}],
    ["D",{"Text":"Zwei Schmelzöfen"}],
    ["D",{"Text":"Egg Skorpion-Raum"}],
    ["D",{"Text":"Zwischen zwei riesigen \nFlammen vergraben"}],
    [{"Text":"Sechs weiße Eier"}],
    [{"Text":"Nahe dem Egg Fisch-Raum"}],
    [{"Text":"Grabe im Eggman-Zeichen \nauf dem Weg der Maschine"}],
    ["D",{"Text":"Unter dem Bauch"}],
    ["D",{"Text":"An der Seite des Beckens"}],
    ["D",{"Text":"Grabe nahe dem Eingang und dem \nBecken im Egg Fisch-Raum"}],
    ["D",{"Text":"Zwei schöne Frauen mit Fischgesichtern"}],
    ["D",{"Text":"Egg Fisch-Raum"}],
    ["D",{"Text":"Grabe im Zentrum eines Wandgemäldes"}],
    [{"Text":"Unter dem Schatz"}],
    [{"Text":"Egg Fisch-Raum"}],
    [{"Text":"Unter dem Boden unter einer Kiste auf \nder Decke im Egg Fisch-Raum"}],
    [{"Text":"Sich gegenüberstehende Flammen"}],
    [{"Text":"Grüner Pfad"}],
    [{"Text":"Grabe zwischen zwei \nFlammen an der Wand"}],
    [{"Text":"Drei Dreiecke"}],
    [{"Text":"Egg Schlangen-Raum"}],
    [{"Text":"Grabe neben der kleinen Stufe \nim Zentrum des Raums"}],
    ["D",{"Text":"Hand im Zentrum"}],
    ["D",{"Text":"Grüner Pfad"}],
    ["D",{"Text":"Grabe nahe dem Wandschmuck \nauf dem U-förmigen Vorsprung"}],
    ["D",{"Text":"Unter der niedrigen Flamme"}],
    ["D",{"Text":"Grüne Flamme"}],
    ["D",{"Text":"Vergraben unter dem Licht \nauf dem Pfad mit vier Säulen"}],
    [{"Text":""}],
    [{"Text":""}],
    [{"Text":""}],
    [{"Text":""}],
    [{"Text":""}],
    [{"Text":""}],
    [{"Text":""}],
    [{"Text":""}],
    [{"Text":""}],
    [{"Text":""}],
    [{"Text":""}],
    [{"Text":""}],
    [{"Text":""}],
    [{"Text":""}],
    [{"Text":""}],
    [{"Text":""}],
    [{"Text":""}],
    [{"Text":""}],
    [{"Text":""}],
    [{"Text":""}],
    [{"Text":""}],
    [{"Text":""}],
    [{"Text":""}],
    [{"Text":""}],
    [{"Text":"Folge der Linie an der Wand"}],
    [{"Text":"Ein hochgelegener Ort"}],
    [{"Text":"Auf der Egg Skorpion-Statue"}],
    ["D",{"Text":"Wandernder Geist..."}],
    ["D",{"Text":"Roter Pfad"}],
    ["D",{"Text":"Ein Pfad bei vier Säulen, \nder wie eine Treppe aussieht"}],
    [{"Text":"Langsam schwimmend..."}],
    [{"Text":"Wo die blaue Flamme ist"}],
    [{"Text":"Umgekehrte Treppe im Egg Fisch-Raum"}],
    ["D",{"Text":"Im Strom treibend... "}],
    ["D",{"Text":"Außerhalb der Reichweite des Lichts"}],
    ["D",{"Text":"Unterwasserkammer \nim Egg Fisch-Raum"}],
    ["D",{"Text":"Heiliges Opfer"}],
    ["D",{"Text":"Sich zwischen den Flammen bewegend"}],
    ["D",{"Text":"Mach einen Schraubenkick \nzwischen zwei Flammen"}],
    [{"Text":"Eine Schädelbotschaft"}],
    [{"Text":"Wo die grüne Flamme ist"}],
    [{"Text":"Treppenförmige Decke \nim Egg Schlangen-Raum"}],
    [{"Text":"Folge den Ringen"}],
    [{"Text":"Raum mit glühenden Hieroglyphen"}],
    [{"Text":"Auf den acht Säulen \nnahe dem Schlangen Altar"}],
    [{"Text":"Mit dem Mund Volleyball spielen??"}],
    [{"Text":"Raum mit glühenden Hieroglyphen"}],
    [{"Text":"Ein Flammenraum nahe \ndem Schlangen Altar"}],
    ["D",{"Text":"Drei Schlangenbrüder"}],
    ["D",{"Text":"In der Mitte zwischen drei Flammen"}],
    ["D",{"Text":"Der U-förmige Vorsprung \nauf einem schmalen Pfad"}],
    [{"Text":"In der großen Hand"}],
    [{"Text":"Über den Flammen"}],
    [{"Text":"Die rechte Klaue des Egg Skorpion"}],
    [{"Text":"In der Mitte eines Raums"}],
    [{"Text":"Ein Raum ohne Flammen"}],
    [{"Text":"Mach einen Schraubenkick von unten."}],
    [{"Text":"Ein von Gelb und Schwarz \numgebener Ort"}],
    [{"Text":"Ein Raum ohne Flammen"}],
    [{"Text":"Ein Container hinten  \nim Egg Fisch-Raum"}],
    ["D",{"Text":"Glühende Hieroglyphen"}],
    ["D",{"Text":"Weg der Maschine"}],
    ["D",{"Text":"Über einem gewundenen Pfad hängend"}],
    [{"Text":"Den goldenen Kondor reitend"}],
    [{"Text":"Nahe der Decke"}],
    [{"Text":"Ein kleiner Raum neben \ndem Egg Schlangen-Raum"}],
    [{"Text":"In der Mitte des Raums"}],
    [{"Text":"Ein von Flammen umgebener Ort"}],
    [{"Text":"Über dem Schlangen Altar hängend"}],
    [{"Text":"Unter dem Skorpion"}],
    [{"Text":"Eine flache Steinplatte"}],
    [{"Text":"Unter einer Steinplatte \nnahe dem Schlangen Altar"}],
    [{"Text":"Ein Käfig, den du nicht öffnen kannst"}],
    [{"Text":"Weg der Maschine"}],
    [{"Text":"Versuch, den Käfig mit \netwas aufzubrechen..."}],
    [{"Text":"Der Schwanz des Skorpions"}],
    [{"Text":"Acht große Schlangen"}],
    [{"Text":"Befreie den Skorpion aus dem Käfig!"}],
    [{"Text":"Ein kleiner Raum mit Federn"}],
    [{"Text":"Weg des Käfers"}],
    [{"Text":"Finde das Geheimnis \nim Egg Schlangen-Raum"}],
    ["D",{"Text":"Gelber Kopf"}],
    ["D",{"Text":"Roter Pfad"}],
    ["D",{"Text":"In Eggmans Roboter"}],
    ["D",{"Text":"Roter Krieger"}],
    ["D",{"Text":"Ein Pfad mit vier Säulen"}],
    ["D",{"Text":"In Eggmans Roboter"}],
    ["D",{"Text":"Roter Krieger"}],
    ["D",{"Text":"Grüner Pfad"}],
    ["D",{"Text":"In Eggmans Roboter"}],
    ["D",{"Text":"Gelber Kopf"}],
    ["D",{"Text":"Ein Pfad mit vier Säulen"}],
    ["D",{"Text":"In Eggmans Roboter"}],
    ["D",{"Text":"Der Vorarbeiter???"}],
    ["D",{"Text":"Weg der Maschine"}],
    ["D",{"Text":"Der Affenroboter neben \ndem Egg Fisch-Raum"}],
    ["D",{"Text":"Lebenslänglich..."}],
    ["D",{"Text":"Weg der Maschine"}],
    ["D",{"Text":"Der Affenroboter neben \ndem Egg Fisch-Raum"}],
    [{"Text":"Höhenangst"}],
    [{"Text":"Schlangen Altar"}],
    [{"Text":"Der Affenroboter auf der Säule"}],
    [{"Text":""}],
    [{"Text":""}],
    [{"Text":""}],
    [{"Text":""}],
    [{"Text":""}],
    [{"Text":""}],
    [{"Text":""}],
    [{"Text":""}],
    [{"Text":""}],
    [{"Text":""}],
    [{"Text":""}],
    [{"Text":""}],
    [{"Text":""}],
    [{"Text":""}],
    [{"Text":""}],
    [{"Text":""}],
    [{"Text":""}],
    [{"Text":""}],
    [{"Text":""}],
    [{"Text":""}],
    [{"Text":""}],
    [{"Text":""}],
    [{"Text":""}],
    [{"Text":""}],
    [{"Text":""}],
    [{"Text":""}],
    [{"Text":""}],
    [{"Text":""}],
    [{"Text":""}],
    [{"Text":""}],
    [{"Text":""}],
    [{"Text":""}],
    [{"Text":""}],
    [{"Text":""}],
    [{"Text":""}],
    [{"Text":""}],
    [{"Text":""}],
    [{"Text":""}],
    [{"Text":""}],
    [{"Text":""}],
    [{"Text":""}],
    [{"Text":""}],
    [{"Text":""}],
    [{"Text":""}],
    [{"Text":""}],
    [{"Text":""}],
    [{"Text":""}],
    [{"Text":""}],
    [{"Text":""}],
    [{"Text":""}],
    [{"Text":""}],
    [{"Text":""}],
    [{"Text":""}],
    [{"Text":""}],
    [{"Text":""}],
    [{"Text":""}],
    [{"Text":""}],
    [{"Text":""}],
    [{"Text":""}],
    [{"Text":""}],
    [{"Text":""}],
    [{"Text":""}],
    [{"Text":""}],
    [{"Text":""}],
    [{"Text":""}],
    [{"Text":""}],
    [{"Text":""}],
    [{"Text":""}],
    [{"Text":""}],
    [{"Text":""}],
    [{"Text":""}],
    [{"Text":""}],
    [{"Text":""}],
    [{"Text":""}],
    [{"Text":""}],
    [{"Text":""}],
    [{"Text":""}],
    [{"Text":""}],
    [{"Text":""}],
    [{"Text":""}],
    [{"Text":""}],
    [{"Text":""}],
    [{"Text":""}],
    [{"Text":""}],
    [{"Text":""}],
    [{"Text":""}],
    [{"Text":""}],
    [{"Text":""}],
    [{"Text":""}],
    [{"Text":""}],
    [{"Text":""}],
    [{"Text":""}],
    [{"Text":""}],
    [{"Text":""}],
    [{"Text":""}],
    [{"Text":""}],
    [{"Text":""}],
    [{"Text":""}],
    [{"Text":""}],
    [{"Text":""}],
    [{"Text":""}],
    [{"Text":""}]
  ]
}