{
  "language": "English",
  "texts": [
    ["D",{"Text":"Die höchste rotierende Signalleuchte"}],
    ["D",{"Text":"Die Plattform unter der ARK"}],
    ["D",{"Text":"Auf einer schwebenden Plattform \nnahe dem umgekehrten blauen Turm"}],
    ["D",{"Text":"Schwarze Kisten auf \nder schwarzen Plattform"}],
    ["D",{"Text":"Ein hochgelegener Ort"}],
    ["D",{"Text":"Auf einer Plattform nahe dem \numgekehrten blauen Turm"}],
    [{"Text":"Vergessen, es in einen \ngroßen Container zu tun?"}],
    [{"Text":"Auf einem Container"}],
    [{"Text":"Auf den riesigen hängenden Containern"}],
    ["D",{"Text":"Neben einer auf die ARK gerichteten Rakete"}],
    ["D",{"Text":"Eine große schwebende Plattform"}],
    ["D",{"Text":"Auf einer Plattform mit sechs Kreisen"}],
    [{"Text":"Zu schwer zum Schweben"}],
    [{"Text":"Eine große schwebende Plattform"}],
    [{"Text":"Unter einer Plattform mit sechs Kreisen"}],
    [{"Text":"Grabe in einen kleinen Meteoriten"}],
    [{"Text":"Auf den riesigen hängenden Containern"}],
    [{"Text":"In einem kleinen Meteoriten über einer \nFeder über einem Sternensymbol "}],
    ["D",{"Text":"Auf dem stählernen Bohrturm"}],
    ["D",{"Text":"Über dem GELBEN Boden hängend"}],
    ["D",{"Text":"Auf einem Turm, der eine \nsich bewegende Röhre enthält"}],
    ["D",{"Text":"Auf dem stählernen Bohrturm"}],
    ["D",{"Text":"Über dem GRAUEN Boden hängend, \nden du unten siehst"}],
    ["D",{"Text":"Auf einem Turm, der eine \nsich bewegende Röhre enthält"}],
    ["D",{"Text":"Zwei riesige Container"}],
    ["D",{"Text":"Auf dem Boden zwischen dem umge-\nkehrten blauen Turm und dem Stahlturm"}],
    ["D",{"Text":"Auf den nebeneinanderstehenden \nriesigen Containern"}],
    [{"Text":"Der riesige Lagerraum der ARK"}],
    [{"Text":"Auf dem Boden zwischen dem umge-\nkehrten blauen Turm und dem Stahlturm"}],
    [{"Text":"Eine quadratische Steinplattform \nnahe den riesigen Containern"}],
    [{"Text":"Der riesige Lagerraum der ARK"}],
    [{"Text":"Auf dem Boden zwischen dem umge-\nkehrten blauen Turm und dem Stahlturm"}],
    [{"Text":"Eine quadratische Steinplattform \nnahe den riesigen Containern"}],
    [{"Text":"Der riesige Lagerraum der ARK"}],
    [{"Text":"Auf dem Boden zwischen dem umge-\nkehrten blauen Turm und dem Stahlturm"}],
    [{"Text":"Auf einem der riesigen Container"}],
    [{"Text":"Der riesige Lagerraum der ARK"}],
    [{"Text":"Auf dem Boden zwischen dem umge-\nkehrten blauen Turm und dem Stahlturm"}],
    [{"Text":"Auf einem der riesigen Container"}],
    ["D",{"Text":"Vor dem Lastenaufzug"}],
    ["D",{"Text":"Eine schwebende Plattform"}],
    ["D",{"Text":"Vor dem sich bewegenden Gewicht \nauf einer quadratischen Steinplattform"}],
    ["D",{"Text":"Zwischen den schwebenden Containern"}],
    ["D",{"Text":"Auf dem Boden zwischen dem umge-\nkehrten blauen Turm und dem Stahlturm"}],
    ["D",{"Text":"Die vierte große schwebende \nPlattform von unten"}],
    ["D",{"Text":"Nahe einem Mond mit einer \nrotierenden Signalleuchte"}],
    ["D",{"Text":"Auf dem Boden zwischen dem umge-\nkehrten blauen Turm und dem Stahlturm"}],
    ["D",{"Text":"Auf einer quadratischen Steinplattform \nmit einer rotierenden Signalleuchte"}],
    ["D",{"Text":"Zwischen den schwebenden Containern"}],
    ["D",{"Text":"Auf dem Boden zwischen dem umge-\nkehrten blauen Turm und dem Stahlturm"}],
    ["D",{"Text":"Die vierte große schwebende \nPlattform von unten"}],
    ["D",{"Text":"Auf einer rotierenden Signalleuchte \nüber einem blauen Mond"}],
    ["D",{"Text":"Auf dem Boden zwischen dem umge-\nkehrten blauen Turm und dem Stahlturm"}],
    ["D",{"Text":"Auf einer quadratischen Steinplattform \nmit einer rotierenden Signalleuchte"}],
    ["D",{"Text":"Über einem blauen Mond vor einem Tank"}],
    ["D",{"Text":"Gebiet voller Meteoriten"}],
    ["D",{"Text":"Auf einem Mondsymbol auf zwei \nverbundenen Steinplattformen"}],
    ["D",{"Text":"Über einem blauen Mond vor einem Tank"}],
    ["D",{"Text":"Gebiet voller Meteoriten"}],
    ["D",{"Text":"Auf einem Mondsymbol auf zwei \nverbundenen Steinplattformen"}],
    [{"Text":"Wo zwei Steinplattformen \nzusammentreffen"}],
    [{"Text":"Gebiet voller Meteoriten"}],
    [{"Text":"Auf einem Stahlträger zwischen \nzwei verbundenen Steinplattformen"}],
    ["D",{"Text":"Vor der Abkürzungs-Rakete"}],
    ["D",{"Text":"Auf einer quadratischen Steinplattform"}],
    ["D",{"Text":"Auf dem Boden nahe der Rakete \nin dem großen Stahlturm "}],
    ["D",{"Text":"Vor der Abkürzungs-Rakete"}],
    ["D",{"Text":"Auf einer quadratischen Steinplattform "}],
    ["D",{"Text":"Auf dem Boden nahe der Rakete \nin dem großen Stahlturm "}],
    ["D",{"Text":"Die große Luke auf dem Stahlturm"}],
    ["D",{"Text":"Pyramidenförmiger Fuß"}],
    ["D",{"Text":"Auf dem Boden um den Fuß \ndes großen Stahlturms "}],
    [{"Text":"Vor einer großen Tür, \ndie sich niemals öffnet"}],
    [{"Text":"Auf dem GELBEN Boden"}],
    [{"Text":"Vor dem Stahlturm"}],
    ["D",{"Text":"Geschmolzene Lava unten"}],
    ["D",{"Text":"Unten"}],
    ["D",{"Text":"Vor Ladebucht \"0-2\""}],
    ["D",{"Text":"Null Komma Fünf"}],
    ["D",{"Text":"Unten"}],
    ["D",{"Text":"Vor Ladebucht \"0-5\""}],
    ["D",{"Text":"Bohrturm"}],
    ["D",{"Text":"Unten"}],
    ["D",{"Text":"Auf einem Turm, der eine \nsich bewegende Röhre enthält"}],
    ["D",{"Text":"Auf etwas Starkem"}],
    ["D",{"Text":"Unten"}],
    ["D",{"Text":"Auf dem gelben Bulldozer, der auf \ndem GRAUEN Boden unten steht"}],
    ["D",{"Text":"Zwischen den rotierenden Signalleuchten"}],
    ["D",{"Text":"Auf dem GRAUEN Boden unten"}],
    ["D",{"Text":"Hinter Ladebucht \"0-1\""}],
    ["D",{"Text":"Zwischen den lärmenden Maschinen"}],
    ["D",{"Text":"Unten"}],
    ["D",{"Text":"Nahe dem sich bewegenden Gewicht"}],
    ["D",{"Text":"Inmitten eines Dreieckssterns"}],
    ["D",{"Text":"Unten"}],
    ["D",{"Text":"Im Zentrum eines Sternensymbols \nauf dem GRAUEN Boden "}],
    ["D",{"Text":"Schwebender Stein über einem Mond"}],
    ["D",{"Text":"Die Spitze der ARK"}],
    ["D",{"Text":"In einem Stein auf einem Mondsymbol \nauf der höchsten Plattform"}],
    [{"Text":"Der riesige Lagerraum der ARK"}],
    [{"Text":"Auf dem Boden zwischen dem umge-\nkehrten blauen Turm und dem Stahlturm"}],
    [{"Text":"Im linken der riesigen Container"}],
    [{"Text":"Stählerner Wächter"}],
    [{"Text":"Auf dem Boden zwischen dem umge-\nkehrten blauen Turm und dem Stahlturm"}],
    [{"Text":"In den drei nebeneinanderstehenden \nriesigen Containern "}],
    ["D",{"Text":"Über dem schwebenden Tank!"}],
    ["D",{"Text":"Viele schwebende Plattformen"}],
    ["D",{"Text":"Auf der Plattform über dem \neinsamen schwebenden Container"}],
    ["D",{"Text":"Über dem schwebenden Tank!"}],
    ["D",{"Text":"Viele kleine schwebende Meteoriten"}],
    ["D",{"Text":"Auf einer Plattform über dem \neinsamen schwebenden Container"}],
    [{"Text":"Tic-tac-toe!"}],
    [{"Text":"Eine schwebende quadratische \nSteinplattform"}],
    [{"Text":"Brich einen Container auf \ndem Boden im Stahlturm auf ..."}],
    ["D",{"Text":"Der riesige Container der ARK"}],
    ["D",{"Text":"Unten"}],
    ["D",{"Text":"Stoß den gewaltigen Meteoriten \nvon Ladebucht \"0-5\""}],
    ["D",{"Text":"Der riesige Container der ARK"}],
    ["D",{"Text":"Unten"}],
    ["D",{"Text":"Stoß den gewaltigen Meteoriten \nvon Ladebucht \"0-5\""}],
    ["D",{"Text":"Ein Container in einem Container"}],
    ["D",{"Text":"Auf dem Boden zwischen dem umge-\nkehrten blauen Turm und dem Stahlturm"}],
    ["D",{"Text":"In den drei nebeneinanderstehenden \nriesigen Containern "}],
    ["D",{"Text":"In einem Container \nhinter einem Container"}],
    ["D",{"Text":"Auf dem Boden zwischen dem umge-\nkehrten blauen Turm und dem Stahlturm"}],
    ["D",{"Text":"Im rechten der beiden riesigen Container"}],
    [{"Text":"Ein Container, der nicht schwebt"}],
    [{"Text":"Eine große schwebende Plattform"}],
    [{"Text":"In einem Container auf einer \nPlattform mit sechs Kreisen"}],
    ["D",{"Text":"In den schwebenden Containern"}],
    ["D",{"Text":"Auf dem Boden zwischen dem umge-\nkehrten blauen Turm und dem Stahlturm"}],
    ["D",{"Text":"Die vierte große schwebende \nPlattform von unten"}],
    ["D",{"Text":"Neben der auf die ARK gerichteten Rakete"}],
    ["D",{"Text":"In den schwebenden Containern"}],
    ["D",{"Text":"Auf einer großen Plattform \nmit sechs Kreisen"}],
    [{"Text":"Ein schnell rotierender Meteorit"}],
    [{"Text":"Viele kleine Meteoriten"}],
    [{"Text":"Zerschmettere den rotierenden Meteoriten \nnahe der quadratischen Steinplattform "}],
    ["D",{"Text":"Ein schnell rotierender Meteorit"}],
    ["D",{"Text":"Viele kleine Meteoriten"}],
    ["D",{"Text":"Zerschmettere den rotierenden Meteoriten \nnahe der quadratischen Steinplattform "}],
    ["D",{"Text":"In einer Holzkiste"}],
    ["D",{"Text":"Unten "}],
    ["D",{"Text":"Eine Holzkiste neben dem gelben \nBulldozer auf dem GRAUEN Boden"}],
    [{"Text":"Hinter einem Stern"}],
    [{"Text":"Die Spitze der ARK"}],
    [{"Text":"Grabe hinter einem Balkon mit einem \nStern auf einem umgekehrten blauen Turm"}],
    [{"Text":"Grabe, während du \nden Mond beobachtest"}],
    [{"Text":"Eine große Plattform mit sechs Kreisen"}],
    [{"Text":"Grabe unter dem Mond auf der Wand bei \neiner großen Plattform mit einer Rakete"}],
    [{"Text":"Grabe, während du \ndie Sterne beobachtest"}],
    [{"Text":"Eine große Plattform mit sechs Kreisen"}],
    [{"Text":"Grabe unter dem Stern auf der Wand bei \neiner großen Plattform mit einer Rakete"}],
    [{"Text":"Grabe, während du \nden Mond beobachtest"}],
    [{"Text":"Eine große Plattform mit sechs Kreisen"}],
    [{"Text":"Grabe unter dem Mond bei einer großen \nPlattform ohne schwebende Container"}],
    [{"Text":"Grabe, während du \nden Mond beobachtest"}],
    [{"Text":"Eine große Plattform mit sechs Kreisen"}],
    [{"Text":"Grabe unter dem Mond bei einer großen \nPlattform ohne schwebende Container"}],
    [{"Text":"Grabe, während du \ndie Sterne beobachtest"}],
    [{"Text":"Eine große Plattform mit sechs Kreisen"}],
    [{"Text":"Grabe unter einem Stern auf der Wand \nbei einer Plattform mit einem Stahlträger"}],
    [{"Text":"Grabe, während du \nden Mond beobachtest"}],
    [{"Text":"Eine große Plattform mit sechs Kreisen"}],
    [{"Text":"Grabe unter einem Mond auf der Wand \nbei einer Plattform mit einem Stahlträger"}],
    [{"Text":"Grabe, während du \ndie Sterne beobachtest"}],
    [{"Text":"Eine goße Plattform mit sechs Kreisen"}],
    [{"Text":"Grabe unter dem Stern bei einer großen \nPlattform ohne schwebende Container"}],
    [{"Text":"Neben einem Mini-Stahlträger"}],
    [{"Text":"Eine große Plattform mit sechs Kreisen"}],
    [{"Text":"Grabe neben einem aus der \nWand ragenden Stahlträger"}],
    [{"Text":"Neben einem Mini-Stahlträger"}],
    [{"Text":"Eine große Plattform mit sechs Kreisen"}],
    [{"Text":"Grabe neben einem aus der \nWand ragenden Stahlträger"}],
    [{"Text":"Schatten eines schwebenden Tanks"}],
    [{"Text":"Viele kleine Meteoriten"}],
    [{"Text":"Grabe im Schatten eines schwebenden \nTanks auf einer Steinplattform"}],
    [{"Text":"Zwischen zwei rotierenden Signalleuchten"}],
    [{"Text":"Viele kleine Meteoriten"}],
    [{"Text":"Grabe zwischen zwei Signalleuchten auf \neiner Plattform mit einer Feder"}],
    [{"Text":"Schatten eines schwebenden Tanks"}],
    [{"Text":"ROTER Boden"}],
    [{"Text":"Grabe im Schatten eines schwebenden \nTanks unter drei Bögen"}],
    [{"Text":"Alleine kraftlos"}],
    [{"Text":"GELBER Boden"}],
    [{"Text":"Grabe unter dem sich bewegenden \nGewicht vor dem Bulldozer"}],
    [{"Text":"Mitte der rotierenden Signalleuchte"}],
    [{"Text":"Grenze des ROTEN \nund GELBEN Bodens"}],
    [{"Text":"Umgeben von vier Signalleuchten \nitgendwo bei Ladebucht \"0-5\" vergraben "}],
    [{"Text":"Zentrum eines quadratischen Schattens"}],
    [{"Text":"Auf dem GRAUEN Boden unten"}],
    [{"Text":"Grabe in der Mitte eines \nsich bewegenden Gewichtes"}],
    ["D",{"Text":"Unter einem Stern"}],
    ["D",{"Text":"Die Spitze von ARK"}],
    ["D",{"Text":"Grabe hinter einem Balkon mit einem \nStern auf einem umgekehrten blauen Turm"}],
    ["D",{"Text":"Zwischen Mond und Sternen"}],
    ["D",{"Text":"Die Spitze von ARK"}],
    ["D",{"Text":"Grabe zwischen Mond- und Sternen-\nsymbol auf der quadratischen Plattform"}],
    [{"Text":"Zwei gegen einen!"}],
    [{"Text":"Eine schwebende quadratische \nSteinplattform"}],
    [{"Text":"Zwei Sternen- und ein Mondsymbol auf \neiner Plattform. Grabe unter dem Mond "}],
    [{"Text":"Zwei Sterne und ein Mond"}],
    [{"Text":"Eine schwebende quadratische \nSteinplattform"}],
    [{"Text":"Zwei Sternen- und ein Mondsymbol auf \neiner Plattform. Grabe unter dem Mond "}],
    ["D",{"Text":"Ein Schalter in einem Käfig"}],
    ["D",{"Text":"Eine schwebende quadratische \nSteinplattform"}],
    ["D",{"Text":"Grabe bei dem Schalter im Käfig"}],
    ["D",{"Text":"Ein Stern und eine Rakete"}],
    ["D",{"Text":"Eine schwebende quadratische \nSteinplattform"}],
    ["D",{"Text":"Grabe unter dem Sternensymbol auf \neiner Plattform mit einer Rakete"}],
    ["D",{"Text":"Ein Mond und eine Rakete"}],
    ["D",{"Text":"Eine schwebende quadratische \nSteinplattform"}],
    ["D",{"Text":"Grabe unter dem Mondsymbol auf \neiner Plattform mit einer Rakete"}],
    [{"Text":"Einsamer Mond "}],
    [{"Text":"Nahe dem Stahlturm auf \ndem pyramidenförmigen Fuß"}],
    [{"Text":"Grabe im Zentrum der \nSteinplattform mit einem Mond"}],
    ["D",{"Text":"Am Fuß der rotierenden Signalleuchte"}],
    ["D",{"Text":"Eine schwebende quadratische \nSteinplattform"}],
    ["D",{"Text":"Grabe unter der Signalleuchte, die \naus der Mitte einer Plattform ragt"}],
    ["D",{"Text":"Ein Stern unter drei Bögen"}],
    ["D",{"Text":"Unten "}],
    ["D",{"Text":"Unter dem Sternensymbol nahe den \ndrei Bögen über dem ROTEN Boden"}],
    ["D",{"Text":"Hinter etwas Starkem"}],
    ["D",{"Text":"Auf dem GRAUEN Boden unten"}],
    ["D",{"Text":"Unter einem Mondsymbol \nhinter dem gelben Bulldozer"}],
    [{"Text":"Vor einer großen Tür, \ndie sich niemals öffnet"}],
    [{"Text":"GELBER Boden"}],
    [{"Text":"Grabe unter der Signalleuchte \nvor dem pyramidenförmigen Fuß"}],
    [{"Text":"Vor einer großen Tür, \ndie sich niemals öffnet"}],
    [{"Text":"GELBER Boden"}],
    [{"Text":"Grabe unter der Signalleuchte \nvor dem pyramidenförmigen Fuß"}],
    ["D",{"Text":"Zwillingssterne"}],
    ["D",{"Text":"Unten"}],
    ["D",{"Text":"Unter zwei Sternensymbolen \nüber dem GRAUEN Boden"}],
    ["D",{"Text":"Die erste Ebene"}],
    ["D",{"Text":"Unten"}],
    ["D",{"Text":"Unter einem Mondsymbol \nvor Ladebucht \"0-1\""}],
    ["D",{"Text":"Zwillingssterne"}],
    ["D",{"Text":"Unten"}],
    ["D",{"Text":"Unter zwei Sternensymbolen \nüber dem GRAUEN Boden"}],
    ["D",{"Text":"Ein schwebender Tank"}],
    ["D",{"Text":"Eine quadratische Steinplattform"}],
    ["D",{"Text":"Vergraben in einer Steinplattform mit \nStahlträgern, die ins Nichts führen "}],
    ["D",{"Text":"Eine leere Steinplattform"}],
    ["D",{"Text":"Eine quadratische Steinplattform"}],
    ["D",{"Text":"Vielleicht ist es in einer Steinplattform \nvergraben, auf der nichts steht..."}],
    ["D",{"Text":"Unter dem längsten Schatten"}],
    ["D",{"Text":"ROTER Boden"}],
    ["D",{"Text":"Vielleicht ist es unter dem mittleren Schatten der drei Bögen vergraben..."}],
    ["D",{"Text":"Unter dem längsten Schatten"}],
    ["D",{"Text":"ROTER Boden"}],
    ["D",{"Text":"Vielleicht ist es unter drei erleuchteten \nBögen vergraben, aber hat keinen Stern..."}],
    ["D",{"Text":"Nahe einer rotierenden Signalleuchte"}],
    ["D",{"Text":"Unten"}],
    ["D",{"Text":"Umgeben von vier Signalleuchten \nirgendwo bei Ladebucht \"0-5\" vergraben "}],
    ["D",{"Text":"Zentrum der Signalleuchte"}],
    ["D",{"Text":"Grenze des ROTEN \nund GELBEN Bodens"}],
    ["D",{"Text":"Umgeben von vier Signalleuchten \nirgendwo bei Ladebucht \"0-5\" vergraben "}],
    ["D",{"Text":"Zentrum eines Dreieckssterns"}],
    ["D",{"Text":"Unten"}],
    ["D",{"Text":"Vielleicht ist es in einem Dreiecksstern \nauf dem GRAUEN Boden vergraben..."}],
    ["D",{"Text":"In dem Armen von etwas Starkem"}],
    ["D",{"Text":"Unten"}],
    ["D",{"Text":"Nahe dem gelben Bulldozer auf \ndem GRAUEN Boden vergraben"}],
    ["D",{"Text":"Bewegt sich reibungslos auf  \nder Spitze der ARK "}],
    ["D",{"Text":"Ein hochgelegener Ort"}],
    ["D",{"Text":"Nimm die Rakete nach oben und geh \ndann auf die linke Seite der Plattform"}],
    ["D",{"Text":"Umgeben von sich drehenden Containern"}],
    ["D",{"Text":"Ein hochgelegener Ort"}],
    ["D",{"Text":"Auf einer Plattform mit vielen schwarzen \nContainern auf der Spitze der ARK"}],
    ["D",{"Text":"Bewegt sich im riesigen \nLagerraum der ARK herum"}],
    ["D",{"Text":"Auf dem Boden zwischen dem umge-\nkehrten blauen Turm und dem Stahlturm"}],
    ["D",{"Text":"Bewegt sich zwischen drei riesigen \nnebeneinanderstehenden Containern "}],
    [{"Text":"Bewegt sich vor einem \nschwebenden Tank herum"}],
    [{"Text":"Eine quadratische Steinplattform"}],
    [{"Text":"In einer Steinplattform mit Stahlträgern \nvergraben, die ins Nichts führen"}],
    ["D",{"Text":"Vor drei nebeneinanderstehenden \nTanks schwebend"}],
    ["D",{"Text":"Ein hochgelegener Ort"}],
    ["D",{"Text":"Eine große schwebende Plattform \nüber zwei riesigen Containern"}],
    ["D",{"Text":"Um den Mond schwebend"}],
    ["D",{"Text":"Viele kleine Meteoriten"}],
    ["D",{"Text":"Bewegt sich auf einer \nquadratischen Steinplattform "}],
    ["D",{"Text":"Umkreise die rotierende Signalleuchte"}],
    ["D",{"Text":"Viele kleine Meteoriten"}],
    ["D",{"Text":"Bewegt sich und rotiert mit einer Feder- \nspirale auf der quadratischen Plattform  "}],
    ["D",{"Text":"Zwischen der zweiten und dritten \nEbene umherwandernd"}],
    ["D",{"Text":"Nahe dem pyramidenförmigen Fuß"}],
    ["D",{"Text":"Bewegt sich entlang der Stange \nim Stahlturm auf und ab "}],
    [{"Text":"Auf der äußersten Spitze der ARK"}],
    [{"Text":"Ein hochgelegener Ort"}],
    [{"Text":"Bei der roten Spitze des \numgekehrten blauen Turms"}],
    [{"Text":"Ein Container auf der Spitze der ARK"}],
    [{"Text":"Ein hochgelegener Ort"}],
    [{"Text":"Auf den zwei riesigen Containern am \nFuß des umgekehrten blauen Turms"}],
    [{"Text":"Der Käfig in einem Container"}],
    [{"Text":"In einem Lagercontainer"}],
    [{"Text":"Verwende den Dreifachaufwärtshaken!"}],
    [{"Text":"Ein kurzer Blick auf den Meteoriten"}],
    [{"Text":"Ein hochgelegener Ort"}],
    [{"Text":"In einem Meteoriten, den du von einer \nRakete ins Zentrum der ARK aus siehst"}],
    [{"Text":"Springe vom Stern!"}],
    [{"Text":"Viele Meteoriten"}],
    [{"Text":"Der entfernteste Meteorit, \nden du nach dem Sprung siehst"}],
    [{"Text":"Springe vom Stern!"}],
    [{"Text":"Viele Meteoriten"}],
    [{"Text":"Der größte, am schnellsten rotierende \nMeteorit, den du nach dem Sprung siehst"}],
    [{"Text":"Springe vom Stern!"}],
    [{"Text":"Viele Meteoriten"}],
    [{"Text":"Der kleinste, am schnellsten rotierende \nMeteorit, den du nach dem Sprung siehst"}],
    [{"Text":"Nimm einen Meteoriten, \nder fliegt, wenn du ihn triffst!"}],
    [{"Text":"Pyramidenförmiger Fuß"}],
    [{"Text":"Wirf einen Meteoriten \ngegen die blinkende Tür"}],
    [{"Text":"Nimm einen Meteoriten, \nder fliegt, wenn du ihn triffst!"}],
    [{"Text":"Pyramidenförmiger Fuß"}],
    [{"Text":"Wirf einen Meteoriten gegen die \nblinkende Tür nahe dem Mondsymbol"}],
    [{"Text":"\"Sonnenbrille\""}],
    [{"Text":"Die Spitze des Stahlträgers"}],
    [{"Text":"Versuch, zur freihängenden \nFeder zu gelangen!"}],
    [{"Text":"Trage auf dem Mond deine \"Sonnenbrille\""}],
    [{"Text":"Der umgekehrte blaue Turm"}],
    [{"Text":"Hinter den Ringen, die du mit den \n\"Sonnenbrille\" vom Mond aus siehst"}],
    ["D",{"Text":"Gefährliche Flüssigkeit"}],
    ["D",{"Text":"Eine große schwebende Plattform "}],
    ["D",{"Text":"Besiege den Wassergegner!"}],
    ["D",{"Text":"Gefährliche Flüssigkeit"}],
    ["D",{"Text":"Ein Teil der ARK"}],
    ["D",{"Text":"Zerstöre den Wassergegner \nauf der Spitze der ARK"}],
    ["D",{"Text":"Gefährliche Wassertropfen"}],
    ["D",{"Text":"Ein hochgelegener Ort"}],
    ["D",{"Text":"Zerstöre den Wassergegner \nauf der Spitze der ARK"}],
    ["D",{"Text":"Eine GUN-Maschine beschützt ARK"}],
    ["D",{"Text":"Ein hochgelegener Ort"}],
    ["D",{"Text":"Zerstöre die GUN-Maschine \nauf der Spitze der ARK"}],
    ["D",{"Text":"Böse Wassertropfen"}],
    ["D",{"Text":"Unter der Ansammlung kleiner Meteoriten"}],
    ["D",{"Text":"Wassergegner auf einer Plattform mit \neiner Feder bei riesigen Containern "}],
    ["D",{"Text":"Etwas Versiegeltes"}],
    ["D",{"Text":"Unten"}],
    ["D",{"Text":"Befördere den Meteoriten in eine \nblaue Kiste in Ladebucht \"0-1\""}],
    ["D",{"Text":"Etwas Versiegeltes"}],
    ["D",{"Text":"Unten"}],
    ["D",{"Text":"Befördere den Meteoriten in eine \nblaue Kiste in Ladebucht \"0-1\""}],
    ["D",{"Text":""}],
    ["D",{"Text":""}],
    ["D",{"Text":""}],
    ["D",{"Text":""}],
    ["D",{"Text":""}],
    ["D",{"Text":""}],
    ["D",{"Text":""}],
    ["D",{"Text":""}],
    ["D",{"Text":""}],
    ["D",{"Text":""}],
    ["D",{"Text":""}],
    ["D",{"Text":""}],
    ["D",{"Text":""}],
    ["D",{"Text":""}],
    ["D",{"Text":""}],
    ["D",{"Text":""}],
    ["D",{"Text":""}],
    ["D",{"Text":""}],
    ["D",{"Text":""}],
    ["D",{"Text":""}],
    ["D",{"Text":""}],
    ["D",{"Text":""}],
    ["D",{"Text":""}],
    ["D",{"Text":""}],
    ["D",{"Text":""}],
    ["D",{"Text":""}],
    ["D",{"Text":""}],
    ["D",{"Text":""}],
    ["D",{"Text":""}],
    ["D",{"Text":""}],
    ["D",{"Text":""}],
    ["D",{"Text":""}],
    ["D",{"Text":""}],
    ["D",{"Text":""}],
    ["D",{"Text":""}],
    ["D",{"Text":""}],
    ["D",{"Text":""}],
    ["D",{"Text":""}],
    ["D",{"Text":""}],
    ["D",{"Text":""}],
    ["D",{"Text":""}],
    ["D",{"Text":""}],
    ["D",{"Text":""}],
    ["D",{"Text":""}],
    ["D",{"Text":""}],
    ["D",{"Text":""}],
    ["D",{"Text":""}],
    ["D",{"Text":""}],
    ["D",{"Text":""}],
    ["D",{"Text":""}],
    ["D",{"Text":""}],
    ["D",{"Text":""}],
    ["D",{"Text":""}],
    ["D",{"Text":""}],
    ["D",{"Text":""}],
    ["D",{"Text":""}],
    ["D",{"Text":""}],
    ["D",{"Text":""}],
    ["D",{"Text":""}],
    ["D",{"Text":""}],
    ["D",{"Text":""}],
    ["D",{"Text":""}],
    ["D",{"Text":""}],
    ["D",{"Text":""}],
    ["D",{"Text":""}],
    ["D",{"Text":""}],
    ["D",{"Text":""}],
    ["D",{"Text":""}],
    ["D",{"Text":""}],
    ["D",{"Text":""}],
    ["D",{"Text":""}],
    ["D",{"Text":""}],
    ["D",{"Text":""}],
    ["D",{"Text":""}],
    ["D",{"Text":""}],
    ["D",{"Text":""}],
    ["D",{"Text":""}],
    ["D",{"Text":""}],
    ["D",{"Text":""}],
    ["D",{"Text":""}],
    ["D",{"Text":""}],
    ["D",{"Text":""}],
    ["D",{"Text":""}],
    ["D",{"Text":""}],
    ["D",{"Text":""}],
    ["D",{"Text":""}],
    ["D",{"Text":""}],
    ["D",{"Text":""}],
    ["D",{"Text":""}],
    ["D",{"Text":""}],
    ["D",{"Text":""}],
    ["D",{"Text":""}],
    ["D",{"Text":""}],
    ["D",{"Text":""}],
    ["D",{"Text":""}],
    ["D",{"Text":""}],
    ["D",{"Text":""}],
    ["D",{"Text":""}],
    ["D",{"Text":""}],
    ["D",{"Text":""}],
    ["D",{"Text":""}],
    ["D",{"Text":""}]
  ]
}